2024-09-24 08:41:01,683 [Worker-11: Loading available Gradle versions] INFO  o.e.b.c.i.u.g.PublishedGradleVersions - Gradle version information cache is up-to-date. Trying to read.
2024-09-24 08:49:51,488 [ModalContext] INFO  o.e.m.c.i.e.AbstractTransferListenerAdapter - Downloading https://repo.maven.apache.org/maven2/com/haoxuer/maven/archetype/maven-archetype-simple/1.01/maven-archetype-simple-1.01.pom
2024-09-24 08:49:51,546 [ModalContext] INFO  o.e.m.c.i.e.AbstractTransferListenerAdapter - Downloaded https://repo.maven.apache.org/maven2/com/haoxuer/maven/archetype/maven-archetype-simple/1.01/maven-archetype-simple-1.01.pom
2024-09-24 08:49:51,672 [ModalContext] INFO  o.e.m.c.i.e.AbstractTransferListenerAdapter - Downloaded https://repo.maven.apache.org/maven2/com/haoxuer/maven/archetype/maven-archetype-bundles/1.01/maven-archetype-bundles-1.01.pom
2024-09-24 08:58:03,459 [Worker-40: Launching mavenrun-2d63a816-fcf7-4b4f-b1e3-403113462814] INFO  o.eclipse.m2e.core.internal.Bundles - getClasspathEntries(Bundle=org.eclipse.m2e.maven.runtime_3.9.900.20240824-1409 [641])
2024-09-24 08:58:03,465 [Worker-40: Launching mavenrun-2d63a816-fcf7-4b4f-b1e3-403113462814] INFO  o.eclipse.m2e.core.internal.Bundles - 	Entry: /Applications/Eclipse.app/Contents/Eclipse/plugins/org.eclipse.m2e.maven.runtime_3.9.900.20240824-1409
2024-09-24 08:58:03,468 [Worker-40: Launching mavenrun-2d63a816-fcf7-4b4f-b1e3-403113462814] INFO  o.eclipse.m2e.core.internal.Bundles - 	Entry: /Applications/Eclipse.app/Contents/Eclipse/plugins/org.eclipse.m2e.maven.runtime_3.9.900.20240824-1409/jars/aopalliance-1.0.jar
2024-09-24 08:58:03,468 [Worker-40: Launching mavenrun-2d63a816-fcf7-4b4f-b1e3-403113462814] INFO  o.eclipse.m2e.core.internal.Bundles - 	Entry: /Applications/Eclipse.app/Contents/Eclipse/plugins/org.eclipse.m2e.maven.runtime_3.9.900.20240824-1409/jars/guice-5.1.0.jar
2024-09-24 08:58:03,468 [Worker-40: Launching mavenrun-2d63a816-fcf7-4b4f-b1e3-403113462814] INFO  o.eclipse.m2e.core.internal.Bundles - 	Entry: /Applications/Eclipse.app/Contents/Eclipse/plugins/org.eclipse.m2e.maven.runtime_3.9.900.20240824-1409/jars/httpclient-4.5.14.jar
2024-09-24 08:58:03,468 [Worker-40: Launching mavenrun-2d63a816-fcf7-4b4f-b1e3-403113462814] INFO  o.eclipse.m2e.core.internal.Bundles - 	Entry: /Applications/Eclipse.app/Contents/Eclipse/plugins/org.eclipse.m2e.maven.runtime_3.9.900.20240824-1409/jars/httpcore-4.4.16.jar
2024-09-24 08:58:03,468 [Worker-40: Launching mavenrun-2d63a816-fcf7-4b4f-b1e3-403113462814] INFO  o.eclipse.m2e.core.internal.Bundles - 	Entry: /Applications/Eclipse.app/Contents/Eclipse/plugins/org.eclipse.m2e.maven.runtime_3.9.900.20240824-1409/jars/jansi-2.4.1.jar
2024-09-24 08:58:03,468 [Worker-40: Launching mavenrun-2d63a816-fcf7-4b4f-b1e3-403113462814] INFO  o.eclipse.m2e.core.internal.Bundles - 	Entry: /Applications/Eclipse.app/Contents/Eclipse/plugins/org.eclipse.m2e.maven.runtime_3.9.900.20240824-1409/jars/jcl-over-slf4j-1.7.36.jar
2024-09-24 08:58:03,468 [Worker-40: Launching mavenrun-2d63a816-fcf7-4b4f-b1e3-403113462814] INFO  o.eclipse.m2e.core.internal.Bundles - 	Entry: /Applications/Eclipse.app/Contents/Eclipse/plugins/org.eclipse.m2e.maven.runtime_3.9.900.20240824-1409/jars/maven-artifact-3.9.9.jar
2024-09-24 08:58:03,469 [Worker-40: Launching mavenrun-2d63a816-fcf7-4b4f-b1e3-403113462814] INFO  o.eclipse.m2e.core.internal.Bundles - 	Entry: /Applications/Eclipse.app/Contents/Eclipse/plugins/org.eclipse.m2e.maven.runtime_3.9.900.20240824-1409/jars/maven-builder-support-3.9.9.jar
2024-09-24 08:58:03,469 [Worker-40: Launching mavenrun-2d63a816-fcf7-4b4f-b1e3-403113462814] INFO  o.eclipse.m2e.core.internal.Bundles - 	Entry: /Applications/Eclipse.app/Contents/Eclipse/plugins/org.eclipse.m2e.maven.runtime_3.9.900.20240824-1409/jars/maven-compat-3.9.9.jar
2024-09-24 08:58:03,469 [Worker-40: Launching mavenrun-2d63a816-fcf7-4b4f-b1e3-403113462814] INFO  o.eclipse.m2e.core.internal.Bundles - 	Entry: /Applications/Eclipse.app/Contents/Eclipse/plugins/org.eclipse.m2e.maven.runtime_3.9.900.20240824-1409/jars/maven-core-3.9.9.jar
2024-09-24 08:58:03,469 [Worker-40: Launching mavenrun-2d63a816-fcf7-4b4f-b1e3-403113462814] INFO  o.eclipse.m2e.core.internal.Bundles - 	Entry: /Applications/Eclipse.app/Contents/Eclipse/plugins/org.eclipse.m2e.maven.runtime_3.9.900.20240824-1409/jars/maven-embedder-3.9.9.jar
2024-09-24 08:58:03,469 [Worker-40: Launching mavenrun-2d63a816-fcf7-4b4f-b1e3-403113462814] INFO  o.eclipse.m2e.core.internal.Bundles - 	Entry: /Applications/Eclipse.app/Contents/Eclipse/plugins/org.eclipse.m2e.maven.runtime_3.9.900.20240824-1409/jars/maven-model-3.9.9.jar
2024-09-24 08:58:03,469 [Worker-40: Launching mavenrun-2d63a816-fcf7-4b4f-b1e3-403113462814] INFO  o.eclipse.m2e.core.internal.Bundles - 	Entry: /Applications/Eclipse.app/Contents/Eclipse/plugins/org.eclipse.m2e.maven.runtime_3.9.900.20240824-1409/jars/maven-model-builder-3.9.9.jar
2024-09-24 08:58:03,469 [Worker-40: Launching mavenrun-2d63a816-fcf7-4b4f-b1e3-403113462814] INFO  o.eclipse.m2e.core.internal.Bundles - 	Entry: /Applications/Eclipse.app/Contents/Eclipse/plugins/org.eclipse.m2e.maven.runtime_3.9.900.20240824-1409/jars/maven-plugin-api-3.9.9.jar
2024-09-24 08:58:03,469 [Worker-40: Launching mavenrun-2d63a816-fcf7-4b4f-b1e3-403113462814] INFO  o.eclipse.m2e.core.internal.Bundles - 	Entry: /Applications/Eclipse.app/Contents/Eclipse/plugins/org.eclipse.m2e.maven.runtime_3.9.900.20240824-1409/jars/maven-repository-metadata-3.9.9.jar
2024-09-24 08:58:03,469 [Worker-40: Launching mavenrun-2d63a816-fcf7-4b4f-b1e3-403113462814] INFO  o.eclipse.m2e.core.internal.Bundles - 	Entry: /Applications/Eclipse.app/Contents/Eclipse/plugins/org.eclipse.m2e.maven.runtime_3.9.900.20240824-1409/jars/maven-resolver-api-1.9.22.jar
2024-09-24 08:58:03,469 [Worker-40: Launching mavenrun-2d63a816-fcf7-4b4f-b1e3-403113462814] INFO  o.eclipse.m2e.core.internal.Bundles - 	Entry: /Applications/Eclipse.app/Contents/Eclipse/plugins/org.eclipse.m2e.maven.runtime_3.9.900.20240824-1409/jars/maven-resolver-connector-basic-1.9.22.jar
2024-09-24 08:58:03,469 [Worker-40: Launching mavenrun-2d63a816-fcf7-4b4f-b1e3-403113462814] INFO  o.eclipse.m2e.core.internal.Bundles - 	Entry: /Applications/Eclipse.app/Contents/Eclipse/plugins/org.eclipse.m2e.maven.runtime_3.9.900.20240824-1409/jars/maven-resolver-impl-1.9.22.jar
2024-09-24 08:58:03,469 [Worker-40: Launching mavenrun-2d63a816-fcf7-4b4f-b1e3-403113462814] INFO  o.eclipse.m2e.core.internal.Bundles - 	Entry: /Applications/Eclipse.app/Contents/Eclipse/plugins/org.eclipse.m2e.maven.runtime_3.9.900.20240824-1409/jars/maven-resolver-named-locks-1.9.22.jar
2024-09-24 08:58:03,469 [Worker-40: Launching mavenrun-2d63a816-fcf7-4b4f-b1e3-403113462814] INFO  o.eclipse.m2e.core.internal.Bundles - 	Entry: /Applications/Eclipse.app/Contents/Eclipse/plugins/org.eclipse.m2e.maven.runtime_3.9.900.20240824-1409/jars/maven-resolver-provider-3.9.9.jar
2024-09-24 08:58:03,470 [Worker-40: Launching mavenrun-2d63a816-fcf7-4b4f-b1e3-403113462814] INFO  o.eclipse.m2e.core.internal.Bundles - 	Entry: /Applications/Eclipse.app/Contents/Eclipse/plugins/org.eclipse.m2e.maven.runtime_3.9.900.20240824-1409/jars/maven-resolver-spi-1.9.22.jar
2024-09-24 08:58:03,470 [Worker-40: Launching mavenrun-2d63a816-fcf7-4b4f-b1e3-403113462814] INFO  o.eclipse.m2e.core.internal.Bundles - 	Entry: /Applications/Eclipse.app/Contents/Eclipse/plugins/org.eclipse.m2e.maven.runtime_3.9.900.20240824-1409/jars/maven-resolver-transport-file-1.9.22.jar
2024-09-24 08:58:03,470 [Worker-40: Launching mavenrun-2d63a816-fcf7-4b4f-b1e3-403113462814] INFO  o.eclipse.m2e.core.internal.Bundles - 	Entry: /Applications/Eclipse.app/Contents/Eclipse/plugins/org.eclipse.m2e.maven.runtime_3.9.900.20240824-1409/jars/maven-resolver-transport-http-1.9.22.jar
2024-09-24 08:58:03,470 [Worker-40: Launching mavenrun-2d63a816-fcf7-4b4f-b1e3-403113462814] INFO  o.eclipse.m2e.core.internal.Bundles - 	Entry: /Applications/Eclipse.app/Contents/Eclipse/plugins/org.eclipse.m2e.maven.runtime_3.9.900.20240824-1409/jars/maven-resolver-transport-wagon-1.9.22.jar
2024-09-24 08:58:03,470 [Worker-40: Launching mavenrun-2d63a816-fcf7-4b4f-b1e3-403113462814] INFO  o.eclipse.m2e.core.internal.Bundles - 	Entry: /Applications/Eclipse.app/Contents/Eclipse/plugins/org.eclipse.m2e.maven.runtime_3.9.900.20240824-1409/jars/maven-resolver-util-1.9.22.jar
2024-09-24 08:58:03,470 [Worker-40: Launching mavenrun-2d63a816-fcf7-4b4f-b1e3-403113462814] INFO  o.eclipse.m2e.core.internal.Bundles - 	Entry: /Applications/Eclipse.app/Contents/Eclipse/plugins/org.eclipse.m2e.maven.runtime_3.9.900.20240824-1409/jars/maven-settings-3.9.9.jar
2024-09-24 08:58:03,470 [Worker-40: Launching mavenrun-2d63a816-fcf7-4b4f-b1e3-403113462814] INFO  o.eclipse.m2e.core.internal.Bundles - 	Entry: /Applications/Eclipse.app/Contents/Eclipse/plugins/org.eclipse.m2e.maven.runtime_3.9.900.20240824-1409/jars/maven-settings-builder-3.9.9.jar
2024-09-24 08:58:03,470 [Worker-40: Launching mavenrun-2d63a816-fcf7-4b4f-b1e3-403113462814] INFO  o.eclipse.m2e.core.internal.Bundles - 	Entry: /Applications/Eclipse.app/Contents/Eclipse/plugins/org.eclipse.m2e.maven.runtime_3.9.900.20240824-1409/jars/maven-shared-utils-3.4.2.jar
2024-09-24 08:58:03,470 [Worker-40: Launching mavenrun-2d63a816-fcf7-4b4f-b1e3-403113462814] INFO  o.eclipse.m2e.core.internal.Bundles - 	Entry: /Applications/Eclipse.app/Contents/Eclipse/plugins/org.eclipse.m2e.maven.runtime_3.9.900.20240824-1409/jars/org.eclipse.sisu.inject-0.9.0.M3.jar
2024-09-24 08:58:03,470 [Worker-40: Launching mavenrun-2d63a816-fcf7-4b4f-b1e3-403113462814] INFO  o.eclipse.m2e.core.internal.Bundles - 	Entry: /Applications/Eclipse.app/Contents/Eclipse/plugins/org.eclipse.m2e.maven.runtime_3.9.900.20240824-1409/jars/org.eclipse.sisu.plexus-0.9.0.M3.jar
2024-09-24 08:58:03,470 [Worker-40: Launching mavenrun-2d63a816-fcf7-4b4f-b1e3-403113462814] INFO  o.eclipse.m2e.core.internal.Bundles - 	Entry: /Applications/Eclipse.app/Contents/Eclipse/plugins/org.eclipse.m2e.maven.runtime_3.9.900.20240824-1409/jars/plexus-build-api-0.0.7.jar
2024-09-24 08:58:03,470 [Worker-40: Launching mavenrun-2d63a816-fcf7-4b4f-b1e3-403113462814] INFO  o.eclipse.m2e.core.internal.Bundles - 	Entry: /Applications/Eclipse.app/Contents/Eclipse/plugins/org.eclipse.m2e.maven.runtime_3.9.900.20240824-1409/jars/plexus-build-api-1.2.0.jar
2024-09-24 08:58:03,470 [Worker-40: Launching mavenrun-2d63a816-fcf7-4b4f-b1e3-403113462814] INFO  o.eclipse.m2e.core.internal.Bundles - 	Entry: /Applications/Eclipse.app/Contents/Eclipse/plugins/org.eclipse.m2e.maven.runtime_3.9.900.20240824-1409/jars/plexus-cipher-2.0.jar
2024-09-24 08:58:03,470 [Worker-40: Launching mavenrun-2d63a816-fcf7-4b4f-b1e3-403113462814] INFO  o.eclipse.m2e.core.internal.Bundles - 	Entry: /Applications/Eclipse.app/Contents/Eclipse/plugins/org.eclipse.m2e.maven.runtime_3.9.900.20240824-1409/jars/plexus-classworlds-2.8.0.jar
2024-09-24 08:58:03,470 [Worker-40: Launching mavenrun-2d63a816-fcf7-4b4f-b1e3-403113462814] INFO  o.eclipse.m2e.core.internal.Bundles - 	Entry: /Applications/Eclipse.app/Contents/Eclipse/plugins/org.eclipse.m2e.maven.runtime_3.9.900.20240824-1409/jars/plexus-component-annotations-2.1.0.jar
2024-09-24 08:58:03,470 [Worker-40: Launching mavenrun-2d63a816-fcf7-4b4f-b1e3-403113462814] INFO  o.eclipse.m2e.core.internal.Bundles - 	Entry: /Applications/Eclipse.app/Contents/Eclipse/plugins/org.eclipse.m2e.maven.runtime_3.9.900.20240824-1409/jars/plexus-interpolation-1.27.jar
2024-09-24 08:58:03,470 [Worker-40: Launching mavenrun-2d63a816-fcf7-4b4f-b1e3-403113462814] INFO  o.eclipse.m2e.core.internal.Bundles - 	Entry: /Applications/Eclipse.app/Contents/Eclipse/plugins/org.eclipse.m2e.maven.runtime_3.9.900.20240824-1409/jars/plexus-sec-dispatcher-2.0.jar
2024-09-24 08:58:03,470 [Worker-40: Launching mavenrun-2d63a816-fcf7-4b4f-b1e3-403113462814] INFO  o.eclipse.m2e.core.internal.Bundles - 	Entry: /Applications/Eclipse.app/Contents/Eclipse/plugins/org.eclipse.m2e.maven.runtime_3.9.900.20240824-1409/jars/plexus-utils-3.5.1.jar
2024-09-24 08:58:03,471 [Worker-40: Launching mavenrun-2d63a816-fcf7-4b4f-b1e3-403113462814] INFO  o.eclipse.m2e.core.internal.Bundles - 	Entry: /Applications/Eclipse.app/Contents/Eclipse/plugins/org.eclipse.m2e.maven.runtime_3.9.900.20240824-1409/jars/plexus-xml-3.0.1.jar
2024-09-24 08:58:03,471 [Worker-40: Launching mavenrun-2d63a816-fcf7-4b4f-b1e3-403113462814] INFO  o.eclipse.m2e.core.internal.Bundles - 	Entry: /Applications/Eclipse.app/Contents/Eclipse/plugins/org.eclipse.m2e.maven.runtime_3.9.900.20240824-1409/jars/wagon-file-3.5.3.jar
2024-09-24 08:58:03,471 [Worker-40: Launching mavenrun-2d63a816-fcf7-4b4f-b1e3-403113462814] INFO  o.eclipse.m2e.core.internal.Bundles - 	Entry: /Applications/Eclipse.app/Contents/Eclipse/plugins/org.eclipse.m2e.maven.runtime_3.9.900.20240824-1409/jars/wagon-http-3.5.3.jar
2024-09-24 08:58:03,471 [Worker-40: Launching mavenrun-2d63a816-fcf7-4b4f-b1e3-403113462814] INFO  o.eclipse.m2e.core.internal.Bundles - 	Entry: /Applications/Eclipse.app/Contents/Eclipse/plugins/org.eclipse.m2e.maven.runtime_3.9.900.20240824-1409/jars/wagon-http-shared-3.5.3.jar
2024-09-24 08:58:03,471 [Worker-40: Launching mavenrun-2d63a816-fcf7-4b4f-b1e3-403113462814] INFO  o.eclipse.m2e.core.internal.Bundles - 	Entry: /Applications/Eclipse.app/Contents/Eclipse/plugins/org.eclipse.m2e.maven.runtime_3.9.900.20240824-1409/jars/wagon-provider-api-3.5.3.jar
2024-09-24 08:58:03,474 [Worker-40: Launching mavenrun-2d63a816-fcf7-4b4f-b1e3-403113462814] INFO  o.eclipse.m2e.core.internal.Bundles - getClasspathEntries(Bundle=com.google.guava_33.3.0.jre [16])
2024-09-24 08:58:03,476 [Worker-40: Launching mavenrun-2d63a816-fcf7-4b4f-b1e3-403113462814] INFO  o.eclipse.m2e.core.internal.Bundles - 	Entry: /Applications/Eclipse.app/Contents/Eclipse/plugins/com.google.guava_33.3.0.jre.jar
2024-09-24 08:58:03,476 [Worker-40: Launching mavenrun-2d63a816-fcf7-4b4f-b1e3-403113462814] INFO  o.eclipse.m2e.core.internal.Bundles - getClasspathEntries(Bundle=slf4j.api_2.0.16 [1006])
2024-09-24 08:58:03,476 [Worker-40: Launching mavenrun-2d63a816-fcf7-4b4f-b1e3-403113462814] INFO  o.eclipse.m2e.core.internal.Bundles - 	Entry: /Applications/Eclipse.app/Contents/Eclipse/plugins/slf4j.api_2.0.16.jar
2024-09-24 08:58:03,476 [Worker-40: Launching mavenrun-2d63a816-fcf7-4b4f-b1e3-403113462814] INFO  o.eclipse.m2e.core.internal.Bundles - getClasspathEntries(Bundle=jakarta.inject.jakarta.inject-api_1.0.5 [34])
2024-09-24 08:58:03,476 [Worker-40: Launching mavenrun-2d63a816-fcf7-4b4f-b1e3-403113462814] INFO  o.eclipse.m2e.core.internal.Bundles - 	Entry: /Applications/Eclipse.app/Contents/Eclipse/plugins/jakarta.inject.jakarta.inject-api_1.0.5.jar
2024-09-24 08:58:03,476 [Worker-40: Launching mavenrun-2d63a816-fcf7-4b4f-b1e3-403113462814] INFO  o.eclipse.m2e.core.internal.Bundles - getClasspathEntries(Bundle=jakarta.annotation-api_1.3.5 [29])
2024-09-24 08:58:03,476 [Worker-40: Launching mavenrun-2d63a816-fcf7-4b4f-b1e3-403113462814] INFO  o.eclipse.m2e.core.internal.Bundles - 	Entry: /Applications/Eclipse.app/Contents/Eclipse/plugins/jakarta.annotation-api_1.3.5.jar
2024-09-24 08:58:03,476 [Worker-40: Launching mavenrun-2d63a816-fcf7-4b4f-b1e3-403113462814] INFO  o.eclipse.m2e.core.internal.Bundles - getClasspathEntries(Bundle=org.apache.commons.cli_1.9.0 [78])
2024-09-24 08:58:03,476 [Worker-40: Launching mavenrun-2d63a816-fcf7-4b4f-b1e3-403113462814] INFO  o.eclipse.m2e.core.internal.Bundles - 	Entry: /Applications/Eclipse.app/Contents/Eclipse/plugins/org.apache.commons.cli_1.9.0.jar
2024-09-24 08:58:03,476 [Worker-40: Launching mavenrun-2d63a816-fcf7-4b4f-b1e3-403113462814] INFO  o.eclipse.m2e.core.internal.Bundles - getClasspathEntries(Bundle=org.apache.commons.commons-codec_1.16.0 [81])
2024-09-24 08:58:03,477 [Worker-40: Launching mavenrun-2d63a816-fcf7-4b4f-b1e3-403113462814] INFO  o.eclipse.m2e.core.internal.Bundles - 	Entry: /Applications/Eclipse.app/Contents/Eclipse/plugins/org.apache.commons.commons-codec_1.16.0.jar
2024-09-24 08:58:03,477 [Worker-40: Launching mavenrun-2d63a816-fcf7-4b4f-b1e3-403113462814] INFO  o.eclipse.m2e.core.internal.Bundles - getClasspathEntries(Bundle=com.google.guava.failureaccess_1.0.2 [17])
2024-09-24 08:58:03,477 [Worker-40: Launching mavenrun-2d63a816-fcf7-4b4f-b1e3-403113462814] INFO  o.eclipse.m2e.core.internal.Bundles - 	Entry: /Applications/Eclipse.app/Contents/Eclipse/plugins/com.google.guava.failureaccess_1.0.2.jar
2024-09-24 08:58:03,487 [Worker-40: Launching mavenrun-2d63a816-fcf7-4b4f-b1e3-403113462814] INFO  o.e.m.i.launch.MavenLaunchDelegate - Run build in "/var/folders/pp/_qr_x5q16tl_m1yj2gm0b1cr0000gn/T/m2e-archetypeGenerator5400566393067495001":
2024-09-24 08:58:03,500 [Worker-40: Launching mavenrun-2d63a816-fcf7-4b4f-b1e3-403113462814] INFO  o.e.m.i.launch.MavenLaunchDelegate -  mvn  -DarchetypeGroupId=com.haoxuer.maven.archetype -DarchetypeArtifactId=maven-archetype-simple -DarchetypeVersion=1.01 -DgroupId=cos.bptn -DartifactId=bbtn-java -Dversion=0.0.1-SNAPSHOT -Dpackage=cx.bptn.course -DoutputDirectory=/Users/happinessndubisi/Documents/obsidi/workspace-academy-java -B -Dstyle.color=always -U archetype:generate
2024-09-24 09:08:25,510 [Worker-45: Launching mavenrun-9963e130-fc21-4c14-bb90-a0eba4c44e5e] INFO  o.eclipse.m2e.core.internal.Bundles - getClasspathEntries(Bundle=org.eclipse.m2e.maven.runtime_3.9.900.20240824-1409 [641])
2024-09-24 09:08:25,534 [Worker-45: Launching mavenrun-9963e130-fc21-4c14-bb90-a0eba4c44e5e] INFO  o.eclipse.m2e.core.internal.Bundles - 	Entry: /Applications/Eclipse.app/Contents/Eclipse/plugins/org.eclipse.m2e.maven.runtime_3.9.900.20240824-1409
2024-09-24 09:08:25,544 [Worker-45: Launching mavenrun-9963e130-fc21-4c14-bb90-a0eba4c44e5e] INFO  o.eclipse.m2e.core.internal.Bundles - 	Entry: /Applications/Eclipse.app/Contents/Eclipse/plugins/org.eclipse.m2e.maven.runtime_3.9.900.20240824-1409/jars/aopalliance-1.0.jar
2024-09-24 09:08:25,545 [Worker-45: Launching mavenrun-9963e130-fc21-4c14-bb90-a0eba4c44e5e] INFO  o.eclipse.m2e.core.internal.Bundles - 	Entry: /Applications/Eclipse.app/Contents/Eclipse/plugins/org.eclipse.m2e.maven.runtime_3.9.900.20240824-1409/jars/guice-5.1.0.jar
2024-09-24 09:08:25,545 [Worker-45: Launching mavenrun-9963e130-fc21-4c14-bb90-a0eba4c44e5e] INFO  o.eclipse.m2e.core.internal.Bundles - 	Entry: /Applications/Eclipse.app/Contents/Eclipse/plugins/org.eclipse.m2e.maven.runtime_3.9.900.20240824-1409/jars/httpclient-4.5.14.jar
2024-09-24 09:08:25,545 [Worker-45: Launching mavenrun-9963e130-fc21-4c14-bb90-a0eba4c44e5e] INFO  o.eclipse.m2e.core.internal.Bundles - 	Entry: /Applications/Eclipse.app/Contents/Eclipse/plugins/org.eclipse.m2e.maven.runtime_3.9.900.20240824-1409/jars/httpcore-4.4.16.jar
2024-09-24 09:08:25,545 [Worker-45: Launching mavenrun-9963e130-fc21-4c14-bb90-a0eba4c44e5e] INFO  o.eclipse.m2e.core.internal.Bundles - 	Entry: /Applications/Eclipse.app/Contents/Eclipse/plugins/org.eclipse.m2e.maven.runtime_3.9.900.20240824-1409/jars/jansi-2.4.1.jar
2024-09-24 09:08:25,545 [Worker-45: Launching mavenrun-9963e130-fc21-4c14-bb90-a0eba4c44e5e] INFO  o.eclipse.m2e.core.internal.Bundles - 	Entry: /Applications/Eclipse.app/Contents/Eclipse/plugins/org.eclipse.m2e.maven.runtime_3.9.900.20240824-1409/jars/jcl-over-slf4j-1.7.36.jar
2024-09-24 09:08:25,546 [Worker-45: Launching mavenrun-9963e130-fc21-4c14-bb90-a0eba4c44e5e] INFO  o.eclipse.m2e.core.internal.Bundles - 	Entry: /Applications/Eclipse.app/Contents/Eclipse/plugins/org.eclipse.m2e.maven.runtime_3.9.900.20240824-1409/jars/maven-artifact-3.9.9.jar
2024-09-24 09:08:25,546 [Worker-45: Launching mavenrun-9963e130-fc21-4c14-bb90-a0eba4c44e5e] INFO  o.eclipse.m2e.core.internal.Bundles - 	Entry: /Applications/Eclipse.app/Contents/Eclipse/plugins/org.eclipse.m2e.maven.runtime_3.9.900.20240824-1409/jars/maven-builder-support-3.9.9.jar
2024-09-24 09:08:25,546 [Worker-45: Launching mavenrun-9963e130-fc21-4c14-bb90-a0eba4c44e5e] INFO  o.eclipse.m2e.core.internal.Bundles - 	Entry: /Applications/Eclipse.app/Contents/Eclipse/plugins/org.eclipse.m2e.maven.runtime_3.9.900.20240824-1409/jars/maven-compat-3.9.9.jar
2024-09-24 09:08:25,546 [Worker-45: Launching mavenrun-9963e130-fc21-4c14-bb90-a0eba4c44e5e] INFO  o.eclipse.m2e.core.internal.Bundles - 	Entry: /Applications/Eclipse.app/Contents/Eclipse/plugins/org.eclipse.m2e.maven.runtime_3.9.900.20240824-1409/jars/maven-core-3.9.9.jar
2024-09-24 09:08:25,546 [Worker-45: Launching mavenrun-9963e130-fc21-4c14-bb90-a0eba4c44e5e] INFO  o.eclipse.m2e.core.internal.Bundles - 	Entry: /Applications/Eclipse.app/Contents/Eclipse/plugins/org.eclipse.m2e.maven.runtime_3.9.900.20240824-1409/jars/maven-embedder-3.9.9.jar
2024-09-24 09:08:25,546 [Worker-45: Launching mavenrun-9963e130-fc21-4c14-bb90-a0eba4c44e5e] INFO  o.eclipse.m2e.core.internal.Bundles - 	Entry: /Applications/Eclipse.app/Contents/Eclipse/plugins/org.eclipse.m2e.maven.runtime_3.9.900.20240824-1409/jars/maven-model-3.9.9.jar
2024-09-24 09:08:25,546 [Worker-45: Launching mavenrun-9963e130-fc21-4c14-bb90-a0eba4c44e5e] INFO  o.eclipse.m2e.core.internal.Bundles - 	Entry: /Applications/Eclipse.app/Contents/Eclipse/plugins/org.eclipse.m2e.maven.runtime_3.9.900.20240824-1409/jars/maven-model-builder-3.9.9.jar
2024-09-24 09:08:25,546 [Worker-45: Launching mavenrun-9963e130-fc21-4c14-bb90-a0eba4c44e5e] INFO  o.eclipse.m2e.core.internal.Bundles - 	Entry: /Applications/Eclipse.app/Contents/Eclipse/plugins/org.eclipse.m2e.maven.runtime_3.9.900.20240824-1409/jars/maven-plugin-api-3.9.9.jar
2024-09-24 09:08:25,547 [Worker-45: Launching mavenrun-9963e130-fc21-4c14-bb90-a0eba4c44e5e] INFO  o.eclipse.m2e.core.internal.Bundles - 	Entry: /Applications/Eclipse.app/Contents/Eclipse/plugins/org.eclipse.m2e.maven.runtime_3.9.900.20240824-1409/jars/maven-repository-metadata-3.9.9.jar
2024-09-24 09:08:25,547 [Worker-45: Launching mavenrun-9963e130-fc21-4c14-bb90-a0eba4c44e5e] INFO  o.eclipse.m2e.core.internal.Bundles - 	Entry: /Applications/Eclipse.app/Contents/Eclipse/plugins/org.eclipse.m2e.maven.runtime_3.9.900.20240824-1409/jars/maven-resolver-api-1.9.22.jar
2024-09-24 09:08:25,547 [Worker-45: Launching mavenrun-9963e130-fc21-4c14-bb90-a0eba4c44e5e] INFO  o.eclipse.m2e.core.internal.Bundles - 	Entry: /Applications/Eclipse.app/Contents/Eclipse/plugins/org.eclipse.m2e.maven.runtime_3.9.900.20240824-1409/jars/maven-resolver-connector-basic-1.9.22.jar
2024-09-24 09:08:25,547 [Worker-45: Launching mavenrun-9963e130-fc21-4c14-bb90-a0eba4c44e5e] INFO  o.eclipse.m2e.core.internal.Bundles - 	Entry: /Applications/Eclipse.app/Contents/Eclipse/plugins/org.eclipse.m2e.maven.runtime_3.9.900.20240824-1409/jars/maven-resolver-impl-1.9.22.jar
2024-09-24 09:08:25,547 [Worker-45: Launching mavenrun-9963e130-fc21-4c14-bb90-a0eba4c44e5e] INFO  o.eclipse.m2e.core.internal.Bundles - 	Entry: /Applications/Eclipse.app/Contents/Eclipse/plugins/org.eclipse.m2e.maven.runtime_3.9.900.20240824-1409/jars/maven-resolver-named-locks-1.9.22.jar
2024-09-24 09:08:25,547 [Worker-45: Launching mavenrun-9963e130-fc21-4c14-bb90-a0eba4c44e5e] INFO  o.eclipse.m2e.core.internal.Bundles - 	Entry: /Applications/Eclipse.app/Contents/Eclipse/plugins/org.eclipse.m2e.maven.runtime_3.9.900.20240824-1409/jars/maven-resolver-provider-3.9.9.jar
2024-09-24 09:08:25,547 [Worker-45: Launching mavenrun-9963e130-fc21-4c14-bb90-a0eba4c44e5e] INFO  o.eclipse.m2e.core.internal.Bundles - 	Entry: /Applications/Eclipse.app/Contents/Eclipse/plugins/org.eclipse.m2e.maven.runtime_3.9.900.20240824-1409/jars/maven-resolver-spi-1.9.22.jar
2024-09-24 09:08:25,547 [Worker-45: Launching mavenrun-9963e130-fc21-4c14-bb90-a0eba4c44e5e] INFO  o.eclipse.m2e.core.internal.Bundles - 	Entry: /Applications/Eclipse.app/Contents/Eclipse/plugins/org.eclipse.m2e.maven.runtime_3.9.900.20240824-1409/jars/maven-resolver-transport-file-1.9.22.jar
2024-09-24 09:08:25,547 [Worker-45: Launching mavenrun-9963e130-fc21-4c14-bb90-a0eba4c44e5e] INFO  o.eclipse.m2e.core.internal.Bundles - 	Entry: /Applications/Eclipse.app/Contents/Eclipse/plugins/org.eclipse.m2e.maven.runtime_3.9.900.20240824-1409/jars/maven-resolver-transport-http-1.9.22.jar
2024-09-24 09:08:25,547 [Worker-45: Launching mavenrun-9963e130-fc21-4c14-bb90-a0eba4c44e5e] INFO  o.eclipse.m2e.core.internal.Bundles - 	Entry: /Applications/Eclipse.app/Contents/Eclipse/plugins/org.eclipse.m2e.maven.runtime_3.9.900.20240824-1409/jars/maven-resolver-transport-wagon-1.9.22.jar
2024-09-24 09:08:25,547 [Worker-45: Launching mavenrun-9963e130-fc21-4c14-bb90-a0eba4c44e5e] INFO  o.eclipse.m2e.core.internal.Bundles - 	Entry: /Applications/Eclipse.app/Contents/Eclipse/plugins/org.eclipse.m2e.maven.runtime_3.9.900.20240824-1409/jars/maven-resolver-util-1.9.22.jar
2024-09-24 09:08:25,548 [Worker-45: Launching mavenrun-9963e130-fc21-4c14-bb90-a0eba4c44e5e] INFO  o.eclipse.m2e.core.internal.Bundles - 	Entry: /Applications/Eclipse.app/Contents/Eclipse/plugins/org.eclipse.m2e.maven.runtime_3.9.900.20240824-1409/jars/maven-settings-3.9.9.jar
2024-09-24 09:08:25,548 [Worker-45: Launching mavenrun-9963e130-fc21-4c14-bb90-a0eba4c44e5e] INFO  o.eclipse.m2e.core.internal.Bundles - 	Entry: /Applications/Eclipse.app/Contents/Eclipse/plugins/org.eclipse.m2e.maven.runtime_3.9.900.20240824-1409/jars/maven-settings-builder-3.9.9.jar
2024-09-24 09:08:25,548 [Worker-45: Launching mavenrun-9963e130-fc21-4c14-bb90-a0eba4c44e5e] INFO  o.eclipse.m2e.core.internal.Bundles - 	Entry: /Applications/Eclipse.app/Contents/Eclipse/plugins/org.eclipse.m2e.maven.runtime_3.9.900.20240824-1409/jars/maven-shared-utils-3.4.2.jar
2024-09-24 09:08:25,548 [Worker-45: Launching mavenrun-9963e130-fc21-4c14-bb90-a0eba4c44e5e] INFO  o.eclipse.m2e.core.internal.Bundles - 	Entry: /Applications/Eclipse.app/Contents/Eclipse/plugins/org.eclipse.m2e.maven.runtime_3.9.900.20240824-1409/jars/org.eclipse.sisu.inject-0.9.0.M3.jar
2024-09-24 09:08:25,548 [Worker-45: Launching mavenrun-9963e130-fc21-4c14-bb90-a0eba4c44e5e] INFO  o.eclipse.m2e.core.internal.Bundles - 	Entry: /Applications/Eclipse.app/Contents/Eclipse/plugins/org.eclipse.m2e.maven.runtime_3.9.900.20240824-1409/jars/org.eclipse.sisu.plexus-0.9.0.M3.jar
2024-09-24 09:08:25,548 [Worker-45: Launching mavenrun-9963e130-fc21-4c14-bb90-a0eba4c44e5e] INFO  o.eclipse.m2e.core.internal.Bundles - 	Entry: /Applications/Eclipse.app/Contents/Eclipse/plugins/org.eclipse.m2e.maven.runtime_3.9.900.20240824-1409/jars/plexus-build-api-0.0.7.jar
2024-09-24 09:08:25,548 [Worker-45: Launching mavenrun-9963e130-fc21-4c14-bb90-a0eba4c44e5e] INFO  o.eclipse.m2e.core.internal.Bundles - 	Entry: /Applications/Eclipse.app/Contents/Eclipse/plugins/org.eclipse.m2e.maven.runtime_3.9.900.20240824-1409/jars/plexus-build-api-1.2.0.jar
2024-09-24 09:08:25,548 [Worker-45: Launching mavenrun-9963e130-fc21-4c14-bb90-a0eba4c44e5e] INFO  o.eclipse.m2e.core.internal.Bundles - 	Entry: /Applications/Eclipse.app/Contents/Eclipse/plugins/org.eclipse.m2e.maven.runtime_3.9.900.20240824-1409/jars/plexus-cipher-2.0.jar
2024-09-24 09:08:25,548 [Worker-45: Launching mavenrun-9963e130-fc21-4c14-bb90-a0eba4c44e5e] INFO  o.eclipse.m2e.core.internal.Bundles - 	Entry: /Applications/Eclipse.app/Contents/Eclipse/plugins/org.eclipse.m2e.maven.runtime_3.9.900.20240824-1409/jars/plexus-classworlds-2.8.0.jar
2024-09-24 09:08:25,548 [Worker-45: Launching mavenrun-9963e130-fc21-4c14-bb90-a0eba4c44e5e] INFO  o.eclipse.m2e.core.internal.Bundles - 	Entry: /Applications/Eclipse.app/Contents/Eclipse/plugins/org.eclipse.m2e.maven.runtime_3.9.900.20240824-1409/jars/plexus-component-annotations-2.1.0.jar
2024-09-24 09:08:25,548 [Worker-45: Launching mavenrun-9963e130-fc21-4c14-bb90-a0eba4c44e5e] INFO  o.eclipse.m2e.core.internal.Bundles - 	Entry: /Applications/Eclipse.app/Contents/Eclipse/plugins/org.eclipse.m2e.maven.runtime_3.9.900.20240824-1409/jars/plexus-interpolation-1.27.jar
2024-09-24 09:08:25,548 [Worker-45: Launching mavenrun-9963e130-fc21-4c14-bb90-a0eba4c44e5e] INFO  o.eclipse.m2e.core.internal.Bundles - 	Entry: /Applications/Eclipse.app/Contents/Eclipse/plugins/org.eclipse.m2e.maven.runtime_3.9.900.20240824-1409/jars/plexus-sec-dispatcher-2.0.jar
2024-09-24 09:08:25,548 [Worker-45: Launching mavenrun-9963e130-fc21-4c14-bb90-a0eba4c44e5e] INFO  o.eclipse.m2e.core.internal.Bundles - 	Entry: /Applications/Eclipse.app/Contents/Eclipse/plugins/org.eclipse.m2e.maven.runtime_3.9.900.20240824-1409/jars/plexus-utils-3.5.1.jar
2024-09-24 09:08:25,548 [Worker-45: Launching mavenrun-9963e130-fc21-4c14-bb90-a0eba4c44e5e] INFO  o.eclipse.m2e.core.internal.Bundles - 	Entry: /Applications/Eclipse.app/Contents/Eclipse/plugins/org.eclipse.m2e.maven.runtime_3.9.900.20240824-1409/jars/plexus-xml-3.0.1.jar
2024-09-24 09:08:25,548 [Worker-45: Launching mavenrun-9963e130-fc21-4c14-bb90-a0eba4c44e5e] INFO  o.eclipse.m2e.core.internal.Bundles - 	Entry: /Applications/Eclipse.app/Contents/Eclipse/plugins/org.eclipse.m2e.maven.runtime_3.9.900.20240824-1409/jars/wagon-file-3.5.3.jar
2024-09-24 09:08:25,548 [Worker-45: Launching mavenrun-9963e130-fc21-4c14-bb90-a0eba4c44e5e] INFO  o.eclipse.m2e.core.internal.Bundles - 	Entry: /Applications/Eclipse.app/Contents/Eclipse/plugins/org.eclipse.m2e.maven.runtime_3.9.900.20240824-1409/jars/wagon-http-3.5.3.jar
2024-09-24 09:08:25,548 [Worker-45: Launching mavenrun-9963e130-fc21-4c14-bb90-a0eba4c44e5e] INFO  o.eclipse.m2e.core.internal.Bundles - 	Entry: /Applications/Eclipse.app/Contents/Eclipse/plugins/org.eclipse.m2e.maven.runtime_3.9.900.20240824-1409/jars/wagon-http-shared-3.5.3.jar
2024-09-24 09:08:25,548 [Worker-45: Launching mavenrun-9963e130-fc21-4c14-bb90-a0eba4c44e5e] INFO  o.eclipse.m2e.core.internal.Bundles - 	Entry: /Applications/Eclipse.app/Contents/Eclipse/plugins/org.eclipse.m2e.maven.runtime_3.9.900.20240824-1409/jars/wagon-provider-api-3.5.3.jar
2024-09-24 09:08:25,554 [Worker-45: Launching mavenrun-9963e130-fc21-4c14-bb90-a0eba4c44e5e] INFO  o.eclipse.m2e.core.internal.Bundles - getClasspathEntries(Bundle=com.google.guava_33.3.0.jre [16])
2024-09-24 09:08:25,555 [Worker-45: Launching mavenrun-9963e130-fc21-4c14-bb90-a0eba4c44e5e] INFO  o.eclipse.m2e.core.internal.Bundles - 	Entry: /Applications/Eclipse.app/Contents/Eclipse/plugins/com.google.guava_33.3.0.jre.jar
2024-09-24 09:08:25,555 [Worker-45: Launching mavenrun-9963e130-fc21-4c14-bb90-a0eba4c44e5e] INFO  o.eclipse.m2e.core.internal.Bundles - getClasspathEntries(Bundle=slf4j.api_2.0.16 [1006])
2024-09-24 09:08:25,555 [Worker-45: Launching mavenrun-9963e130-fc21-4c14-bb90-a0eba4c44e5e] INFO  o.eclipse.m2e.core.internal.Bundles - 	Entry: /Applications/Eclipse.app/Contents/Eclipse/plugins/slf4j.api_2.0.16.jar
2024-09-24 09:08:25,555 [Worker-45: Launching mavenrun-9963e130-fc21-4c14-bb90-a0eba4c44e5e] INFO  o.eclipse.m2e.core.internal.Bundles - getClasspathEntries(Bundle=jakarta.inject.jakarta.inject-api_1.0.5 [34])
2024-09-24 09:08:25,555 [Worker-45: Launching mavenrun-9963e130-fc21-4c14-bb90-a0eba4c44e5e] INFO  o.eclipse.m2e.core.internal.Bundles - 	Entry: /Applications/Eclipse.app/Contents/Eclipse/plugins/jakarta.inject.jakarta.inject-api_1.0.5.jar
2024-09-24 09:08:25,556 [Worker-45: Launching mavenrun-9963e130-fc21-4c14-bb90-a0eba4c44e5e] INFO  o.eclipse.m2e.core.internal.Bundles - getClasspathEntries(Bundle=jakarta.annotation-api_1.3.5 [29])
2024-09-24 09:08:25,556 [Worker-45: Launching mavenrun-9963e130-fc21-4c14-bb90-a0eba4c44e5e] INFO  o.eclipse.m2e.core.internal.Bundles - 	Entry: /Applications/Eclipse.app/Contents/Eclipse/plugins/jakarta.annotation-api_1.3.5.jar
2024-09-24 09:08:25,556 [Worker-45: Launching mavenrun-9963e130-fc21-4c14-bb90-a0eba4c44e5e] INFO  o.eclipse.m2e.core.internal.Bundles - getClasspathEntries(Bundle=org.apache.commons.cli_1.9.0 [78])
2024-09-24 09:08:25,556 [Worker-45: Launching mavenrun-9963e130-fc21-4c14-bb90-a0eba4c44e5e] INFO  o.eclipse.m2e.core.internal.Bundles - 	Entry: /Applications/Eclipse.app/Contents/Eclipse/plugins/org.apache.commons.cli_1.9.0.jar
2024-09-24 09:08:25,556 [Worker-45: Launching mavenrun-9963e130-fc21-4c14-bb90-a0eba4c44e5e] INFO  o.eclipse.m2e.core.internal.Bundles - getClasspathEntries(Bundle=org.apache.commons.commons-codec_1.16.0 [81])
2024-09-24 09:08:25,556 [Worker-45: Launching mavenrun-9963e130-fc21-4c14-bb90-a0eba4c44e5e] INFO  o.eclipse.m2e.core.internal.Bundles - 	Entry: /Applications/Eclipse.app/Contents/Eclipse/plugins/org.apache.commons.commons-codec_1.16.0.jar
2024-09-24 09:08:25,556 [Worker-45: Launching mavenrun-9963e130-fc21-4c14-bb90-a0eba4c44e5e] INFO  o.eclipse.m2e.core.internal.Bundles - getClasspathEntries(Bundle=com.google.guava.failureaccess_1.0.2 [17])
2024-09-24 09:08:25,556 [Worker-45: Launching mavenrun-9963e130-fc21-4c14-bb90-a0eba4c44e5e] INFO  o.eclipse.m2e.core.internal.Bundles - 	Entry: /Applications/Eclipse.app/Contents/Eclipse/plugins/com.google.guava.failureaccess_1.0.2.jar
2024-09-24 09:08:25,569 [Worker-45: Launching mavenrun-9963e130-fc21-4c14-bb90-a0eba4c44e5e] INFO  o.e.m.i.launch.MavenLaunchDelegate - Run build in "/var/folders/pp/_qr_x5q16tl_m1yj2gm0b1cr0000gn/T/m2e-archetypeGenerator521966879025954909":
2024-09-24 09:08:25,570 [Worker-45: Launching mavenrun-9963e130-fc21-4c14-bb90-a0eba4c44e5e] INFO  o.e.m.i.launch.MavenLaunchDelegate -  mvn  -DarchetypeGroupId=com.haoxuer.maven.archetype -DarchetypeArtifactId=maven-archetype-simple -DarchetypeVersion=1.01 -DgroupId=com.bptn -DartifactId=bptn.java -Dversion=0.0.1-SNAPSHOT -Dpackage=com.bptn.course -DoutputDirectory=/Users/happinessndubisi/Documents/obsidi/workspace-academy-java -B -Dstyle.color=always -U archetype:generate
2024-09-24 09:11:29,756 [ModalContext] INFO  o.e.m.c.i.e.AbstractTransferListenerAdapter - Downloading https://repo.maven.apache.org/maven2/org/apache/maven/archetypes/maven-archetype-simple/1.5/maven-archetype-simple-1.5.pom
2024-09-24 09:11:29,764 [ModalContext] INFO  o.e.m.c.i.e.AbstractTransferListenerAdapter - Downloaded https://repo.maven.apache.org/maven2/org/apache/maven/archetypes/maven-archetype-simple/1.5/maven-archetype-simple-1.5.pom
2024-09-24 09:11:29,812 [ModalContext] INFO  o.e.m.c.i.e.AbstractTransferListenerAdapter - Downloading https://repo.maven.apache.org/maven2/org/apache/maven/archetypes/maven-archetype-bundles/1.5/maven-archetype-bundles-1.5.pom
2024-09-24 09:11:29,815 [ModalContext] INFO  o.e.m.c.i.e.AbstractTransferListenerAdapter - Downloaded https://repo.maven.apache.org/maven2/org/apache/maven/archetypes/maven-archetype-bundles/1.5/maven-archetype-bundles-1.5.pom
2024-09-24 09:11:29,857 [ModalContext] INFO  o.e.m.c.i.e.AbstractTransferListenerAdapter - Downloading https://repo.maven.apache.org/maven2/org/apache/maven/maven-parent/43/maven-parent-43.pom
2024-09-24 09:11:29,882 [ModalContext] INFO  o.e.m.c.i.e.AbstractTransferListenerAdapter - Downloaded https://repo.maven.apache.org/maven2/org/apache/maven/maven-parent/43/maven-parent-43.pom
2024-09-24 09:11:29,931 [ModalContext] INFO  o.e.m.c.i.e.AbstractTransferListenerAdapter - Downloading https://repo.maven.apache.org/maven2/org/apache/apache/33/apache-33.pom
2024-09-24 09:11:29,933 [ModalContext] INFO  o.e.m.c.i.e.AbstractTransferListenerAdapter - Downloaded https://repo.maven.apache.org/maven2/org/apache/apache/33/apache-33.pom
2024-09-24 09:11:29,992 [ModalContext] INFO  o.e.m.c.i.e.AbstractTransferListenerAdapter - Downloading https://repo.maven.apache.org/maven2/org/junit/junit-bom/5.10.3/junit-bom-5.10.3.pom
2024-09-24 09:11:29,994 [ModalContext] INFO  o.e.m.c.i.e.AbstractTransferListenerAdapter - Downloaded https://repo.maven.apache.org/maven2/org/junit/junit-bom/5.10.3/junit-bom-5.10.3.pom
2024-09-24 09:11:30,040 [ModalContext] INFO  o.e.m.c.i.e.AbstractTransferListenerAdapter - Downloading https://repo.maven.apache.org/maven2/org/apache/maven/archetypes/maven-archetype-simple/1.5/maven-archetype-simple-1.5.jar
2024-09-24 09:11:30,042 [ModalContext] INFO  o.e.m.c.i.e.AbstractTransferListenerAdapter - Downloaded https://repo.maven.apache.org/maven2/org/apache/maven/archetypes/maven-archetype-simple/1.5/maven-archetype-simple-1.5.jar
2024-09-24 09:11:56,293 [Worker-48: Launching mavenrun-5e393488-4a78-4bdf-a12d-74bf71512eba] INFO  o.eclipse.m2e.core.internal.Bundles - getClasspathEntries(Bundle=org.eclipse.m2e.maven.runtime_3.9.900.20240824-1409 [641])
2024-09-24 09:11:56,295 [Worker-48: Launching mavenrun-5e393488-4a78-4bdf-a12d-74bf71512eba] INFO  o.eclipse.m2e.core.internal.Bundles - 	Entry: /Applications/Eclipse.app/Contents/Eclipse/plugins/org.eclipse.m2e.maven.runtime_3.9.900.20240824-1409
2024-09-24 09:11:56,296 [Worker-48: Launching mavenrun-5e393488-4a78-4bdf-a12d-74bf71512eba] INFO  o.eclipse.m2e.core.internal.Bundles - 	Entry: /Applications/Eclipse.app/Contents/Eclipse/plugins/org.eclipse.m2e.maven.runtime_3.9.900.20240824-1409/jars/aopalliance-1.0.jar
2024-09-24 09:11:56,297 [Worker-48: Launching mavenrun-5e393488-4a78-4bdf-a12d-74bf71512eba] INFO  o.eclipse.m2e.core.internal.Bundles - 	Entry: /Applications/Eclipse.app/Contents/Eclipse/plugins/org.eclipse.m2e.maven.runtime_3.9.900.20240824-1409/jars/guice-5.1.0.jar
2024-09-24 09:11:56,297 [Worker-48: Launching mavenrun-5e393488-4a78-4bdf-a12d-74bf71512eba] INFO  o.eclipse.m2e.core.internal.Bundles - 	Entry: /Applications/Eclipse.app/Contents/Eclipse/plugins/org.eclipse.m2e.maven.runtime_3.9.900.20240824-1409/jars/httpclient-4.5.14.jar
2024-09-24 09:11:56,297 [Worker-48: Launching mavenrun-5e393488-4a78-4bdf-a12d-74bf71512eba] INFO  o.eclipse.m2e.core.internal.Bundles - 	Entry: /Applications/Eclipse.app/Contents/Eclipse/plugins/org.eclipse.m2e.maven.runtime_3.9.900.20240824-1409/jars/httpcore-4.4.16.jar
2024-09-24 09:11:56,297 [Worker-48: Launching mavenrun-5e393488-4a78-4bdf-a12d-74bf71512eba] INFO  o.eclipse.m2e.core.internal.Bundles - 	Entry: /Applications/Eclipse.app/Contents/Eclipse/plugins/org.eclipse.m2e.maven.runtime_3.9.900.20240824-1409/jars/jansi-2.4.1.jar
2024-09-24 09:11:56,297 [Worker-48: Launching mavenrun-5e393488-4a78-4bdf-a12d-74bf71512eba] INFO  o.eclipse.m2e.core.internal.Bundles - 	Entry: /Applications/Eclipse.app/Contents/Eclipse/plugins/org.eclipse.m2e.maven.runtime_3.9.900.20240824-1409/jars/jcl-over-slf4j-1.7.36.jar
2024-09-24 09:11:56,297 [Worker-48: Launching mavenrun-5e393488-4a78-4bdf-a12d-74bf71512eba] INFO  o.eclipse.m2e.core.internal.Bundles - 	Entry: /Applications/Eclipse.app/Contents/Eclipse/plugins/org.eclipse.m2e.maven.runtime_3.9.900.20240824-1409/jars/maven-artifact-3.9.9.jar
2024-09-24 09:11:56,298 [Worker-48: Launching mavenrun-5e393488-4a78-4bdf-a12d-74bf71512eba] INFO  o.eclipse.m2e.core.internal.Bundles - 	Entry: /Applications/Eclipse.app/Contents/Eclipse/plugins/org.eclipse.m2e.maven.runtime_3.9.900.20240824-1409/jars/maven-builder-support-3.9.9.jar
2024-09-24 09:11:56,298 [Worker-48: Launching mavenrun-5e393488-4a78-4bdf-a12d-74bf71512eba] INFO  o.eclipse.m2e.core.internal.Bundles - 	Entry: /Applications/Eclipse.app/Contents/Eclipse/plugins/org.eclipse.m2e.maven.runtime_3.9.900.20240824-1409/jars/maven-compat-3.9.9.jar
2024-09-24 09:11:56,298 [Worker-48: Launching mavenrun-5e393488-4a78-4bdf-a12d-74bf71512eba] INFO  o.eclipse.m2e.core.internal.Bundles - 	Entry: /Applications/Eclipse.app/Contents/Eclipse/plugins/org.eclipse.m2e.maven.runtime_3.9.900.20240824-1409/jars/maven-core-3.9.9.jar
2024-09-24 09:11:56,298 [Worker-48: Launching mavenrun-5e393488-4a78-4bdf-a12d-74bf71512eba] INFO  o.eclipse.m2e.core.internal.Bundles - 	Entry: /Applications/Eclipse.app/Contents/Eclipse/plugins/org.eclipse.m2e.maven.runtime_3.9.900.20240824-1409/jars/maven-embedder-3.9.9.jar
2024-09-24 09:11:56,298 [Worker-48: Launching mavenrun-5e393488-4a78-4bdf-a12d-74bf71512eba] INFO  o.eclipse.m2e.core.internal.Bundles - 	Entry: /Applications/Eclipse.app/Contents/Eclipse/plugins/org.eclipse.m2e.maven.runtime_3.9.900.20240824-1409/jars/maven-model-3.9.9.jar
2024-09-24 09:11:56,298 [Worker-48: Launching mavenrun-5e393488-4a78-4bdf-a12d-74bf71512eba] INFO  o.eclipse.m2e.core.internal.Bundles - 	Entry: /Applications/Eclipse.app/Contents/Eclipse/plugins/org.eclipse.m2e.maven.runtime_3.9.900.20240824-1409/jars/maven-model-builder-3.9.9.jar
2024-09-24 09:11:56,298 [Worker-48: Launching mavenrun-5e393488-4a78-4bdf-a12d-74bf71512eba] INFO  o.eclipse.m2e.core.internal.Bundles - 	Entry: /Applications/Eclipse.app/Contents/Eclipse/plugins/org.eclipse.m2e.maven.runtime_3.9.900.20240824-1409/jars/maven-plugin-api-3.9.9.jar
2024-09-24 09:11:56,298 [Worker-48: Launching mavenrun-5e393488-4a78-4bdf-a12d-74bf71512eba] INFO  o.eclipse.m2e.core.internal.Bundles - 	Entry: /Applications/Eclipse.app/Contents/Eclipse/plugins/org.eclipse.m2e.maven.runtime_3.9.900.20240824-1409/jars/maven-repository-metadata-3.9.9.jar
2024-09-24 09:11:56,298 [Worker-48: Launching mavenrun-5e393488-4a78-4bdf-a12d-74bf71512eba] INFO  o.eclipse.m2e.core.internal.Bundles - 	Entry: /Applications/Eclipse.app/Contents/Eclipse/plugins/org.eclipse.m2e.maven.runtime_3.9.900.20240824-1409/jars/maven-resolver-api-1.9.22.jar
2024-09-24 09:11:56,298 [Worker-48: Launching mavenrun-5e393488-4a78-4bdf-a12d-74bf71512eba] INFO  o.eclipse.m2e.core.internal.Bundles - 	Entry: /Applications/Eclipse.app/Contents/Eclipse/plugins/org.eclipse.m2e.maven.runtime_3.9.900.20240824-1409/jars/maven-resolver-connector-basic-1.9.22.jar
2024-09-24 09:11:56,298 [Worker-48: Launching mavenrun-5e393488-4a78-4bdf-a12d-74bf71512eba] INFO  o.eclipse.m2e.core.internal.Bundles - 	Entry: /Applications/Eclipse.app/Contents/Eclipse/plugins/org.eclipse.m2e.maven.runtime_3.9.900.20240824-1409/jars/maven-resolver-impl-1.9.22.jar
2024-09-24 09:11:56,298 [Worker-48: Launching mavenrun-5e393488-4a78-4bdf-a12d-74bf71512eba] INFO  o.eclipse.m2e.core.internal.Bundles - 	Entry: /Applications/Eclipse.app/Contents/Eclipse/plugins/org.eclipse.m2e.maven.runtime_3.9.900.20240824-1409/jars/maven-resolver-named-locks-1.9.22.jar
2024-09-24 09:11:56,298 [Worker-48: Launching mavenrun-5e393488-4a78-4bdf-a12d-74bf71512eba] INFO  o.eclipse.m2e.core.internal.Bundles - 	Entry: /Applications/Eclipse.app/Contents/Eclipse/plugins/org.eclipse.m2e.maven.runtime_3.9.900.20240824-1409/jars/maven-resolver-provider-3.9.9.jar
2024-09-24 09:11:56,298 [Worker-48: Launching mavenrun-5e393488-4a78-4bdf-a12d-74bf71512eba] INFO  o.eclipse.m2e.core.internal.Bundles - 	Entry: /Applications/Eclipse.app/Contents/Eclipse/plugins/org.eclipse.m2e.maven.runtime_3.9.900.20240824-1409/jars/maven-resolver-spi-1.9.22.jar
2024-09-24 09:11:56,298 [Worker-48: Launching mavenrun-5e393488-4a78-4bdf-a12d-74bf71512eba] INFO  o.eclipse.m2e.core.internal.Bundles - 	Entry: /Applications/Eclipse.app/Contents/Eclipse/plugins/org.eclipse.m2e.maven.runtime_3.9.900.20240824-1409/jars/maven-resolver-transport-file-1.9.22.jar
2024-09-24 09:11:56,298 [Worker-48: Launching mavenrun-5e393488-4a78-4bdf-a12d-74bf71512eba] INFO  o.eclipse.m2e.core.internal.Bundles - 	Entry: /Applications/Eclipse.app/Contents/Eclipse/plugins/org.eclipse.m2e.maven.runtime_3.9.900.20240824-1409/jars/maven-resolver-transport-http-1.9.22.jar
2024-09-24 09:11:56,299 [Worker-48: Launching mavenrun-5e393488-4a78-4bdf-a12d-74bf71512eba] INFO  o.eclipse.m2e.core.internal.Bundles - 	Entry: /Applications/Eclipse.app/Contents/Eclipse/plugins/org.eclipse.m2e.maven.runtime_3.9.900.20240824-1409/jars/maven-resolver-transport-wagon-1.9.22.jar
2024-09-24 09:11:56,300 [Worker-48: Launching mavenrun-5e393488-4a78-4bdf-a12d-74bf71512eba] INFO  o.eclipse.m2e.core.internal.Bundles - 	Entry: /Applications/Eclipse.app/Contents/Eclipse/plugins/org.eclipse.m2e.maven.runtime_3.9.900.20240824-1409/jars/maven-resolver-util-1.9.22.jar
2024-09-24 09:11:56,300 [Worker-48: Launching mavenrun-5e393488-4a78-4bdf-a12d-74bf71512eba] INFO  o.eclipse.m2e.core.internal.Bundles - 	Entry: /Applications/Eclipse.app/Contents/Eclipse/plugins/org.eclipse.m2e.maven.runtime_3.9.900.20240824-1409/jars/maven-settings-3.9.9.jar
2024-09-24 09:11:56,300 [Worker-48: Launching mavenrun-5e393488-4a78-4bdf-a12d-74bf71512eba] INFO  o.eclipse.m2e.core.internal.Bundles - 	Entry: /Applications/Eclipse.app/Contents/Eclipse/plugins/org.eclipse.m2e.maven.runtime_3.9.900.20240824-1409/jars/maven-settings-builder-3.9.9.jar
2024-09-24 09:11:56,300 [Worker-48: Launching mavenrun-5e393488-4a78-4bdf-a12d-74bf71512eba] INFO  o.eclipse.m2e.core.internal.Bundles - 	Entry: /Applications/Eclipse.app/Contents/Eclipse/plugins/org.eclipse.m2e.maven.runtime_3.9.900.20240824-1409/jars/maven-shared-utils-3.4.2.jar
2024-09-24 09:11:56,300 [Worker-48: Launching mavenrun-5e393488-4a78-4bdf-a12d-74bf71512eba] INFO  o.eclipse.m2e.core.internal.Bundles - 	Entry: /Applications/Eclipse.app/Contents/Eclipse/plugins/org.eclipse.m2e.maven.runtime_3.9.900.20240824-1409/jars/org.eclipse.sisu.inject-0.9.0.M3.jar
2024-09-24 09:11:56,300 [Worker-48: Launching mavenrun-5e393488-4a78-4bdf-a12d-74bf71512eba] INFO  o.eclipse.m2e.core.internal.Bundles - 	Entry: /Applications/Eclipse.app/Contents/Eclipse/plugins/org.eclipse.m2e.maven.runtime_3.9.900.20240824-1409/jars/org.eclipse.sisu.plexus-0.9.0.M3.jar
2024-09-24 09:11:56,300 [Worker-48: Launching mavenrun-5e393488-4a78-4bdf-a12d-74bf71512eba] INFO  o.eclipse.m2e.core.internal.Bundles - 	Entry: /Applications/Eclipse.app/Contents/Eclipse/plugins/org.eclipse.m2e.maven.runtime_3.9.900.20240824-1409/jars/plexus-build-api-0.0.7.jar
2024-09-24 09:11:56,300 [Worker-48: Launching mavenrun-5e393488-4a78-4bdf-a12d-74bf71512eba] INFO  o.eclipse.m2e.core.internal.Bundles - 	Entry: /Applications/Eclipse.app/Contents/Eclipse/plugins/org.eclipse.m2e.maven.runtime_3.9.900.20240824-1409/jars/plexus-build-api-1.2.0.jar
2024-09-24 09:11:56,301 [Worker-48: Launching mavenrun-5e393488-4a78-4bdf-a12d-74bf71512eba] INFO  o.eclipse.m2e.core.internal.Bundles - 	Entry: /Applications/Eclipse.app/Contents/Eclipse/plugins/org.eclipse.m2e.maven.runtime_3.9.900.20240824-1409/jars/plexus-cipher-2.0.jar
2024-09-24 09:11:56,301 [Worker-48: Launching mavenrun-5e393488-4a78-4bdf-a12d-74bf71512eba] INFO  o.eclipse.m2e.core.internal.Bundles - 	Entry: /Applications/Eclipse.app/Contents/Eclipse/plugins/org.eclipse.m2e.maven.runtime_3.9.900.20240824-1409/jars/plexus-classworlds-2.8.0.jar
2024-09-24 09:11:56,301 [Worker-48: Launching mavenrun-5e393488-4a78-4bdf-a12d-74bf71512eba] INFO  o.eclipse.m2e.core.internal.Bundles - 	Entry: /Applications/Eclipse.app/Contents/Eclipse/plugins/org.eclipse.m2e.maven.runtime_3.9.900.20240824-1409/jars/plexus-component-annotations-2.1.0.jar
2024-09-24 09:11:56,301 [Worker-48: Launching mavenrun-5e393488-4a78-4bdf-a12d-74bf71512eba] INFO  o.eclipse.m2e.core.internal.Bundles - 	Entry: /Applications/Eclipse.app/Contents/Eclipse/plugins/org.eclipse.m2e.maven.runtime_3.9.900.20240824-1409/jars/plexus-interpolation-1.27.jar
2024-09-24 09:11:56,301 [Worker-48: Launching mavenrun-5e393488-4a78-4bdf-a12d-74bf71512eba] INFO  o.eclipse.m2e.core.internal.Bundles - 	Entry: /Applications/Eclipse.app/Contents/Eclipse/plugins/org.eclipse.m2e.maven.runtime_3.9.900.20240824-1409/jars/plexus-sec-dispatcher-2.0.jar
2024-09-24 09:11:56,301 [Worker-48: Launching mavenrun-5e393488-4a78-4bdf-a12d-74bf71512eba] INFO  o.eclipse.m2e.core.internal.Bundles - 	Entry: /Applications/Eclipse.app/Contents/Eclipse/plugins/org.eclipse.m2e.maven.runtime_3.9.900.20240824-1409/jars/plexus-utils-3.5.1.jar
2024-09-24 09:11:56,301 [Worker-48: Launching mavenrun-5e393488-4a78-4bdf-a12d-74bf71512eba] INFO  o.eclipse.m2e.core.internal.Bundles - 	Entry: /Applications/Eclipse.app/Contents/Eclipse/plugins/org.eclipse.m2e.maven.runtime_3.9.900.20240824-1409/jars/plexus-xml-3.0.1.jar
2024-09-24 09:11:56,301 [Worker-48: Launching mavenrun-5e393488-4a78-4bdf-a12d-74bf71512eba] INFO  o.eclipse.m2e.core.internal.Bundles - 	Entry: /Applications/Eclipse.app/Contents/Eclipse/plugins/org.eclipse.m2e.maven.runtime_3.9.900.20240824-1409/jars/wagon-file-3.5.3.jar
2024-09-24 09:11:56,301 [Worker-48: Launching mavenrun-5e393488-4a78-4bdf-a12d-74bf71512eba] INFO  o.eclipse.m2e.core.internal.Bundles - 	Entry: /Applications/Eclipse.app/Contents/Eclipse/plugins/org.eclipse.m2e.maven.runtime_3.9.900.20240824-1409/jars/wagon-http-3.5.3.jar
2024-09-24 09:11:56,301 [Worker-48: Launching mavenrun-5e393488-4a78-4bdf-a12d-74bf71512eba] INFO  o.eclipse.m2e.core.internal.Bundles - 	Entry: /Applications/Eclipse.app/Contents/Eclipse/plugins/org.eclipse.m2e.maven.runtime_3.9.900.20240824-1409/jars/wagon-http-shared-3.5.3.jar
2024-09-24 09:11:56,301 [Worker-48: Launching mavenrun-5e393488-4a78-4bdf-a12d-74bf71512eba] INFO  o.eclipse.m2e.core.internal.Bundles - 	Entry: /Applications/Eclipse.app/Contents/Eclipse/plugins/org.eclipse.m2e.maven.runtime_3.9.900.20240824-1409/jars/wagon-provider-api-3.5.3.jar
2024-09-24 09:11:56,303 [Worker-48: Launching mavenrun-5e393488-4a78-4bdf-a12d-74bf71512eba] INFO  o.eclipse.m2e.core.internal.Bundles - getClasspathEntries(Bundle=com.google.guava_33.3.0.jre [16])
2024-09-24 09:11:56,305 [Worker-48: Launching mavenrun-5e393488-4a78-4bdf-a12d-74bf71512eba] INFO  o.eclipse.m2e.core.internal.Bundles - 	Entry: /Applications/Eclipse.app/Contents/Eclipse/plugins/com.google.guava_33.3.0.jre.jar
2024-09-24 09:11:56,307 [Worker-48: Launching mavenrun-5e393488-4a78-4bdf-a12d-74bf71512eba] INFO  o.eclipse.m2e.core.internal.Bundles - getClasspathEntries(Bundle=slf4j.api_2.0.16 [1006])
2024-09-24 09:11:56,307 [Worker-48: Launching mavenrun-5e393488-4a78-4bdf-a12d-74bf71512eba] INFO  o.eclipse.m2e.core.internal.Bundles - 	Entry: /Applications/Eclipse.app/Contents/Eclipse/plugins/slf4j.api_2.0.16.jar
2024-09-24 09:11:56,307 [Worker-48: Launching mavenrun-5e393488-4a78-4bdf-a12d-74bf71512eba] INFO  o.eclipse.m2e.core.internal.Bundles - getClasspathEntries(Bundle=jakarta.inject.jakarta.inject-api_1.0.5 [34])
2024-09-24 09:11:56,307 [Worker-48: Launching mavenrun-5e393488-4a78-4bdf-a12d-74bf71512eba] INFO  o.eclipse.m2e.core.internal.Bundles - 	Entry: /Applications/Eclipse.app/Contents/Eclipse/plugins/jakarta.inject.jakarta.inject-api_1.0.5.jar
2024-09-24 09:11:56,307 [Worker-48: Launching mavenrun-5e393488-4a78-4bdf-a12d-74bf71512eba] INFO  o.eclipse.m2e.core.internal.Bundles - getClasspathEntries(Bundle=jakarta.annotation-api_1.3.5 [29])
2024-09-24 09:11:56,307 [Worker-48: Launching mavenrun-5e393488-4a78-4bdf-a12d-74bf71512eba] INFO  o.eclipse.m2e.core.internal.Bundles - 	Entry: /Applications/Eclipse.app/Contents/Eclipse/plugins/jakarta.annotation-api_1.3.5.jar
2024-09-24 09:11:56,307 [Worker-48: Launching mavenrun-5e393488-4a78-4bdf-a12d-74bf71512eba] INFO  o.eclipse.m2e.core.internal.Bundles - getClasspathEntries(Bundle=org.apache.commons.cli_1.9.0 [78])
2024-09-24 09:11:56,307 [Worker-48: Launching mavenrun-5e393488-4a78-4bdf-a12d-74bf71512eba] INFO  o.eclipse.m2e.core.internal.Bundles - 	Entry: /Applications/Eclipse.app/Contents/Eclipse/plugins/org.apache.commons.cli_1.9.0.jar
2024-09-24 09:11:56,307 [Worker-48: Launching mavenrun-5e393488-4a78-4bdf-a12d-74bf71512eba] INFO  o.eclipse.m2e.core.internal.Bundles - getClasspathEntries(Bundle=org.apache.commons.commons-codec_1.16.0 [81])
2024-09-24 09:11:56,307 [Worker-48: Launching mavenrun-5e393488-4a78-4bdf-a12d-74bf71512eba] INFO  o.eclipse.m2e.core.internal.Bundles - 	Entry: /Applications/Eclipse.app/Contents/Eclipse/plugins/org.apache.commons.commons-codec_1.16.0.jar
2024-09-24 09:11:56,308 [Worker-48: Launching mavenrun-5e393488-4a78-4bdf-a12d-74bf71512eba] INFO  o.eclipse.m2e.core.internal.Bundles - getClasspathEntries(Bundle=com.google.guava.failureaccess_1.0.2 [17])
2024-09-24 09:11:56,308 [Worker-48: Launching mavenrun-5e393488-4a78-4bdf-a12d-74bf71512eba] INFO  o.eclipse.m2e.core.internal.Bundles - 	Entry: /Applications/Eclipse.app/Contents/Eclipse/plugins/com.google.guava.failureaccess_1.0.2.jar
2024-09-24 09:11:56,311 [Worker-48: Launching mavenrun-5e393488-4a78-4bdf-a12d-74bf71512eba] INFO  o.e.m.i.launch.MavenLaunchDelegate - Run build in "/var/folders/pp/_qr_x5q16tl_m1yj2gm0b1cr0000gn/T/m2e-archetypeGenerator10939502203265765179":
2024-09-24 09:11:56,313 [Worker-48: Launching mavenrun-5e393488-4a78-4bdf-a12d-74bf71512eba] INFO  o.e.m.i.launch.MavenLaunchDelegate -  mvn  -DarchetypeGroupId=org.apache.maven.archetypes -DarchetypeArtifactId=maven-archetype-simple -DarchetypeVersion=1.5 -DgroupId=com.bptn -DartifactId=bptn.java -Dversion=0.0.1-SNAPSHOT -Dpackage=com.bptn.course -DoutputDirectory=/Users/happinessndubisi/Documents/obsidi/workspace-academy-java -B -Dstyle.color=always -U archetype:generate
2024-09-24 09:12:05,619 [Worker-45: Creating maven-archetype-simple] INFO  o.e.m.c.i.p.ProjectConfigurationManager - Collecting project info '/pom.xml' /Users/happinessndubisi/Documents/obsidi/workspace-academy-java/bptn.java/pom.xml
2024-09-24 09:12:06,165 [Worker-45: Creating maven-archetype-simple] INFO  o.e.m.c.i.e.AbstractTransferListenerAdapter - Downloading https://repo.maven.apache.org/maven2/org/apache/maven/plugins/maven-clean-plugin/3.4.0/maven-clean-plugin-3.4.0.jar
2024-09-24 09:12:06,177 [Worker-45: Creating maven-archetype-simple] INFO  o.e.m.c.i.e.AbstractTransferListenerAdapter - Downloaded https://repo.maven.apache.org/maven2/org/apache/maven/plugins/maven-clean-plugin/3.4.0/maven-clean-plugin-3.4.0.jar
2024-09-24 09:12:06,205 [Worker-45: Creating maven-archetype-simple] INFO  o.e.m.c.i.e.AbstractTransferListenerAdapter - Downloading https://repo.maven.apache.org/maven2/org/apache/maven/plugins/maven-resources-plugin/3.3.1/maven-resources-plugin-3.3.1.jar
2024-09-24 09:12:06,211 [Worker-45: Creating maven-archetype-simple] INFO  o.e.m.c.i.e.AbstractTransferListenerAdapter - Downloaded https://repo.maven.apache.org/maven2/org/apache/maven/plugins/maven-resources-plugin/3.3.1/maven-resources-plugin-3.3.1.jar
2024-09-24 09:12:06,235 [Worker-45: Creating maven-archetype-simple] INFO  o.e.m.c.i.e.AbstractTransferListenerAdapter - Downloading https://repo.maven.apache.org/maven2/org/apache/maven/plugins/maven-compiler-plugin/3.13.0/maven-compiler-plugin-3.13.0.jar
2024-09-24 09:12:06,256 [Worker-45: Creating maven-archetype-simple] INFO  o.e.m.c.i.e.AbstractTransferListenerAdapter - Downloaded https://repo.maven.apache.org/maven2/org/apache/maven/plugins/maven-compiler-plugin/3.13.0/maven-compiler-plugin-3.13.0.jar
2024-09-24 09:12:06,282 [Worker-45: Creating maven-archetype-simple] INFO  o.e.m.c.i.e.AbstractTransferListenerAdapter - Downloading https://repo.maven.apache.org/maven2/org/apache/maven/plugins/maven-surefire-plugin/3.3.0/maven-surefire-plugin-3.3.0.jar
2024-09-24 09:12:06,287 [Worker-45: Creating maven-archetype-simple] INFO  o.e.m.c.i.e.AbstractTransferListenerAdapter - Downloaded https://repo.maven.apache.org/maven2/org/apache/maven/plugins/maven-surefire-plugin/3.3.0/maven-surefire-plugin-3.3.0.jar
2024-09-24 09:12:06,332 [Worker-45: Creating maven-archetype-simple] INFO  o.e.m.c.i.e.AbstractTransferListenerAdapter - Downloading https://repo.maven.apache.org/maven2/org/apache/maven/plugins/maven-jar-plugin/3.4.2/maven-jar-plugin-3.4.2.jar
2024-09-24 09:12:06,335 [Worker-45: Creating maven-archetype-simple] INFO  o.e.m.c.i.e.AbstractTransferListenerAdapter - Downloaded https://repo.maven.apache.org/maven2/org/apache/maven/plugins/maven-jar-plugin/3.4.2/maven-jar-plugin-3.4.2.jar
2024-09-24 09:12:06,386 [Worker-45: Creating maven-archetype-simple] INFO  o.e.m.c.i.e.AbstractTransferListenerAdapter - Downloading https://repo.maven.apache.org/maven2/org/apache/maven/plugins/maven-compiler-plugin/3.13.0/maven-compiler-plugin-3.13.0.pom
2024-09-24 09:12:06,388 [Worker-45: Creating maven-archetype-simple] INFO  o.e.m.c.i.e.AbstractTransferListenerAdapter - Downloaded https://repo.maven.apache.org/maven2/org/apache/maven/plugins/maven-compiler-plugin/3.13.0/maven-compiler-plugin-3.13.0.pom
2024-09-24 09:12:06,499 [Worker-45: Creating maven-archetype-simple] INFO  o.e.m.c.i.e.AbstractTransferListenerAdapter - Downloading https://repo.maven.apache.org/maven2/org/apache/maven/shared/maven-shared-utils/3.4.2/maven-shared-utils-3.4.2.pom
2024-09-24 09:12:06,501 [Worker-45: Creating maven-archetype-simple] INFO  o.e.m.c.i.e.AbstractTransferListenerAdapter - Downloaded https://repo.maven.apache.org/maven2/org/apache/maven/shared/maven-shared-utils/3.4.2/maven-shared-utils-3.4.2.pom
2024-09-24 09:12:06,527 [Worker-45: Creating maven-archetype-simple] INFO  o.e.m.c.i.e.AbstractTransferListenerAdapter - Downloading https://repo.maven.apache.org/maven2/org/apache/maven/shared/maven-shared-components/39/maven-shared-components-39.pom
2024-09-24 09:12:06,529 [Worker-45: Creating maven-archetype-simple] INFO  o.e.m.c.i.e.AbstractTransferListenerAdapter - Downloaded https://repo.maven.apache.org/maven2/org/apache/maven/shared/maven-shared-components/39/maven-shared-components-39.pom
2024-09-24 09:12:06,577 [Worker-45: Creating maven-archetype-simple] INFO  o.e.m.c.i.e.AbstractTransferListenerAdapter - Downloading https://repo.maven.apache.org/maven2/org/slf4j/slf4j-api/1.7.36/slf4j-api-1.7.36.pom
2024-09-24 09:12:06,580 [Worker-45: Creating maven-archetype-simple] INFO  o.e.m.c.i.e.AbstractTransferListenerAdapter - Downloaded https://repo.maven.apache.org/maven2/org/slf4j/slf4j-api/1.7.36/slf4j-api-1.7.36.pom
2024-09-24 09:12:06,609 [Worker-45: Creating maven-archetype-simple] INFO  o.e.m.c.i.e.AbstractTransferListenerAdapter - Downloading https://repo.maven.apache.org/maven2/org/slf4j/slf4j-parent/1.7.36/slf4j-parent-1.7.36.pom
2024-09-24 09:12:06,611 [Worker-45: Creating maven-archetype-simple] INFO  o.e.m.c.i.e.AbstractTransferListenerAdapter - Downloaded https://repo.maven.apache.org/maven2/org/slf4j/slf4j-parent/1.7.36/slf4j-parent-1.7.36.pom
2024-09-24 09:12:06,649 [Worker-45: Creating maven-archetype-simple] INFO  o.e.m.c.i.e.AbstractTransferListenerAdapter - Downloading https://repo.maven.apache.org/maven2/commons-io/commons-io/2.11.0/commons-io-2.11.0.pom
2024-09-24 09:12:06,651 [Worker-45: Creating maven-archetype-simple] INFO  o.e.m.c.i.e.AbstractTransferListenerAdapter - Downloaded https://repo.maven.apache.org/maven2/commons-io/commons-io/2.11.0/commons-io-2.11.0.pom
2024-09-24 09:12:06,686 [Worker-45: Creating maven-archetype-simple] INFO  o.e.m.c.i.e.AbstractTransferListenerAdapter - Downloading https://repo.maven.apache.org/maven2/org/apache/commons/commons-parent/52/commons-parent-52.pom
2024-09-24 09:12:06,690 [Worker-45: Creating maven-archetype-simple] INFO  o.e.m.c.i.e.AbstractTransferListenerAdapter - Downloaded https://repo.maven.apache.org/maven2/org/apache/commons/commons-parent/52/commons-parent-52.pom
2024-09-24 09:12:06,741 [Worker-45: Creating maven-archetype-simple] INFO  o.e.m.c.i.e.AbstractTransferListenerAdapter - Downloading https://repo.maven.apache.org/maven2/org/junit/junit-bom/5.7.2/junit-bom-5.7.2.pom
2024-09-24 09:12:06,744 [Worker-45: Creating maven-archetype-simple] INFO  o.e.m.c.i.e.AbstractTransferListenerAdapter - Downloaded https://repo.maven.apache.org/maven2/org/junit/junit-bom/5.7.2/junit-bom-5.7.2.pom
2024-09-24 09:12:06,771 [Worker-45: Creating maven-archetype-simple] INFO  o.e.m.c.i.e.AbstractTransferListenerAdapter - Downloading https://repo.maven.apache.org/maven2/org/apache/maven/shared/maven-shared-incremental/1.1/maven-shared-incremental-1.1.pom
2024-09-24 09:12:06,776 [Worker-45: Creating maven-archetype-simple] INFO  o.e.m.c.i.e.AbstractTransferListenerAdapter - Downloaded https://repo.maven.apache.org/maven2/org/apache/maven/shared/maven-shared-incremental/1.1/maven-shared-incremental-1.1.pom
2024-09-24 09:12:06,798 [Worker-45: Creating maven-archetype-simple] INFO  o.e.m.c.i.e.AbstractTransferListenerAdapter - Downloading https://repo.maven.apache.org/maven2/org/apache/maven/shared/maven-shared-components/19/maven-shared-components-19.pom
2024-09-24 09:12:06,801 [Worker-45: Creating maven-archetype-simple] INFO  o.e.m.c.i.e.AbstractTransferListenerAdapter - Downloaded https://repo.maven.apache.org/maven2/org/apache/maven/shared/maven-shared-components/19/maven-shared-components-19.pom
2024-09-24 09:12:06,834 [Worker-45: Creating maven-archetype-simple] INFO  o.e.m.c.i.e.AbstractTransferListenerAdapter - Downloading https://repo.maven.apache.org/maven2/org/apache/maven/maven-parent/23/maven-parent-23.pom
2024-09-24 09:12:06,836 [Worker-45: Creating maven-archetype-simple] INFO  o.e.m.c.i.e.AbstractTransferListenerAdapter - Downloaded https://repo.maven.apache.org/maven2/org/apache/maven/maven-parent/23/maven-parent-23.pom
2024-09-24 09:12:06,856 [Worker-45: Creating maven-archetype-simple] INFO  o.e.m.c.i.e.AbstractTransferListenerAdapter - Downloading https://repo.maven.apache.org/maven2/org/apache/apache/13/apache-13.pom
2024-09-24 09:12:06,859 [Worker-45: Creating maven-archetype-simple] INFO  o.e.m.c.i.e.AbstractTransferListenerAdapter - Downloaded https://repo.maven.apache.org/maven2/org/apache/apache/13/apache-13.pom
2024-09-24 09:12:06,892 [Worker-45: Creating maven-archetype-simple] INFO  o.e.m.c.i.e.AbstractTransferListenerAdapter - Downloading https://repo.maven.apache.org/maven2/org/codehaus/plexus/plexus-java/1.2.0/plexus-java-1.2.0.pom
2024-09-24 09:12:06,893 [Worker-45: Creating maven-archetype-simple] INFO  o.e.m.c.i.e.AbstractTransferListenerAdapter - Downloaded https://repo.maven.apache.org/maven2/org/codehaus/plexus/plexus-java/1.2.0/plexus-java-1.2.0.pom
2024-09-24 09:12:06,916 [Worker-45: Creating maven-archetype-simple] INFO  o.e.m.c.i.e.AbstractTransferListenerAdapter - Downloading https://repo.maven.apache.org/maven2/org/codehaus/plexus/plexus-languages/1.2.0/plexus-languages-1.2.0.pom
2024-09-24 09:12:06,917 [Worker-45: Creating maven-archetype-simple] INFO  o.e.m.c.i.e.AbstractTransferListenerAdapter - Downloaded https://repo.maven.apache.org/maven2/org/codehaus/plexus/plexus-languages/1.2.0/plexus-languages-1.2.0.pom
2024-09-24 09:12:06,946 [Worker-45: Creating maven-archetype-simple] INFO  o.e.m.c.i.e.AbstractTransferListenerAdapter - Downloading https://repo.maven.apache.org/maven2/org/codehaus/plexus/plexus/15/plexus-15.pom
2024-09-24 09:12:06,948 [Worker-45: Creating maven-archetype-simple] INFO  o.e.m.c.i.e.AbstractTransferListenerAdapter - Downloaded https://repo.maven.apache.org/maven2/org/codehaus/plexus/plexus/15/plexus-15.pom
2024-09-24 09:12:06,987 [Worker-45: Creating maven-archetype-simple] INFO  o.e.m.c.i.e.AbstractTransferListenerAdapter - Downloading https://repo.maven.apache.org/maven2/org/junit/junit-bom/5.10.0/junit-bom-5.10.0.pom
2024-09-24 09:12:06,990 [Worker-45: Creating maven-archetype-simple] INFO  o.e.m.c.i.e.AbstractTransferListenerAdapter - Downloaded https://repo.maven.apache.org/maven2/org/junit/junit-bom/5.10.0/junit-bom-5.10.0.pom
2024-09-24 09:12:07,017 [Worker-45: Creating maven-archetype-simple] INFO  o.e.m.c.i.e.AbstractTransferListenerAdapter - Downloading https://repo.maven.apache.org/maven2/org/ow2/asm/asm/9.6/asm-9.6.pom
2024-09-24 09:12:07,019 [Worker-45: Creating maven-archetype-simple] INFO  o.e.m.c.i.e.AbstractTransferListenerAdapter - Downloaded https://repo.maven.apache.org/maven2/org/ow2/asm/asm/9.6/asm-9.6.pom
2024-09-24 09:12:07,042 [Worker-45: Creating maven-archetype-simple] INFO  o.e.m.c.i.e.AbstractTransferListenerAdapter - Downloading https://repo.maven.apache.org/maven2/org/ow2/ow2/1.5.1/ow2-1.5.1.pom
2024-09-24 09:12:07,045 [Worker-45: Creating maven-archetype-simple] INFO  o.e.m.c.i.e.AbstractTransferListenerAdapter - Downloaded https://repo.maven.apache.org/maven2/org/ow2/ow2/1.5.1/ow2-1.5.1.pom
2024-09-24 09:12:07,068 [Worker-45: Creating maven-archetype-simple] INFO  o.e.m.c.i.e.AbstractTransferListenerAdapter - Downloading https://repo.maven.apache.org/maven2/com/thoughtworks/qdox/qdox/2.0.3/qdox-2.0.3.pom
2024-09-24 09:12:07,071 [Worker-45: Creating maven-archetype-simple] INFO  o.e.m.c.i.e.AbstractTransferListenerAdapter - Downloaded https://repo.maven.apache.org/maven2/com/thoughtworks/qdox/qdox/2.0.3/qdox-2.0.3.pom
2024-09-24 09:12:07,098 [Worker-45: Creating maven-archetype-simple] INFO  o.e.m.c.i.e.AbstractTransferListenerAdapter - Downloading https://repo.maven.apache.org/maven2/org/sonatype/oss/oss-parent/9/oss-parent-9.pom
2024-09-24 09:12:07,100 [Worker-45: Creating maven-archetype-simple] INFO  o.e.m.c.i.e.AbstractTransferListenerAdapter - Downloaded https://repo.maven.apache.org/maven2/org/sonatype/oss/oss-parent/9/oss-parent-9.pom
2024-09-24 09:12:07,124 [Worker-45: Creating maven-archetype-simple] INFO  o.e.m.c.i.e.AbstractTransferListenerAdapter - Downloading https://repo.maven.apache.org/maven2/org/codehaus/plexus/plexus-compiler-api/2.15.0/plexus-compiler-api-2.15.0.pom
2024-09-24 09:12:07,125 [Worker-45: Creating maven-archetype-simple] INFO  o.e.m.c.i.e.AbstractTransferListenerAdapter - Downloaded https://repo.maven.apache.org/maven2/org/codehaus/plexus/plexus-compiler-api/2.15.0/plexus-compiler-api-2.15.0.pom
2024-09-24 09:12:07,184 [Worker-45: Creating maven-archetype-simple] INFO  o.e.m.c.i.e.AbstractTransferListenerAdapter - Downloading https://repo.maven.apache.org/maven2/org/codehaus/plexus/plexus-compiler/2.15.0/plexus-compiler-2.15.0.pom
2024-09-24 09:12:07,579 [Worker-45: Creating maven-archetype-simple] INFO  o.e.m.c.i.e.AbstractTransferListenerAdapter - Downloaded https://repo.maven.apache.org/maven2/org/codehaus/plexus/plexus-compiler/2.15.0/plexus-compiler-2.15.0.pom
2024-09-24 09:12:07,892 [Worker-45: Creating maven-archetype-simple] INFO  o.e.m.c.i.e.AbstractTransferListenerAdapter - Downloading https://repo.maven.apache.org/maven2/org/codehaus/plexus/plexus/17/plexus-17.pom
2024-09-24 09:12:07,902 [Worker-45: Creating maven-archetype-simple] INFO  o.e.m.c.i.e.AbstractTransferListenerAdapter - Downloaded https://repo.maven.apache.org/maven2/org/codehaus/plexus/plexus/17/plexus-17.pom
2024-09-24 09:12:08,005 [Worker-45: Creating maven-archetype-simple] INFO  o.e.m.c.i.e.AbstractTransferListenerAdapter - Downloading https://repo.maven.apache.org/maven2/org/codehaus/plexus/plexus-utils/4.0.0/plexus-utils-4.0.0.pom
2024-09-24 09:12:08,012 [Worker-45: Creating maven-archetype-simple] INFO  o.e.m.c.i.e.AbstractTransferListenerAdapter - Downloaded https://repo.maven.apache.org/maven2/org/codehaus/plexus/plexus-utils/4.0.0/plexus-utils-4.0.0.pom
2024-09-24 09:12:08,046 [Worker-45: Creating maven-archetype-simple] INFO  o.e.m.c.i.e.AbstractTransferListenerAdapter - Downloading https://repo.maven.apache.org/maven2/org/codehaus/plexus/plexus/13/plexus-13.pom
2024-09-24 09:12:08,051 [Worker-45: Creating maven-archetype-simple] INFO  o.e.m.c.i.e.AbstractTransferListenerAdapter - Downloaded https://repo.maven.apache.org/maven2/org/codehaus/plexus/plexus/13/plexus-13.pom
2024-09-24 09:12:08,098 [Worker-45: Creating maven-archetype-simple] INFO  o.e.m.c.i.e.AbstractTransferListenerAdapter - Downloading https://repo.maven.apache.org/maven2/org/junit/junit-bom/5.9.3/junit-bom-5.9.3.pom
2024-09-24 09:12:08,101 [Worker-45: Creating maven-archetype-simple] INFO  o.e.m.c.i.e.AbstractTransferListenerAdapter - Downloaded https://repo.maven.apache.org/maven2/org/junit/junit-bom/5.9.3/junit-bom-5.9.3.pom
2024-09-24 09:12:08,137 [Worker-45: Creating maven-archetype-simple] INFO  o.e.m.c.i.e.AbstractTransferListenerAdapter - Downloading https://repo.maven.apache.org/maven2/org/codehaus/plexus/plexus-compiler-manager/2.15.0/plexus-compiler-manager-2.15.0.pom
2024-09-24 09:12:08,139 [Worker-45: Creating maven-archetype-simple] INFO  o.e.m.c.i.e.AbstractTransferListenerAdapter - Downloaded https://repo.maven.apache.org/maven2/org/codehaus/plexus/plexus-compiler-manager/2.15.0/plexus-compiler-manager-2.15.0.pom
2024-09-24 09:12:08,173 [Worker-45: Creating maven-archetype-simple] INFO  o.e.m.c.i.e.AbstractTransferListenerAdapter - Downloading https://repo.maven.apache.org/maven2/javax/inject/javax.inject/1/javax.inject-1.pom
2024-09-24 09:12:08,180 [Worker-45: Creating maven-archetype-simple] INFO  o.e.m.c.i.e.AbstractTransferListenerAdapter - Downloaded https://repo.maven.apache.org/maven2/javax/inject/javax.inject/1/javax.inject-1.pom
2024-09-24 09:12:08,207 [Worker-45: Creating maven-archetype-simple] INFO  o.e.m.c.i.e.AbstractTransferListenerAdapter - Downloading https://repo.maven.apache.org/maven2/org/codehaus/plexus/plexus-xml/3.0.0/plexus-xml-3.0.0.pom
2024-09-24 09:12:08,209 [Worker-45: Creating maven-archetype-simple] INFO  o.e.m.c.i.e.AbstractTransferListenerAdapter - Downloaded https://repo.maven.apache.org/maven2/org/codehaus/plexus/plexus-xml/3.0.0/plexus-xml-3.0.0.pom
2024-09-24 09:12:08,241 [Worker-45: Creating maven-archetype-simple] INFO  o.e.m.c.i.e.AbstractTransferListenerAdapter - Downloading https://repo.maven.apache.org/maven2/org/codehaus/plexus/plexus-compiler-javac/2.15.0/plexus-compiler-javac-2.15.0.pom
2024-09-24 09:12:08,243 [Worker-45: Creating maven-archetype-simple] INFO  o.e.m.c.i.e.AbstractTransferListenerAdapter - Downloaded https://repo.maven.apache.org/maven2/org/codehaus/plexus/plexus-compiler-javac/2.15.0/plexus-compiler-javac-2.15.0.pom
2024-09-24 09:12:08,309 [Worker-45: Creating maven-archetype-simple] INFO  o.e.m.c.i.e.AbstractTransferListenerAdapter - Downloading https://repo.maven.apache.org/maven2/org/codehaus/plexus/plexus-compilers/2.15.0/plexus-compilers-2.15.0.pom
2024-09-24 09:12:08,311 [Worker-45: Creating maven-archetype-simple] INFO  o.e.m.c.i.e.AbstractTransferListenerAdapter - Downloaded https://repo.maven.apache.org/maven2/org/codehaus/plexus/plexus-compilers/2.15.0/plexus-compilers-2.15.0.pom
2024-09-24 09:12:08,378 [Worker-45: Creating maven-archetype-simple] INFO  o.e.m.c.i.e.AbstractTransferListenerAdapter - Downloading https://repo.maven.apache.org/maven2/org/apache/maven/shared/maven-shared-utils/3.4.2/maven-shared-utils-3.4.2.jar
2024-09-24 09:12:08,388 [Worker-45: Creating maven-archetype-simple] INFO  o.e.m.c.i.e.AbstractTransferListenerAdapter - Downloaded https://repo.maven.apache.org/maven2/org/apache/maven/shared/maven-shared-utils/3.4.2/maven-shared-utils-3.4.2.jar
2024-09-24 09:12:08,428 [BasicRepositoryConnector-repo.maven.apache.org-0-4] INFO  o.e.m.c.i.e.AbstractTransferListenerAdapter - Downloading https://repo.maven.apache.org/maven2/org/ow2/asm/asm/9.6/asm-9.6.jar
2024-09-24 09:12:08,451 [BasicRepositoryConnector-repo.maven.apache.org-0-4] INFO  o.e.m.c.i.e.AbstractTransferListenerAdapter - Downloaded https://repo.maven.apache.org/maven2/org/ow2/asm/asm/9.6/asm-9.6.jar
2024-09-24 09:12:08,476 [BasicRepositoryConnector-repo.maven.apache.org-0-4] INFO  o.e.m.c.i.e.AbstractTransferListenerAdapter - Downloading https://repo.maven.apache.org/maven2/com/thoughtworks/qdox/qdox/2.0.3/qdox-2.0.3.jar
2024-09-24 09:12:08,498 [BasicRepositoryConnector-repo.maven.apache.org-0-4] INFO  o.e.m.c.i.e.AbstractTransferListenerAdapter - Downloaded https://repo.maven.apache.org/maven2/com/thoughtworks/qdox/qdox/2.0.3/qdox-2.0.3.jar
2024-09-24 09:12:08,522 [BasicRepositoryConnector-repo.maven.apache.org-0-4] INFO  o.e.m.c.i.e.AbstractTransferListenerAdapter - Downloading https://repo.maven.apache.org/maven2/org/codehaus/plexus/plexus-compiler-api/2.15.0/plexus-compiler-api-2.15.0.jar
2024-09-24 09:12:08,526 [BasicRepositoryConnector-repo.maven.apache.org-0-4] INFO  o.e.m.c.i.e.AbstractTransferListenerAdapter - Downloaded https://repo.maven.apache.org/maven2/org/codehaus/plexus/plexus-compiler-api/2.15.0/plexus-compiler-api-2.15.0.jar
2024-09-24 09:12:08,550 [BasicRepositoryConnector-repo.maven.apache.org-0-4] INFO  o.e.m.c.i.e.AbstractTransferListenerAdapter - Downloading https://repo.maven.apache.org/maven2/org/codehaus/plexus/plexus-compiler-manager/2.15.0/plexus-compiler-manager-2.15.0.jar
2024-09-24 09:12:08,552 [BasicRepositoryConnector-repo.maven.apache.org-0-4] INFO  o.e.m.c.i.e.AbstractTransferListenerAdapter - Downloaded https://repo.maven.apache.org/maven2/org/codehaus/plexus/plexus-compiler-manager/2.15.0/plexus-compiler-manager-2.15.0.jar
2024-09-24 09:12:08,572 [BasicRepositoryConnector-repo.maven.apache.org-0-1] INFO  o.e.m.c.i.e.AbstractTransferListenerAdapter - Downloading https://repo.maven.apache.org/maven2/commons-io/commons-io/2.11.0/commons-io-2.11.0.jar
2024-09-24 09:12:08,572 [BasicRepositoryConnector-repo.maven.apache.org-0-2] INFO  o.e.m.c.i.e.AbstractTransferListenerAdapter - Downloading https://repo.maven.apache.org/maven2/org/apache/maven/shared/maven-shared-incremental/1.1/maven-shared-incremental-1.1.jar
2024-09-24 09:12:08,573 [BasicRepositoryConnector-repo.maven.apache.org-0-0] INFO  o.e.m.c.i.e.AbstractTransferListenerAdapter - Downloading https://repo.maven.apache.org/maven2/org/slf4j/slf4j-api/1.7.36/slf4j-api-1.7.36.jar
2024-09-24 09:12:08,573 [BasicRepositoryConnector-repo.maven.apache.org-0-4] INFO  o.e.m.c.i.e.AbstractTransferListenerAdapter - Downloading https://repo.maven.apache.org/maven2/javax/inject/javax.inject/1/javax.inject-1.jar
2024-09-24 09:12:08,573 [BasicRepositoryConnector-repo.maven.apache.org-0-3] INFO  o.e.m.c.i.e.AbstractTransferListenerAdapter - Downloading https://repo.maven.apache.org/maven2/org/codehaus/plexus/plexus-java/1.2.0/plexus-java-1.2.0.jar
2024-09-24 09:12:08,586 [BasicRepositoryConnector-repo.maven.apache.org-0-4] INFO  o.e.m.c.i.e.AbstractTransferListenerAdapter - Downloaded https://repo.maven.apache.org/maven2/javax/inject/javax.inject/1/javax.inject-1.jar
2024-09-24 09:12:08,586 [BasicRepositoryConnector-repo.maven.apache.org-0-2] INFO  o.e.m.c.i.e.AbstractTransferListenerAdapter - Downloaded https://repo.maven.apache.org/maven2/org/apache/maven/shared/maven-shared-incremental/1.1/maven-shared-incremental-1.1.jar
2024-09-24 09:12:08,603 [BasicRepositoryConnector-repo.maven.apache.org-0-0] INFO  o.e.m.c.i.e.AbstractTransferListenerAdapter - Downloaded https://repo.maven.apache.org/maven2/org/slf4j/slf4j-api/1.7.36/slf4j-api-1.7.36.jar
2024-09-24 09:12:08,612 [BasicRepositoryConnector-repo.maven.apache.org-0-4] INFO  o.e.m.c.i.e.AbstractTransferListenerAdapter - Downloading https://repo.maven.apache.org/maven2/org/codehaus/plexus/plexus-xml/3.0.0/plexus-xml-3.0.0.jar
2024-09-24 09:12:08,614 [BasicRepositoryConnector-repo.maven.apache.org-0-2] INFO  o.e.m.c.i.e.AbstractTransferListenerAdapter - Downloading https://repo.maven.apache.org/maven2/org/codehaus/plexus/plexus-compiler-javac/2.15.0/plexus-compiler-javac-2.15.0.jar
2024-09-24 09:12:08,616 [BasicRepositoryConnector-repo.maven.apache.org-0-4] INFO  o.e.m.c.i.e.AbstractTransferListenerAdapter - Downloaded https://repo.maven.apache.org/maven2/org/codehaus/plexus/plexus-xml/3.0.0/plexus-xml-3.0.0.jar
2024-09-24 09:12:08,622 [BasicRepositoryConnector-repo.maven.apache.org-0-3] INFO  o.e.m.c.i.e.AbstractTransferListenerAdapter - Downloaded https://repo.maven.apache.org/maven2/org/codehaus/plexus/plexus-java/1.2.0/plexus-java-1.2.0.jar
2024-09-24 09:12:08,634 [BasicRepositoryConnector-repo.maven.apache.org-0-0] INFO  o.e.m.c.i.e.AbstractTransferListenerAdapter - Downloading https://repo.maven.apache.org/maven2/org/codehaus/plexus/plexus-utils/4.0.0/plexus-utils-4.0.0.jar
2024-09-24 09:12:08,640 [BasicRepositoryConnector-repo.maven.apache.org-0-2] INFO  o.e.m.c.i.e.AbstractTransferListenerAdapter - Downloaded https://repo.maven.apache.org/maven2/org/codehaus/plexus/plexus-compiler-javac/2.15.0/plexus-compiler-javac-2.15.0.jar
2024-09-24 09:12:08,678 [BasicRepositoryConnector-repo.maven.apache.org-0-0] INFO  o.e.m.c.i.e.AbstractTransferListenerAdapter - Downloaded https://repo.maven.apache.org/maven2/org/codehaus/plexus/plexus-utils/4.0.0/plexus-utils-4.0.0.jar
2024-09-24 09:12:08,678 [BasicRepositoryConnector-repo.maven.apache.org-0-1] INFO  o.e.m.c.i.e.AbstractTransferListenerAdapter - Downloaded https://repo.maven.apache.org/maven2/commons-io/commons-io/2.11.0/commons-io-2.11.0.jar
2024-09-24 09:12:09,019 [Worker-45: Creating maven-archetype-simple] INFO  o.e.m.c.i.l.LifecycleMappingFactory - Using org.eclipse.m2e.jdt.JarLifecycleMapping lifecycle mapping for MavenProject: com.bptn:bptn.java:0.0.1-SNAPSHOT @ /Users/happinessndubisi/Documents/obsidi/workspace-academy-java/bptn.java/pom.xml.
2024-09-24 09:12:09,058 [Worker-45: Creating maven-archetype-simple] INFO  o.e.m.c.i.e.AbstractTransferListenerAdapter - Downloading https://repo.maven.apache.org/maven2/junit/junit/3.8.1/junit-3.8.1.pom
2024-09-24 09:12:09,060 [Worker-45: Creating maven-archetype-simple] INFO  o.e.m.c.i.e.AbstractTransferListenerAdapter - Downloaded https://repo.maven.apache.org/maven2/junit/junit/3.8.1/junit-3.8.1.pom
2024-09-24 09:12:09,088 [Worker-45: Creating maven-archetype-simple] INFO  o.e.m.c.i.e.AbstractTransferListenerAdapter - Downloading https://repo.maven.apache.org/maven2/junit/junit/3.8.1/junit-3.8.1.jar
2024-09-24 09:12:09,102 [Worker-45: Creating maven-archetype-simple] INFO  o.e.m.c.i.e.AbstractTransferListenerAdapter - Downloaded https://repo.maven.apache.org/maven2/junit/junit/3.8.1/junit-3.8.1.jar
2024-09-24 09:12:09,141 [Worker-45: Creating maven-archetype-simple] INFO  o.e.m.c.i.e.AbstractTransferListenerAdapter - Downloading https://repo.maven.apache.org/maven2/org/apache/maven/plugins/maven-resources-plugin/3.3.1/maven-resources-plugin-3.3.1.pom
2024-09-24 09:12:09,145 [Worker-45: Creating maven-archetype-simple] INFO  o.e.m.c.i.e.AbstractTransferListenerAdapter - Downloaded https://repo.maven.apache.org/maven2/org/apache/maven/plugins/maven-resources-plugin/3.3.1/maven-resources-plugin-3.3.1.pom
2024-09-24 09:12:09,168 [Worker-45: Creating maven-archetype-simple] INFO  o.e.m.c.i.e.AbstractTransferListenerAdapter - Downloading https://repo.maven.apache.org/maven2/org/apache/maven/plugins/maven-plugins/39/maven-plugins-39.pom
2024-09-24 09:12:09,170 [Worker-45: Creating maven-archetype-simple] INFO  o.e.m.c.i.e.AbstractTransferListenerAdapter - Downloaded https://repo.maven.apache.org/maven2/org/apache/maven/plugins/maven-plugins/39/maven-plugins-39.pom
2024-09-24 09:12:09,233 [Worker-45: Creating maven-archetype-simple] INFO  o.e.m.c.i.e.AbstractTransferListenerAdapter - Downloading https://repo.maven.apache.org/maven2/org/apache/maven/plugins/maven-surefire-plugin/3.3.0/maven-surefire-plugin-3.3.0.pom
2024-09-24 09:12:09,235 [Worker-45: Creating maven-archetype-simple] INFO  o.e.m.c.i.e.AbstractTransferListenerAdapter - Downloaded https://repo.maven.apache.org/maven2/org/apache/maven/plugins/maven-surefire-plugin/3.3.0/maven-surefire-plugin-3.3.0.pom
2024-09-24 09:12:09,259 [Worker-45: Creating maven-archetype-simple] INFO  o.e.m.c.i.e.AbstractTransferListenerAdapter - Downloading https://repo.maven.apache.org/maven2/org/apache/maven/surefire/surefire/3.3.0/surefire-3.3.0.pom
2024-09-24 09:12:09,263 [Worker-45: Creating maven-archetype-simple] INFO  o.e.m.c.i.e.AbstractTransferListenerAdapter - Downloaded https://repo.maven.apache.org/maven2/org/apache/maven/surefire/surefire/3.3.0/surefire-3.3.0.pom
2024-09-24 09:12:09,312 [Worker-45: Creating maven-archetype-simple] INFO  o.e.m.c.i.e.AbstractTransferListenerAdapter - Downloading https://repo.maven.apache.org/maven2/org/apache/maven/plugins/maven-jar-plugin/3.4.2/maven-jar-plugin-3.4.2.pom
2024-09-24 09:12:09,315 [Worker-45: Creating maven-archetype-simple] INFO  o.e.m.c.i.e.AbstractTransferListenerAdapter - Downloaded https://repo.maven.apache.org/maven2/org/apache/maven/plugins/maven-jar-plugin/3.4.2/maven-jar-plugin-3.4.2.pom
2024-09-24 09:12:09,373 [Worker-45: Creating maven-archetype-simple] INFO  o.e.m.c.i.e.AbstractTransferListenerAdapter - Downloading https://repo.maven.apache.org/maven2/org/apache/maven/shared/file-management/3.1.0/file-management-3.1.0.pom
2024-09-24 09:12:09,376 [Worker-45: Creating maven-archetype-simple] INFO  o.e.m.c.i.e.AbstractTransferListenerAdapter - Downloaded https://repo.maven.apache.org/maven2/org/apache/maven/shared/file-management/3.1.0/file-management-3.1.0.pom
2024-09-24 09:12:09,402 [Worker-45: Creating maven-archetype-simple] INFO  o.e.m.c.i.e.AbstractTransferListenerAdapter - Downloading https://repo.maven.apache.org/maven2/org/apache/maven/shared/maven-shared-components/36/maven-shared-components-36.pom
2024-09-24 09:12:09,403 [Worker-45: Creating maven-archetype-simple] INFO  o.e.m.c.i.e.AbstractTransferListenerAdapter - Downloaded https://repo.maven.apache.org/maven2/org/apache/maven/shared/maven-shared-components/36/maven-shared-components-36.pom
2024-09-24 09:12:09,446 [Worker-45: Creating maven-archetype-simple] INFO  o.e.m.c.i.e.AbstractTransferListenerAdapter - Downloading https://repo.maven.apache.org/maven2/org/codehaus/plexus/plexus-utils/4.0.1/plexus-utils-4.0.1.pom
2024-09-24 09:12:09,448 [Worker-45: Creating maven-archetype-simple] INFO  o.e.m.c.i.e.AbstractTransferListenerAdapter - Downloaded https://repo.maven.apache.org/maven2/org/codehaus/plexus/plexus-utils/4.0.1/plexus-utils-4.0.1.pom
2024-09-24 09:12:09,475 [Worker-45: Creating maven-archetype-simple] INFO  o.e.m.c.i.e.AbstractTransferListenerAdapter - Downloading https://repo.maven.apache.org/maven2/commons-io/commons-io/2.16.1/commons-io-2.16.1.pom
2024-09-24 09:12:09,479 [Worker-45: Creating maven-archetype-simple] INFO  o.e.m.c.i.e.AbstractTransferListenerAdapter - Downloaded https://repo.maven.apache.org/maven2/commons-io/commons-io/2.16.1/commons-io-2.16.1.pom
2024-09-24 09:12:09,507 [Worker-45: Creating maven-archetype-simple] INFO  o.e.m.c.i.e.AbstractTransferListenerAdapter - Downloading https://repo.maven.apache.org/maven2/org/apache/commons/commons-parent/69/commons-parent-69.pom
2024-09-24 09:12:09,513 [Worker-45: Creating maven-archetype-simple] INFO  o.e.m.c.i.e.AbstractTransferListenerAdapter - Downloaded https://repo.maven.apache.org/maven2/org/apache/commons/commons-parent/69/commons-parent-69.pom
2024-09-24 09:12:09,543 [Worker-45: Creating maven-archetype-simple] INFO  o.e.m.c.i.e.AbstractTransferListenerAdapter - Downloading https://repo.maven.apache.org/maven2/org/apache/maven/maven-archiver/3.6.2/maven-archiver-3.6.2.pom
2024-09-24 09:12:09,545 [Worker-45: Creating maven-archetype-simple] INFO  o.e.m.c.i.e.AbstractTransferListenerAdapter - Downloaded https://repo.maven.apache.org/maven2/org/apache/maven/maven-archiver/3.6.2/maven-archiver-3.6.2.pom
2024-09-24 09:12:09,566 [Worker-45: Creating maven-archetype-simple] INFO  o.e.m.c.i.e.AbstractTransferListenerAdapter - Downloading https://repo.maven.apache.org/maven2/org/apache/maven/shared/maven-shared-components/41/maven-shared-components-41.pom
2024-09-24 09:12:09,568 [Worker-45: Creating maven-archetype-simple] INFO  o.e.m.c.i.e.AbstractTransferListenerAdapter - Downloaded https://repo.maven.apache.org/maven2/org/apache/maven/shared/maven-shared-components/41/maven-shared-components-41.pom
2024-09-24 09:12:09,595 [Worker-45: Creating maven-archetype-simple] INFO  o.e.m.c.i.e.AbstractTransferListenerAdapter - Downloading https://repo.maven.apache.org/maven2/org/codehaus/plexus/plexus-archiver/4.9.2/plexus-archiver-4.9.2.pom
2024-09-24 09:12:09,597 [Worker-45: Creating maven-archetype-simple] INFO  o.e.m.c.i.e.AbstractTransferListenerAdapter - Downloaded https://repo.maven.apache.org/maven2/org/codehaus/plexus/plexus-archiver/4.9.2/plexus-archiver-4.9.2.pom
2024-09-24 09:12:09,622 [Worker-45: Creating maven-archetype-simple] INFO  o.e.m.c.i.e.AbstractTransferListenerAdapter - Downloading https://repo.maven.apache.org/maven2/org/codehaus/plexus/plexus-io/3.4.2/plexus-io-3.4.2.pom
2024-09-24 09:12:09,624 [Worker-45: Creating maven-archetype-simple] INFO  o.e.m.c.i.e.AbstractTransferListenerAdapter - Downloaded https://repo.maven.apache.org/maven2/org/codehaus/plexus/plexus-io/3.4.2/plexus-io-3.4.2.pom
2024-09-24 09:12:09,644 [Worker-45: Creating maven-archetype-simple] INFO  o.e.m.c.i.e.AbstractTransferListenerAdapter - Downloading https://repo.maven.apache.org/maven2/org/codehaus/plexus/plexus/16/plexus-16.pom
2024-09-24 09:12:09,646 [Worker-45: Creating maven-archetype-simple] INFO  o.e.m.c.i.e.AbstractTransferListenerAdapter - Downloaded https://repo.maven.apache.org/maven2/org/codehaus/plexus/plexus/16/plexus-16.pom
2024-09-24 09:12:09,670 [Worker-45: Creating maven-archetype-simple] INFO  o.e.m.c.i.e.AbstractTransferListenerAdapter - Downloading https://repo.maven.apache.org/maven2/org/junit/junit-bom/5.10.1/junit-bom-5.10.1.pom
2024-09-24 09:12:09,672 [Worker-45: Creating maven-archetype-simple] INFO  o.e.m.c.i.e.AbstractTransferListenerAdapter - Downloaded https://repo.maven.apache.org/maven2/org/junit/junit-bom/5.10.1/junit-bom-5.10.1.pom
2024-09-24 09:12:09,699 [Worker-45: Creating maven-archetype-simple] INFO  o.e.m.c.i.e.AbstractTransferListenerAdapter - Downloading https://repo.maven.apache.org/maven2/org/apache/commons/commons-compress/1.26.1/commons-compress-1.26.1.pom
2024-09-24 09:12:09,703 [Worker-45: Creating maven-archetype-simple] INFO  o.e.m.c.i.e.AbstractTransferListenerAdapter - Downloaded https://repo.maven.apache.org/maven2/org/apache/commons/commons-compress/1.26.1/commons-compress-1.26.1.pom
2024-09-24 09:12:09,739 [Worker-45: Creating maven-archetype-simple] INFO  o.e.m.c.i.e.AbstractTransferListenerAdapter - Downloading https://repo.maven.apache.org/maven2/org/apache/commons/commons-parent/66/commons-parent-66.pom
2024-09-24 09:12:09,747 [Worker-45: Creating maven-archetype-simple] INFO  o.e.m.c.i.e.AbstractTransferListenerAdapter - Downloaded https://repo.maven.apache.org/maven2/org/apache/commons/commons-parent/66/commons-parent-66.pom
2024-09-24 09:12:09,777 [Worker-45: Creating maven-archetype-simple] INFO  o.e.m.c.i.e.AbstractTransferListenerAdapter - Downloading https://repo.maven.apache.org/maven2/commons-codec/commons-codec/1.16.1/commons-codec-1.16.1.pom
2024-09-24 09:12:09,780 [Worker-45: Creating maven-archetype-simple] INFO  o.e.m.c.i.e.AbstractTransferListenerAdapter - Downloaded https://repo.maven.apache.org/maven2/commons-codec/commons-codec/1.16.1/commons-codec-1.16.1.pom
2024-09-24 09:12:09,813 [Worker-45: Creating maven-archetype-simple] INFO  o.e.m.c.i.e.AbstractTransferListenerAdapter - Downloading https://repo.maven.apache.org/maven2/org/apache/commons/commons-lang3/3.14.0/commons-lang3-3.14.0.pom
2024-09-24 09:12:09,818 [Worker-45: Creating maven-archetype-simple] INFO  o.e.m.c.i.e.AbstractTransferListenerAdapter - Downloaded https://repo.maven.apache.org/maven2/org/apache/commons/commons-lang3/3.14.0/commons-lang3-3.14.0.pom
2024-09-24 09:12:09,838 [Worker-45: Creating maven-archetype-simple] INFO  o.e.m.c.i.e.AbstractTransferListenerAdapter - Downloading https://repo.maven.apache.org/maven2/org/apache/commons/commons-parent/64/commons-parent-64.pom
2024-09-24 09:12:09,844 [Worker-45: Creating maven-archetype-simple] INFO  o.e.m.c.i.e.AbstractTransferListenerAdapter - Downloaded https://repo.maven.apache.org/maven2/org/apache/commons/commons-parent/64/commons-parent-64.pom
2024-09-24 09:12:09,870 [Worker-45: Creating maven-archetype-simple] INFO  o.e.m.c.i.e.AbstractTransferListenerAdapter - Downloading https://repo.maven.apache.org/maven2/org/apache/apache/30/apache-30.pom
2024-09-24 09:12:09,873 [Worker-45: Creating maven-archetype-simple] INFO  o.e.m.c.i.e.AbstractTransferListenerAdapter - Downloaded https://repo.maven.apache.org/maven2/org/apache/apache/30/apache-30.pom
2024-09-24 09:12:09,925 [Worker-45: Creating maven-archetype-simple] INFO  o.e.m.c.i.e.AbstractTransferListenerAdapter - Downloading https://repo.maven.apache.org/maven2/org/tukaani/xz/1.9/xz-1.9.pom
2024-09-24 09:12:09,926 [Worker-45: Creating maven-archetype-simple] INFO  o.e.m.c.i.e.AbstractTransferListenerAdapter - Downloaded https://repo.maven.apache.org/maven2/org/tukaani/xz/1.9/xz-1.9.pom
2024-09-24 09:12:09,953 [Worker-45: Creating maven-archetype-simple] INFO  o.e.m.c.i.e.AbstractTransferListenerAdapter - Downloading https://repo.maven.apache.org/maven2/com/github/luben/zstd-jni/1.5.5-11/zstd-jni-1.5.5-11.pom
2024-09-24 09:12:09,954 [Worker-45: Creating maven-archetype-simple] INFO  o.e.m.c.i.e.AbstractTransferListenerAdapter - Downloaded https://repo.maven.apache.org/maven2/com/github/luben/zstd-jni/1.5.5-11/zstd-jni-1.5.5-11.pom
2024-09-24 09:12:09,981 [Worker-45: Creating maven-archetype-simple] INFO  o.e.m.c.i.e.AbstractTransferListenerAdapter - Downloading https://repo.maven.apache.org/maven2/org/codehaus/plexus/plexus-interpolation/1.27/plexus-interpolation-1.27.pom
2024-09-24 09:12:09,986 [Worker-45: Creating maven-archetype-simple] INFO  o.e.m.c.i.e.AbstractTransferListenerAdapter - Downloaded https://repo.maven.apache.org/maven2/org/codehaus/plexus/plexus-interpolation/1.27/plexus-interpolation-1.27.pom
2024-09-24 09:12:10,022 [Worker-45: Creating maven-archetype-simple] INFO  o.e.m.c.i.e.AbstractTransferListenerAdapter - Downloading https://repo.maven.apache.org/maven2/org/apache/maven/shared/file-management/3.1.0/file-management-3.1.0.jar
2024-09-24 09:12:10,025 [Worker-45: Creating maven-archetype-simple] INFO  o.e.m.c.i.e.AbstractTransferListenerAdapter - Downloaded https://repo.maven.apache.org/maven2/org/apache/maven/shared/file-management/3.1.0/file-management-3.1.0.jar
2024-09-24 09:12:10,064 [BasicRepositoryConnector-repo.maven.apache.org-1-3] INFO  o.e.m.c.i.e.AbstractTransferListenerAdapter - Downloading https://repo.maven.apache.org/maven2/org/codehaus/plexus/plexus-interpolation/1.27/plexus-interpolation-1.27.jar
2024-09-24 09:12:10,064 [BasicRepositoryConnector-repo.maven.apache.org-1-4] INFO  o.e.m.c.i.e.AbstractTransferListenerAdapter - Downloading https://repo.maven.apache.org/maven2/org/codehaus/plexus/plexus-archiver/4.9.2/plexus-archiver-4.9.2.jar
2024-09-24 09:12:10,064 [BasicRepositoryConnector-repo.maven.apache.org-1-0] INFO  o.e.m.c.i.e.AbstractTransferListenerAdapter - Downloading https://repo.maven.apache.org/maven2/org/codehaus/plexus/plexus-utils/4.0.1/plexus-utils-4.0.1.jar
2024-09-24 09:12:10,064 [BasicRepositoryConnector-repo.maven.apache.org-1-2] INFO  o.e.m.c.i.e.AbstractTransferListenerAdapter - Downloading https://repo.maven.apache.org/maven2/org/apache/maven/maven-archiver/3.6.2/maven-archiver-3.6.2.jar
2024-09-24 09:12:10,070 [BasicRepositoryConnector-repo.maven.apache.org-1-1] INFO  o.e.m.c.i.e.AbstractTransferListenerAdapter - Downloading https://repo.maven.apache.org/maven2/commons-io/commons-io/2.16.1/commons-io-2.16.1.jar
2024-09-24 09:12:10,071 [BasicRepositoryConnector-repo.maven.apache.org-1-2] INFO  o.e.m.c.i.e.AbstractTransferListenerAdapter - Downloaded https://repo.maven.apache.org/maven2/org/apache/maven/maven-archiver/3.6.2/maven-archiver-3.6.2.jar
2024-09-24 09:12:10,071 [BasicRepositoryConnector-repo.maven.apache.org-1-0] INFO  o.e.m.c.i.e.AbstractTransferListenerAdapter - Downloaded https://repo.maven.apache.org/maven2/org/codehaus/plexus/plexus-utils/4.0.1/plexus-utils-4.0.1.jar
2024-09-24 09:12:10,071 [BasicRepositoryConnector-repo.maven.apache.org-1-3] INFO  o.e.m.c.i.e.AbstractTransferListenerAdapter - Downloaded https://repo.maven.apache.org/maven2/org/codehaus/plexus/plexus-interpolation/1.27/plexus-interpolation-1.27.jar
2024-09-24 09:12:10,111 [BasicRepositoryConnector-repo.maven.apache.org-1-3] INFO  o.e.m.c.i.e.AbstractTransferListenerAdapter - Downloading https://repo.maven.apache.org/maven2/org/apache/commons/commons-lang3/3.14.0/commons-lang3-3.14.0.jar
2024-09-24 09:12:10,112 [BasicRepositoryConnector-repo.maven.apache.org-1-2] INFO  o.e.m.c.i.e.AbstractTransferListenerAdapter - Downloading https://repo.maven.apache.org/maven2/org/codehaus/plexus/plexus-io/3.4.2/plexus-io-3.4.2.jar
2024-09-24 09:12:10,113 [BasicRepositoryConnector-repo.maven.apache.org-1-0] INFO  o.e.m.c.i.e.AbstractTransferListenerAdapter - Downloading https://repo.maven.apache.org/maven2/org/apache/commons/commons-compress/1.26.1/commons-compress-1.26.1.jar
2024-09-24 09:12:10,121 [BasicRepositoryConnector-repo.maven.apache.org-1-2] INFO  o.e.m.c.i.e.AbstractTransferListenerAdapter - Downloaded https://repo.maven.apache.org/maven2/org/codehaus/plexus/plexus-io/3.4.2/plexus-io-3.4.2.jar
2024-09-24 09:12:10,128 [BasicRepositoryConnector-repo.maven.apache.org-1-1] INFO  o.e.m.c.i.e.AbstractTransferListenerAdapter - Downloaded https://repo.maven.apache.org/maven2/commons-io/commons-io/2.16.1/commons-io-2.16.1.jar
2024-09-24 09:12:10,150 [BasicRepositoryConnector-repo.maven.apache.org-1-4] INFO  o.e.m.c.i.e.AbstractTransferListenerAdapter - Downloaded https://repo.maven.apache.org/maven2/org/codehaus/plexus/plexus-archiver/4.9.2/plexus-archiver-4.9.2.jar
2024-09-24 09:12:10,178 [BasicRepositoryConnector-repo.maven.apache.org-1-2] INFO  o.e.m.c.i.e.AbstractTransferListenerAdapter - Downloading https://repo.maven.apache.org/maven2/commons-codec/commons-codec/1.16.1/commons-codec-1.16.1.jar
2024-09-24 09:12:10,180 [BasicRepositoryConnector-repo.maven.apache.org-1-0] INFO  o.e.m.c.i.e.AbstractTransferListenerAdapter - Downloaded https://repo.maven.apache.org/maven2/org/apache/commons/commons-compress/1.26.1/commons-compress-1.26.1.jar
2024-09-24 09:12:10,189 [BasicRepositoryConnector-repo.maven.apache.org-1-1] INFO  o.e.m.c.i.e.AbstractTransferListenerAdapter - Downloading https://repo.maven.apache.org/maven2/org/tukaani/xz/1.9/xz-1.9.jar
2024-09-24 09:12:10,197 [BasicRepositoryConnector-repo.maven.apache.org-1-1] INFO  o.e.m.c.i.e.AbstractTransferListenerAdapter - Downloaded https://repo.maven.apache.org/maven2/org/tukaani/xz/1.9/xz-1.9.jar
2024-09-24 09:12:10,199 [BasicRepositoryConnector-repo.maven.apache.org-1-4] INFO  o.e.m.c.i.e.AbstractTransferListenerAdapter - Downloading https://repo.maven.apache.org/maven2/com/github/luben/zstd-jni/1.5.5-11/zstd-jni-1.5.5-11.jar
2024-09-24 09:12:10,227 [BasicRepositoryConnector-repo.maven.apache.org-1-2] INFO  o.e.m.c.i.e.AbstractTransferListenerAdapter - Downloaded https://repo.maven.apache.org/maven2/commons-codec/commons-codec/1.16.1/commons-codec-1.16.1.jar
2024-09-24 09:12:10,281 [BasicRepositoryConnector-repo.maven.apache.org-1-3] INFO  o.e.m.c.i.e.AbstractTransferListenerAdapter - Downloaded https://repo.maven.apache.org/maven2/org/apache/commons/commons-lang3/3.14.0/commons-lang3-3.14.0.jar
2024-09-24 09:12:10,583 [BasicRepositoryConnector-repo.maven.apache.org-1-4] INFO  o.e.m.c.i.e.AbstractTransferListenerAdapter - Downloaded https://repo.maven.apache.org/maven2/com/github/luben/zstd-jni/1.5.5-11/zstd-jni-1.5.5-11.jar
2024-09-24 09:12:11,108 [Worker-45: Creating maven-archetype-simple] INFO  o.e.m.c.i.e.AbstractTransferListenerAdapter - Downloading https://repo.maven.apache.org/maven2/org/codehaus/plexus/plexus-utils/3.5.1/plexus-utils-3.5.1.pom
2024-09-24 09:12:11,111 [Worker-45: Creating maven-archetype-simple] INFO  o.e.m.c.i.e.AbstractTransferListenerAdapter - Downloaded https://repo.maven.apache.org/maven2/org/codehaus/plexus/plexus-utils/3.5.1/plexus-utils-3.5.1.pom
2024-09-24 09:12:11,146 [Worker-45: Creating maven-archetype-simple] INFO  o.e.m.c.i.e.AbstractTransferListenerAdapter - Downloading https://repo.maven.apache.org/maven2/org/codehaus/plexus/plexus/10/plexus-10.pom
2024-09-24 09:12:11,148 [Worker-45: Creating maven-archetype-simple] INFO  o.e.m.c.i.e.AbstractTransferListenerAdapter - Downloaded https://repo.maven.apache.org/maven2/org/codehaus/plexus/plexus/10/plexus-10.pom
2024-09-24 09:12:11,185 [Worker-45: Creating maven-archetype-simple] INFO  o.e.m.c.i.e.AbstractTransferListenerAdapter - Downloading https://repo.maven.apache.org/maven2/org/apache/maven/shared/maven-filtering/3.3.1/maven-filtering-3.3.1.pom
2024-09-24 09:12:11,188 [Worker-45: Creating maven-archetype-simple] INFO  o.e.m.c.i.e.AbstractTransferListenerAdapter - Downloaded https://repo.maven.apache.org/maven2/org/apache/maven/shared/maven-filtering/3.3.1/maven-filtering-3.3.1.pom
2024-09-24 09:12:11,216 [Worker-45: Creating maven-archetype-simple] INFO  o.e.m.c.i.e.AbstractTransferListenerAdapter - Downloading https://repo.maven.apache.org/maven2/org/sonatype/plexus/plexus-build-api/0.0.7/plexus-build-api-0.0.7.pom
2024-09-24 09:12:11,217 [Worker-45: Creating maven-archetype-simple] INFO  o.e.m.c.i.e.AbstractTransferListenerAdapter - Downloaded https://repo.maven.apache.org/maven2/org/sonatype/plexus/plexus-build-api/0.0.7/plexus-build-api-0.0.7.pom
2024-09-24 09:12:11,245 [Worker-45: Creating maven-archetype-simple] INFO  o.e.m.c.i.e.AbstractTransferListenerAdapter - Downloading https://repo.maven.apache.org/maven2/org/sonatype/spice/spice-parent/15/spice-parent-15.pom
2024-09-24 09:12:11,248 [Worker-45: Creating maven-archetype-simple] INFO  o.e.m.c.i.e.AbstractTransferListenerAdapter - Downloaded https://repo.maven.apache.org/maven2/org/sonatype/spice/spice-parent/15/spice-parent-15.pom
2024-09-24 09:12:11,269 [Worker-45: Creating maven-archetype-simple] INFO  o.e.m.c.i.e.AbstractTransferListenerAdapter - Downloading https://repo.maven.apache.org/maven2/org/sonatype/forge/forge-parent/5/forge-parent-5.pom
2024-09-24 09:12:11,274 [Worker-45: Creating maven-archetype-simple] INFO  o.e.m.c.i.e.AbstractTransferListenerAdapter - Downloaded https://repo.maven.apache.org/maven2/org/sonatype/forge/forge-parent/5/forge-parent-5.pom
2024-09-24 09:12:11,299 [Worker-45: Creating maven-archetype-simple] INFO  o.e.m.c.i.e.AbstractTransferListenerAdapter - Downloading https://repo.maven.apache.org/maven2/org/codehaus/plexus/plexus-utils/3.5.0/plexus-utils-3.5.0.pom
2024-09-24 09:12:11,301 [Worker-45: Creating maven-archetype-simple] INFO  o.e.m.c.i.e.AbstractTransferListenerAdapter - Downloaded https://repo.maven.apache.org/maven2/org/codehaus/plexus/plexus-utils/3.5.0/plexus-utils-3.5.0.pom
2024-09-24 09:12:11,331 [Worker-45: Creating maven-archetype-simple] INFO  o.e.m.c.i.e.AbstractTransferListenerAdapter - Downloading https://repo.maven.apache.org/maven2/org/apache/commons/commons-lang3/3.12.0/commons-lang3-3.12.0.pom
2024-09-24 09:12:11,333 [Worker-45: Creating maven-archetype-simple] INFO  o.e.m.c.i.e.AbstractTransferListenerAdapter - Downloaded https://repo.maven.apache.org/maven2/org/apache/commons/commons-lang3/3.12.0/commons-lang3-3.12.0.pom
2024-09-24 09:12:11,367 [Worker-45: Creating maven-archetype-simple] INFO  o.e.m.c.i.e.AbstractTransferListenerAdapter - Downloading https://repo.maven.apache.org/maven2/org/junit/junit-bom/5.7.1/junit-bom-5.7.1.pom
2024-09-24 09:12:11,369 [Worker-45: Creating maven-archetype-simple] INFO  o.e.m.c.i.e.AbstractTransferListenerAdapter - Downloaded https://repo.maven.apache.org/maven2/org/junit/junit-bom/5.7.1/junit-bom-5.7.1.pom
2024-09-24 09:12:11,401 [Worker-45: Creating maven-archetype-simple] INFO  o.e.m.c.i.e.AbstractTransferListenerAdapter - Downloading https://repo.maven.apache.org/maven2/org/codehaus/plexus/plexus-utils/3.5.1/plexus-utils-3.5.1.jar
2024-09-24 09:12:11,412 [Worker-45: Creating maven-archetype-simple] INFO  o.e.m.c.i.e.AbstractTransferListenerAdapter - Downloaded https://repo.maven.apache.org/maven2/org/codehaus/plexus/plexus-utils/3.5.1/plexus-utils-3.5.1.jar
2024-09-24 09:12:11,437 [BasicRepositoryConnector-repo.maven.apache.org-2-0] INFO  o.e.m.c.i.e.AbstractTransferListenerAdapter - Downloading https://repo.maven.apache.org/maven2/org/apache/maven/shared/maven-filtering/3.3.1/maven-filtering-3.3.1.jar
2024-09-24 09:12:11,440 [BasicRepositoryConnector-repo.maven.apache.org-2-1] INFO  o.e.m.c.i.e.AbstractTransferListenerAdapter - Downloading https://repo.maven.apache.org/maven2/org/sonatype/plexus/plexus-build-api/0.0.7/plexus-build-api-0.0.7.jar
2024-09-24 09:12:11,440 [BasicRepositoryConnector-repo.maven.apache.org-2-2] INFO  o.e.m.c.i.e.AbstractTransferListenerAdapter - Downloading https://repo.maven.apache.org/maven2/org/apache/commons/commons-lang3/3.12.0/commons-lang3-3.12.0.jar
2024-09-24 09:12:11,446 [BasicRepositoryConnector-repo.maven.apache.org-2-0] INFO  o.e.m.c.i.e.AbstractTransferListenerAdapter - Downloaded https://repo.maven.apache.org/maven2/org/apache/maven/shared/maven-filtering/3.3.1/maven-filtering-3.3.1.jar
2024-09-24 09:12:11,446 [BasicRepositoryConnector-repo.maven.apache.org-2-1] INFO  o.e.m.c.i.e.AbstractTransferListenerAdapter - Downloaded https://repo.maven.apache.org/maven2/org/sonatype/plexus/plexus-build-api/0.0.7/plexus-build-api-0.0.7.jar
2024-09-24 09:12:11,468 [BasicRepositoryConnector-repo.maven.apache.org-2-2] INFO  o.e.m.c.i.e.AbstractTransferListenerAdapter - Downloaded https://repo.maven.apache.org/maven2/org/apache/commons/commons-lang3/3.12.0/commons-lang3-3.12.0.jar
2024-09-24 09:12:11,529 [Worker-45: Creating maven-archetype-simple] INFO  o.e.m.j.i.AbstractJavaProjectConfigurator - Adding source folder /bptn.java/src/main/java
2024-09-24 09:12:11,531 [Worker-45: Creating maven-archetype-simple] INFO  o.e.m.j.i.AbstractJavaProjectConfigurator - Adding resource folder /bptn.java/src/main/resources
2024-09-24 09:12:11,534 [Worker-45: Creating maven-archetype-simple] INFO  o.e.m.j.i.AbstractJavaProjectConfigurator - Adding source folder /bptn.java/src/test/java
2024-09-24 09:12:11,536 [Worker-45: Creating maven-archetype-simple] INFO  o.e.m.j.i.AbstractJavaProjectConfigurator - Adding resource folder /bptn.java/src/test/resources
2024-09-24 09:12:11,721 [Worker-45: Creating maven-archetype-simple] INFO  o.e.m.c.i.p.ProjectConfigurationManager - Imported and configured 1 project(s) in 6 sec
2024-09-24 09:12:12,107 [Worker-51: Download sources and javadoc] INFO  o.e.m.c.i.e.AbstractTransferListenerAdapter - Downloading https://repo.maven.apache.org/maven2/junit/junit/3.8.1/junit-3.8.1-sources.jar
2024-09-24 09:12:12,132 [Worker-51: Download sources and javadoc] INFO  o.e.m.c.i.e.AbstractTransferListenerAdapter - Downloaded https://repo.maven.apache.org/maven2/junit/junit/3.8.1/junit-3.8.1-sources.jar
2024-09-24 09:12:12,151 [Worker-51: Download sources and javadoc] INFO  o.e.m.j.internal.DownloadSourcesJob - Downloaded sources for junit:junit:3.8.1
2024-09-24 09:12:13,849 [Worker-48: Building] INFO  o.a.m.s.f.DefaultMavenResourcesFiltering - skip non existing resourceDirectory /Users/happinessndubisi/Documents/obsidi/workspace-academy-java/bptn.java/src/main/resources
2024-09-24 09:12:13,864 [Worker-48: Building] INFO  o.a.m.s.f.DefaultMavenResourcesFiltering - skip non existing resourceDirectory /Users/happinessndubisi/Documents/obsidi/workspace-academy-java/bptn.java/src/test/resources
2024-09-24 09:29:32,606 [Worker-56: Building] INFO  o.a.m.s.f.DefaultMavenResourcesFiltering - skip non existing resourceDirectory /Users/happinessndubisi/Documents/obsidi/workspace-academy-java/bptn.java/src/main/resources
2024-09-24 09:29:32,631 [Worker-56: Building] INFO  o.a.m.s.f.DefaultMavenResourcesFiltering - skip non existing resourceDirectory /Users/happinessndubisi/Documents/obsidi/workspace-academy-java/bptn.java/src/test/resources
2024-09-24 09:30:38,866 [Worker-58: Building] INFO  o.a.m.s.f.DefaultMavenResourcesFiltering - skip non existing resourceDirectory /Users/happinessndubisi/Documents/obsidi/workspace-academy-java/bptn.java/src/main/resources
2024-09-24 09:30:38,877 [Worker-58: Building] INFO  o.a.m.s.f.DefaultMavenResourcesFiltering - skip non existing resourceDirectory /Users/happinessndubisi/Documents/obsidi/workspace-academy-java/bptn.java/src/test/resources
2024-09-24 09:30:44,517 [Worker-58: Building] INFO  o.a.m.s.f.DefaultMavenResourcesFiltering - skip non existing resourceDirectory /Users/happinessndubisi/Documents/obsidi/workspace-academy-java/bptn.java/src/main/resources
2024-09-24 09:30:44,523 [Worker-58: Building] INFO  o.a.m.s.f.DefaultMavenResourcesFiltering - skip non existing resourceDirectory /Users/happinessndubisi/Documents/obsidi/workspace-academy-java/bptn.java/src/test/resources
2024-09-24 11:14:21,903 [Worker-72: Building] INFO  o.e.m.c.i.l.LifecycleMappingFactory - Using org.eclipse.m2e.jdt.JarLifecycleMapping lifecycle mapping for MavenProject: com.bptn:bptn.java:0.0.1-SNAPSHOT @ /Users/happinessndubisi/Documents/obsidi/workspace-academy-java/bptn.java/pom.xml.
2024-09-24 11:14:22,542 [Worker-72: Building] INFO  o.a.m.s.f.DefaultMavenResourcesFiltering - skip non existing resourceDirectory /Users/happinessndubisi/Documents/obsidi/workspace-academy-java/bptn.java/src/main/resources
2024-09-24 11:14:22,557 [Worker-72: Building] INFO  o.a.m.s.f.DefaultMavenResourcesFiltering - skip non existing resourceDirectory /Users/happinessndubisi/Documents/obsidi/workspace-academy-java/bptn.java/src/test/resources
2024-09-24 11:16:45,848 [Worker-72: Updating Maven Project] INFO  o.e.m.c.i.p.ProjectConfigurationManager - Update started
2024-09-24 11:16:45,956 [Worker-72: Updating Maven Project] INFO  o.e.m.c.i.l.LifecycleMappingFactory - Using org.eclipse.m2e.jdt.JarLifecycleMapping lifecycle mapping for MavenProject: com.bptn:bptn.java:0.0.1-SNAPSHOT @ /Users/happinessndubisi/Documents/obsidi/workspace-academy-java/bptn.java/pom.xml.
2024-09-24 11:16:46,047 [Worker-72: Updating Maven Project] INFO  o.e.m.j.i.AbstractJavaProjectConfigurator - Adding source folder /bptn.java/src/main/java
2024-09-24 11:16:46,050 [Worker-72: Updating Maven Project] INFO  o.e.m.j.i.AbstractJavaProjectConfigurator - Adding resource folder /bptn.java/src/main/resources
2024-09-24 11:16:46,051 [Worker-72: Updating Maven Project] INFO  o.e.m.j.i.AbstractJavaProjectConfigurator - Adding source folder /bptn.java/src/test/java
2024-09-24 11:16:46,052 [Worker-72: Updating Maven Project] INFO  o.e.m.j.i.AbstractJavaProjectConfigurator - Adding resource folder /bptn.java/src/test/resources
2024-09-24 11:16:48,028 [Worker-72: Updating Maven Project] INFO  o.e.m.c.i.p.ProjectConfigurationManager - Update completed for 1 poms: local refresh takes 0.00 sec, refresh facades takes 0.00 sec, update config takes 0.00 sec 
2024-09-24 11:16:49,432 [Worker-70: Building] INFO  o.a.m.s.f.DefaultMavenResourcesFiltering - skip non existing resourceDirectory /Users/happinessndubisi/Documents/obsidi/workspace-academy-java/bptn.java/src/main/resources
2024-09-24 11:16:49,449 [Worker-70: Building] INFO  o.a.m.s.f.DefaultMavenResourcesFiltering - skip non existing resourceDirectory /Users/happinessndubisi/Documents/obsidi/workspace-academy-java/bptn.java/src/test/resources
2024-09-25 13:56:12,084 [Worker-217: Building] INFO  o.a.m.s.f.DefaultMavenResourcesFiltering - skip non existing resourceDirectory /Users/happinessndubisi/Documents/obsidi/workspace-academy-java/bptn.java/src/main/resources
2024-09-25 13:56:12,098 [Worker-217: Building] INFO  o.a.m.s.f.DefaultMavenResourcesFiltering - skip non existing resourceDirectory /Users/happinessndubisi/Documents/obsidi/workspace-academy-java/bptn.java/src/test/resources
2024-09-25 13:56:36,721 [Worker-11: Loading available Gradle versions] INFO  o.e.b.c.i.u.g.PublishedGradleVersions - Gradle version information cache is out-of-date. Trying to update.
2024-09-25 14:14:42,032 [Worker-16: Importing Maven projects] INFO  o.e.m.c.i.e.AbstractTransferListenerAdapter - Downloading https://repo.maven.apache.org/maven2/org/apache/maven/plugins/maven-clean-plugin/3.1.0/maven-clean-plugin-3.1.0.jar
2024-09-25 14:14:42,103 [Worker-16: Importing Maven projects] INFO  o.e.m.c.i.e.AbstractTransferListenerAdapter - Downloaded https://repo.maven.apache.org/maven2/org/apache/maven/plugins/maven-clean-plugin/3.1.0/maven-clean-plugin-3.1.0.jar
2024-09-25 14:14:42,141 [Worker-16: Importing Maven projects] INFO  o.e.m.c.i.e.AbstractTransferListenerAdapter - Downloading https://repo.maven.apache.org/maven2/org/apache/maven/plugins/maven-resources-plugin/3.0.2/maven-resources-plugin-3.0.2.jar
2024-09-25 14:14:42,158 [Worker-16: Importing Maven projects] INFO  o.e.m.c.i.e.AbstractTransferListenerAdapter - Downloaded https://repo.maven.apache.org/maven2/org/apache/maven/plugins/maven-resources-plugin/3.0.2/maven-resources-plugin-3.0.2.jar
2024-09-25 14:14:42,192 [Worker-16: Importing Maven projects] INFO  o.e.m.c.i.e.AbstractTransferListenerAdapter - Downloading https://repo.maven.apache.org/maven2/org/apache/maven/plugins/maven-compiler-plugin/3.8.0/maven-compiler-plugin-3.8.0.jar
2024-09-25 14:14:42,210 [Worker-16: Importing Maven projects] INFO  o.e.m.c.i.e.AbstractTransferListenerAdapter - Downloaded https://repo.maven.apache.org/maven2/org/apache/maven/plugins/maven-compiler-plugin/3.8.0/maven-compiler-plugin-3.8.0.jar
2024-09-25 14:14:42,241 [Worker-16: Importing Maven projects] INFO  o.e.m.c.i.e.AbstractTransferListenerAdapter - Downloading https://repo.maven.apache.org/maven2/org/apache/maven/plugins/maven-surefire-plugin/2.22.1/maven-surefire-plugin-2.22.1.jar
2024-09-25 14:14:42,247 [Worker-16: Importing Maven projects] INFO  o.e.m.c.i.e.AbstractTransferListenerAdapter - Downloaded https://repo.maven.apache.org/maven2/org/apache/maven/plugins/maven-surefire-plugin/2.22.1/maven-surefire-plugin-2.22.1.jar
2024-09-25 14:14:42,274 [Worker-16: Importing Maven projects] INFO  o.e.m.c.i.e.AbstractTransferListenerAdapter - Downloading https://repo.maven.apache.org/maven2/org/apache/maven/plugins/maven-jar-plugin/3.0.2/maven-jar-plugin-3.0.2.jar
2024-09-25 14:14:42,276 [Worker-16: Importing Maven projects] INFO  o.e.m.c.i.e.AbstractTransferListenerAdapter - Downloaded https://repo.maven.apache.org/maven2/org/apache/maven/plugins/maven-jar-plugin/3.0.2/maven-jar-plugin-3.0.2.jar
2024-09-25 14:14:42,305 [Worker-16: Importing Maven projects] INFO  o.e.m.c.i.e.AbstractTransferListenerAdapter - Downloading https://repo.maven.apache.org/maven2/org/apache/maven/plugins/maven-install-plugin/2.5.2/maven-install-plugin-2.5.2.jar
2024-09-25 14:14:42,308 [Worker-16: Importing Maven projects] INFO  o.e.m.c.i.e.AbstractTransferListenerAdapter - Downloaded https://repo.maven.apache.org/maven2/org/apache/maven/plugins/maven-install-plugin/2.5.2/maven-install-plugin-2.5.2.jar
2024-09-25 14:14:42,329 [Worker-16: Importing Maven projects] INFO  o.e.m.c.i.e.AbstractTransferListenerAdapter - Downloading https://repo.maven.apache.org/maven2/org/apache/maven/plugins/maven-deploy-plugin/2.8.2/maven-deploy-plugin-2.8.2.jar
2024-09-25 14:14:42,337 [Worker-16: Importing Maven projects] INFO  o.e.m.c.i.e.AbstractTransferListenerAdapter - Downloaded https://repo.maven.apache.org/maven2/org/apache/maven/plugins/maven-deploy-plugin/2.8.2/maven-deploy-plugin-2.8.2.jar
2024-09-25 14:14:42,366 [Worker-16: Importing Maven projects] INFO  o.e.m.c.i.e.AbstractTransferListenerAdapter - Downloading https://repo.maven.apache.org/maven2/org/apache/maven/plugins/maven-site-plugin/3.7.1/maven-site-plugin-3.7.1.jar
2024-09-25 14:14:42,381 [Worker-16: Importing Maven projects] INFO  o.e.m.c.i.e.AbstractTransferListenerAdapter - Downloaded https://repo.maven.apache.org/maven2/org/apache/maven/plugins/maven-site-plugin/3.7.1/maven-site-plugin-3.7.1.jar
2024-09-25 14:14:42,421 [Worker-16: Importing Maven projects] INFO  o.e.m.c.i.e.AbstractTransferListenerAdapter - Downloading https://repo.maven.apache.org/maven2/org/apache/maven/plugins/maven-compiler-plugin/3.8.0/maven-compiler-plugin-3.8.0.pom
2024-09-25 14:14:42,424 [Worker-16: Importing Maven projects] INFO  o.e.m.c.i.e.AbstractTransferListenerAdapter - Downloaded https://repo.maven.apache.org/maven2/org/apache/maven/plugins/maven-compiler-plugin/3.8.0/maven-compiler-plugin-3.8.0.pom
2024-09-25 14:14:42,455 [Worker-16: Importing Maven projects] INFO  o.e.m.c.i.e.AbstractTransferListenerAdapter - Downloading https://repo.maven.apache.org/maven2/org/apache/maven/plugins/maven-plugins/32/maven-plugins-32.pom
2024-09-25 14:14:42,457 [Worker-16: Importing Maven projects] INFO  o.e.m.c.i.e.AbstractTransferListenerAdapter - Downloaded https://repo.maven.apache.org/maven2/org/apache/maven/plugins/maven-plugins/32/maven-plugins-32.pom
2024-09-25 14:14:42,485 [Worker-16: Importing Maven projects] INFO  o.e.m.c.i.e.AbstractTransferListenerAdapter - Downloading https://repo.maven.apache.org/maven2/org/apache/maven/maven-parent/32/maven-parent-32.pom
2024-09-25 14:14:42,488 [Worker-16: Importing Maven projects] INFO  o.e.m.c.i.e.AbstractTransferListenerAdapter - Downloaded https://repo.maven.apache.org/maven2/org/apache/maven/maven-parent/32/maven-parent-32.pom
2024-09-25 14:14:42,519 [Worker-16: Importing Maven projects] INFO  o.e.m.c.i.e.AbstractTransferListenerAdapter - Downloading https://repo.maven.apache.org/maven2/org/apache/apache/20/apache-20.pom
2024-09-25 14:14:42,523 [Worker-16: Importing Maven projects] INFO  o.e.m.c.i.e.AbstractTransferListenerAdapter - Downloaded https://repo.maven.apache.org/maven2/org/apache/apache/20/apache-20.pom
2024-09-25 14:14:42,712 [Worker-16: Importing Maven projects] INFO  o.e.m.c.i.e.AbstractTransferListenerAdapter - Downloading https://repo.maven.apache.org/maven2/org/codehaus/plexus/plexus-utils/2.0.4/plexus-utils-2.0.4.pom
2024-09-25 14:14:42,714 [Worker-16: Importing Maven projects] INFO  o.e.m.c.i.e.AbstractTransferListenerAdapter - Downloaded https://repo.maven.apache.org/maven2/org/codehaus/plexus/plexus-utils/2.0.4/plexus-utils-2.0.4.pom
2024-09-25 14:14:42,786 [Worker-16: Importing Maven projects] INFO  o.e.m.c.i.e.AbstractTransferListenerAdapter - Downloading https://repo.maven.apache.org/maven2/org/codehaus/plexus/plexus-component-annotations/1.7.1/plexus-component-annotations-1.7.1.pom
2024-09-25 14:14:42,788 [Worker-16: Importing Maven projects] INFO  o.e.m.c.i.e.AbstractTransferListenerAdapter - Downloaded https://repo.maven.apache.org/maven2/org/codehaus/plexus/plexus-component-annotations/1.7.1/plexus-component-annotations-1.7.1.pom
2024-09-25 14:14:42,814 [Worker-16: Importing Maven projects] INFO  o.e.m.c.i.e.AbstractTransferListenerAdapter - Downloading https://repo.maven.apache.org/maven2/org/codehaus/plexus/plexus-containers/1.7.1/plexus-containers-1.7.1.pom
2024-09-25 14:14:42,816 [Worker-16: Importing Maven projects] INFO  o.e.m.c.i.e.AbstractTransferListenerAdapter - Downloaded https://repo.maven.apache.org/maven2/org/codehaus/plexus/plexus-containers/1.7.1/plexus-containers-1.7.1.pom
2024-09-25 14:14:42,894 [Worker-16: Importing Maven projects] INFO  o.e.m.c.i.e.AbstractTransferListenerAdapter - Downloading https://repo.maven.apache.org/maven2/org/codehaus/plexus/plexus-utils/2.0.5/plexus-utils-2.0.5.pom
2024-09-25 14:14:42,899 [Worker-16: Importing Maven projects] INFO  o.e.m.c.i.e.AbstractTransferListenerAdapter - Downloaded https://repo.maven.apache.org/maven2/org/codehaus/plexus/plexus-utils/2.0.5/plexus-utils-2.0.5.pom
2024-09-25 14:14:43,044 [Worker-16: Importing Maven projects] INFO  o.e.m.c.i.e.AbstractTransferListenerAdapter - Downloading https://repo.maven.apache.org/maven2/org/codehaus/plexus/plexus-utils/1.5.5/plexus-utils-1.5.5.pom
2024-09-25 14:14:43,047 [Worker-16: Importing Maven projects] INFO  o.e.m.c.i.e.AbstractTransferListenerAdapter - Downloaded https://repo.maven.apache.org/maven2/org/codehaus/plexus/plexus-utils/1.5.5/plexus-utils-1.5.5.pom
2024-09-25 14:14:43,081 [Worker-16: Importing Maven projects] INFO  o.e.m.c.i.e.AbstractTransferListenerAdapter - Downloading https://repo.maven.apache.org/maven2/org/codehaus/plexus/plexus/1.0.11/plexus-1.0.11.pom
2024-09-25 14:14:43,083 [Worker-16: Importing Maven projects] INFO  o.e.m.c.i.e.AbstractTransferListenerAdapter - Downloaded https://repo.maven.apache.org/maven2/org/codehaus/plexus/plexus/1.0.11/plexus-1.0.11.pom
2024-09-25 14:14:43,201 [Worker-16: Importing Maven projects] INFO  o.e.m.c.i.e.AbstractTransferListenerAdapter - Downloading https://repo.maven.apache.org/maven2/commons-io/commons-io/2.5/commons-io-2.5.pom
2024-09-25 14:14:43,205 [Worker-16: Importing Maven projects] INFO  o.e.m.c.i.e.AbstractTransferListenerAdapter - Downloaded https://repo.maven.apache.org/maven2/commons-io/commons-io/2.5/commons-io-2.5.pom
2024-09-25 14:14:43,288 [Worker-16: Importing Maven projects] INFO  o.e.m.c.i.e.AbstractTransferListenerAdapter - Downloading https://repo.maven.apache.org/maven2/org/apache/maven/maven-plugin-api/2.2.1/maven-plugin-api-2.2.1.pom
2024-09-25 14:14:43,290 [Worker-16: Importing Maven projects] INFO  o.e.m.c.i.e.AbstractTransferListenerAdapter - Downloaded https://repo.maven.apache.org/maven2/org/apache/maven/maven-plugin-api/2.2.1/maven-plugin-api-2.2.1.pom
2024-09-25 14:14:43,312 [Worker-16: Importing Maven projects] INFO  o.e.m.c.i.e.AbstractTransferListenerAdapter - Downloading https://repo.maven.apache.org/maven2/org/apache/maven/maven/2.2.1/maven-2.2.1.pom
2024-09-25 14:14:43,315 [Worker-16: Importing Maven projects] INFO  o.e.m.c.i.e.AbstractTransferListenerAdapter - Downloaded https://repo.maven.apache.org/maven2/org/apache/maven/maven/2.2.1/maven-2.2.1.pom
2024-09-25 14:14:43,339 [Worker-16: Importing Maven projects] INFO  o.e.m.c.i.e.AbstractTransferListenerAdapter - Downloading https://repo.maven.apache.org/maven2/org/apache/maven/maven-parent/11/maven-parent-11.pom
2024-09-25 14:14:43,346 [Worker-16: Importing Maven projects] INFO  o.e.m.c.i.e.AbstractTransferListenerAdapter - Downloaded https://repo.maven.apache.org/maven2/org/apache/maven/maven-parent/11/maven-parent-11.pom
2024-09-25 14:14:43,370 [Worker-16: Importing Maven projects] INFO  o.e.m.c.i.e.AbstractTransferListenerAdapter - Downloading https://repo.maven.apache.org/maven2/org/apache/apache/5/apache-5.pom
2024-09-25 14:14:43,375 [Worker-16: Importing Maven projects] INFO  o.e.m.c.i.e.AbstractTransferListenerAdapter - Downloaded https://repo.maven.apache.org/maven2/org/apache/apache/5/apache-5.pom
2024-09-25 14:14:43,407 [Worker-16: Importing Maven projects] INFO  o.e.m.c.i.e.AbstractTransferListenerAdapter - Downloading https://repo.maven.apache.org/maven2/org/apache/maven/maven-core/2.2.1/maven-core-2.2.1.pom
2024-09-25 14:14:43,412 [Worker-16: Importing Maven projects] INFO  o.e.m.c.i.e.AbstractTransferListenerAdapter - Downloaded https://repo.maven.apache.org/maven2/org/apache/maven/maven-core/2.2.1/maven-core-2.2.1.pom
2024-09-25 14:14:43,462 [Worker-16: Importing Maven projects] INFO  o.e.m.c.i.e.AbstractTransferListenerAdapter - Downloading https://repo.maven.apache.org/maven2/org/apache/maven/maven-settings/2.2.1/maven-settings-2.2.1.pom
2024-09-25 14:14:43,464 [Worker-16: Importing Maven projects] INFO  o.e.m.c.i.e.AbstractTransferListenerAdapter - Downloaded https://repo.maven.apache.org/maven2/org/apache/maven/maven-settings/2.2.1/maven-settings-2.2.1.pom
2024-09-25 14:14:43,504 [Worker-16: Importing Maven projects] INFO  o.e.m.c.i.e.AbstractTransferListenerAdapter - Downloading https://repo.maven.apache.org/maven2/org/apache/maven/maven-model/2.2.1/maven-model-2.2.1.pom
2024-09-25 14:14:43,510 [Worker-16: Importing Maven projects] INFO  o.e.m.c.i.e.AbstractTransferListenerAdapter - Downloaded https://repo.maven.apache.org/maven2/org/apache/maven/maven-model/2.2.1/maven-model-2.2.1.pom
2024-09-25 14:14:43,545 [Worker-16: Importing Maven projects] INFO  o.e.m.c.i.e.AbstractTransferListenerAdapter - Downloading https://repo.maven.apache.org/maven2/org/codehaus/plexus/plexus-utils/1.5.15/plexus-utils-1.5.15.pom
2024-09-25 14:14:43,550 [Worker-16: Importing Maven projects] INFO  o.e.m.c.i.e.AbstractTransferListenerAdapter - Downloaded https://repo.maven.apache.org/maven2/org/codehaus/plexus/plexus-utils/1.5.15/plexus-utils-1.5.15.pom
2024-09-25 14:14:43,596 [Worker-16: Importing Maven projects] INFO  o.e.m.c.i.e.AbstractTransferListenerAdapter - Downloading https://repo.maven.apache.org/maven2/org/codehaus/plexus/plexus/2.0.2/plexus-2.0.2.pom
2024-09-25 14:14:43,600 [Worker-16: Importing Maven projects] INFO  o.e.m.c.i.e.AbstractTransferListenerAdapter - Downloaded https://repo.maven.apache.org/maven2/org/codehaus/plexus/plexus/2.0.2/plexus-2.0.2.pom
2024-09-25 14:14:43,632 [Worker-16: Importing Maven projects] INFO  o.e.m.c.i.e.AbstractTransferListenerAdapter - Downloading https://repo.maven.apache.org/maven2/org/codehaus/plexus/plexus-interpolation/1.11/plexus-interpolation-1.11.pom
2024-09-25 14:14:43,633 [Worker-16: Importing Maven projects] INFO  o.e.m.c.i.e.AbstractTransferListenerAdapter - Downloaded https://repo.maven.apache.org/maven2/org/codehaus/plexus/plexus-interpolation/1.11/plexus-interpolation-1.11.pom
2024-09-25 14:14:43,667 [Worker-16: Importing Maven projects] INFO  o.e.m.c.i.e.AbstractTransferListenerAdapter - Downloading https://repo.maven.apache.org/maven2/org/codehaus/plexus/plexus-components/1.1.14/plexus-components-1.1.14.pom
2024-09-25 14:14:43,668 [Worker-16: Importing Maven projects] INFO  o.e.m.c.i.e.AbstractTransferListenerAdapter - Downloaded https://repo.maven.apache.org/maven2/org/codehaus/plexus/plexus-components/1.1.14/plexus-components-1.1.14.pom
2024-09-25 14:14:43,701 [Worker-16: Importing Maven projects] INFO  o.e.m.c.i.e.AbstractTransferListenerAdapter - Downloading https://repo.maven.apache.org/maven2/org/apache/maven/maven-plugin-parameter-documenter/2.2.1/maven-plugin-parameter-documenter-2.2.1.pom
2024-09-25 14:14:43,703 [Worker-16: Importing Maven projects] INFO  o.e.m.c.i.e.AbstractTransferListenerAdapter - Downloaded https://repo.maven.apache.org/maven2/org/apache/maven/maven-plugin-parameter-documenter/2.2.1/maven-plugin-parameter-documenter-2.2.1.pom
2024-09-25 14:14:43,733 [Worker-16: Importing Maven projects] INFO  o.e.m.c.i.e.AbstractTransferListenerAdapter - Downloading https://repo.maven.apache.org/maven2/org/slf4j/slf4j-jdk14/1.5.6/slf4j-jdk14-1.5.6.pom
2024-09-25 14:14:43,735 [Worker-16: Importing Maven projects] INFO  o.e.m.c.i.e.AbstractTransferListenerAdapter - Downloaded https://repo.maven.apache.org/maven2/org/slf4j/slf4j-jdk14/1.5.6/slf4j-jdk14-1.5.6.pom
2024-09-25 14:14:43,760 [Worker-16: Importing Maven projects] INFO  o.e.m.c.i.e.AbstractTransferListenerAdapter - Downloading https://repo.maven.apache.org/maven2/org/slf4j/slf4j-parent/1.5.6/slf4j-parent-1.5.6.pom
2024-09-25 14:14:43,762 [Worker-16: Importing Maven projects] INFO  o.e.m.c.i.e.AbstractTransferListenerAdapter - Downloaded https://repo.maven.apache.org/maven2/org/slf4j/slf4j-parent/1.5.6/slf4j-parent-1.5.6.pom
2024-09-25 14:14:43,796 [Worker-16: Importing Maven projects] INFO  o.e.m.c.i.e.AbstractTransferListenerAdapter - Downloading https://repo.maven.apache.org/maven2/org/slf4j/slf4j-api/1.5.6/slf4j-api-1.5.6.pom
2024-09-25 14:14:43,799 [Worker-16: Importing Maven projects] INFO  o.e.m.c.i.e.AbstractTransferListenerAdapter - Downloaded https://repo.maven.apache.org/maven2/org/slf4j/slf4j-api/1.5.6/slf4j-api-1.5.6.pom
2024-09-25 14:14:43,823 [Worker-16: Importing Maven projects] INFO  o.e.m.c.i.e.AbstractTransferListenerAdapter - Downloading https://repo.maven.apache.org/maven2/org/slf4j/jcl-over-slf4j/1.5.6/jcl-over-slf4j-1.5.6.pom
2024-09-25 14:14:43,825 [Worker-16: Importing Maven projects] INFO  o.e.m.c.i.e.AbstractTransferListenerAdapter - Downloaded https://repo.maven.apache.org/maven2/org/slf4j/jcl-over-slf4j/1.5.6/jcl-over-slf4j-1.5.6.pom
2024-09-25 14:14:43,851 [Worker-16: Importing Maven projects] INFO  o.e.m.c.i.e.AbstractTransferListenerAdapter - Downloading https://repo.maven.apache.org/maven2/org/apache/maven/maven-profile/2.2.1/maven-profile-2.2.1.pom
2024-09-25 14:14:43,853 [Worker-16: Importing Maven projects] INFO  o.e.m.c.i.e.AbstractTransferListenerAdapter - Downloaded https://repo.maven.apache.org/maven2/org/apache/maven/maven-profile/2.2.1/maven-profile-2.2.1.pom
2024-09-25 14:14:43,887 [Worker-16: Importing Maven projects] INFO  o.e.m.c.i.e.AbstractTransferListenerAdapter - Downloading https://repo.maven.apache.org/maven2/org/apache/maven/maven-artifact/2.2.1/maven-artifact-2.2.1.pom
2024-09-25 14:14:43,889 [Worker-16: Importing Maven projects] INFO  o.e.m.c.i.e.AbstractTransferListenerAdapter - Downloaded https://repo.maven.apache.org/maven2/org/apache/maven/maven-artifact/2.2.1/maven-artifact-2.2.1.pom
2024-09-25 14:14:43,930 [Worker-16: Importing Maven projects] INFO  o.e.m.c.i.e.AbstractTransferListenerAdapter - Downloading https://repo.maven.apache.org/maven2/org/apache/maven/maven-repository-metadata/2.2.1/maven-repository-metadata-2.2.1.pom
2024-09-25 14:14:43,931 [Worker-16: Importing Maven projects] INFO  o.e.m.c.i.e.AbstractTransferListenerAdapter - Downloaded https://repo.maven.apache.org/maven2/org/apache/maven/maven-repository-metadata/2.2.1/maven-repository-metadata-2.2.1.pom
2024-09-25 14:14:43,961 [Worker-16: Importing Maven projects] INFO  o.e.m.c.i.e.AbstractTransferListenerAdapter - Downloading https://repo.maven.apache.org/maven2/org/apache/maven/maven-error-diagnostics/2.2.1/maven-error-diagnostics-2.2.1.pom
2024-09-25 14:14:43,962 [Worker-16: Importing Maven projects] INFO  o.e.m.c.i.e.AbstractTransferListenerAdapter - Downloaded https://repo.maven.apache.org/maven2/org/apache/maven/maven-error-diagnostics/2.2.1/maven-error-diagnostics-2.2.1.pom
2024-09-25 14:14:43,987 [Worker-16: Importing Maven projects] INFO  o.e.m.c.i.e.AbstractTransferListenerAdapter - Downloading https://repo.maven.apache.org/maven2/org/apache/maven/maven-project/2.2.1/maven-project-2.2.1.pom
2024-09-25 14:14:43,990 [Worker-16: Importing Maven projects] INFO  o.e.m.c.i.e.AbstractTransferListenerAdapter - Downloaded https://repo.maven.apache.org/maven2/org/apache/maven/maven-project/2.2.1/maven-project-2.2.1.pom
2024-09-25 14:14:44,015 [Worker-16: Importing Maven projects] INFO  o.e.m.c.i.e.AbstractTransferListenerAdapter - Downloading https://repo.maven.apache.org/maven2/org/apache/maven/maven-artifact-manager/2.2.1/maven-artifact-manager-2.2.1.pom
2024-09-25 14:14:44,020 [Worker-16: Importing Maven projects] INFO  o.e.m.c.i.e.AbstractTransferListenerAdapter - Downloaded https://repo.maven.apache.org/maven2/org/apache/maven/maven-artifact-manager/2.2.1/maven-artifact-manager-2.2.1.pom
2024-09-25 14:14:44,049 [Worker-16: Importing Maven projects] INFO  o.e.m.c.i.e.AbstractTransferListenerAdapter - Downloading https://repo.maven.apache.org/maven2/backport-util-concurrent/backport-util-concurrent/3.1/backport-util-concurrent-3.1.pom
2024-09-25 14:14:44,051 [Worker-16: Importing Maven projects] INFO  o.e.m.c.i.e.AbstractTransferListenerAdapter - Downloaded https://repo.maven.apache.org/maven2/backport-util-concurrent/backport-util-concurrent/3.1/backport-util-concurrent-3.1.pom
2024-09-25 14:14:44,075 [Worker-16: Importing Maven projects] INFO  o.e.m.c.i.e.AbstractTransferListenerAdapter - Downloading https://repo.maven.apache.org/maven2/org/apache/maven/maven-plugin-registry/2.2.1/maven-plugin-registry-2.2.1.pom
2024-09-25 14:14:44,077 [Worker-16: Importing Maven projects] INFO  o.e.m.c.i.e.AbstractTransferListenerAdapter - Downloaded https://repo.maven.apache.org/maven2/org/apache/maven/maven-plugin-registry/2.2.1/maven-plugin-registry-2.2.1.pom
2024-09-25 14:14:44,117 [Worker-16: Importing Maven projects] INFO  o.e.m.c.i.e.AbstractTransferListenerAdapter - Downloading https://repo.maven.apache.org/maven2/org/apache/maven/maven-plugin-descriptor/2.2.1/maven-plugin-descriptor-2.2.1.pom
2024-09-25 14:14:44,119 [Worker-16: Importing Maven projects] INFO  o.e.m.c.i.e.AbstractTransferListenerAdapter - Downloaded https://repo.maven.apache.org/maven2/org/apache/maven/maven-plugin-descriptor/2.2.1/maven-plugin-descriptor-2.2.1.pom
2024-09-25 14:14:44,172 [Worker-16: Importing Maven projects] INFO  o.e.m.c.i.e.AbstractTransferListenerAdapter - Downloading https://repo.maven.apache.org/maven2/org/apache/maven/maven-monitor/2.2.1/maven-monitor-2.2.1.pom
2024-09-25 14:14:44,176 [Worker-16: Importing Maven projects] INFO  o.e.m.c.i.e.AbstractTransferListenerAdapter - Downloaded https://repo.maven.apache.org/maven2/org/apache/maven/maven-monitor/2.2.1/maven-monitor-2.2.1.pom
2024-09-25 14:14:44,223 [Worker-16: Importing Maven projects] INFO  o.e.m.c.i.e.AbstractTransferListenerAdapter - Downloading https://repo.maven.apache.org/maven2/org/apache/maven/shared/maven-shared-utils/0.1/maven-shared-utils-0.1.pom
2024-09-25 14:14:44,232 [Worker-16: Importing Maven projects] INFO  o.e.m.c.i.e.AbstractTransferListenerAdapter - Downloaded https://repo.maven.apache.org/maven2/org/apache/maven/shared/maven-shared-utils/0.1/maven-shared-utils-0.1.pom
2024-09-25 14:14:44,275 [Worker-16: Importing Maven projects] INFO  o.e.m.c.i.e.AbstractTransferListenerAdapter - Downloading https://repo.maven.apache.org/maven2/org/codehaus/plexus/plexus-java/0.9.10/plexus-java-0.9.10.pom
2024-09-25 14:14:44,278 [Worker-16: Importing Maven projects] INFO  o.e.m.c.i.e.AbstractTransferListenerAdapter - Downloaded https://repo.maven.apache.org/maven2/org/codehaus/plexus/plexus-java/0.9.10/plexus-java-0.9.10.pom
2024-09-25 14:14:44,307 [Worker-16: Importing Maven projects] INFO  o.e.m.c.i.e.AbstractTransferListenerAdapter - Downloading https://repo.maven.apache.org/maven2/org/codehaus/plexus/plexus-languages/0.9.10/plexus-languages-0.9.10.pom
2024-09-25 14:14:44,309 [Worker-16: Importing Maven projects] INFO  o.e.m.c.i.e.AbstractTransferListenerAdapter - Downloaded https://repo.maven.apache.org/maven2/org/codehaus/plexus/plexus-languages/0.9.10/plexus-languages-0.9.10.pom
2024-09-25 14:14:44,333 [Worker-16: Importing Maven projects] INFO  o.e.m.c.i.e.AbstractTransferListenerAdapter - Downloading https://repo.maven.apache.org/maven2/org/ow2/asm/asm/6.2/asm-6.2.pom
2024-09-25 14:14:44,334 [Worker-16: Importing Maven projects] INFO  o.e.m.c.i.e.AbstractTransferListenerAdapter - Downloaded https://repo.maven.apache.org/maven2/org/ow2/asm/asm/6.2/asm-6.2.pom
2024-09-25 14:14:44,360 [Worker-16: Importing Maven projects] INFO  o.e.m.c.i.e.AbstractTransferListenerAdapter - Downloading https://repo.maven.apache.org/maven2/org/ow2/ow2/1.5/ow2-1.5.pom
2024-09-25 14:14:44,363 [Worker-16: Importing Maven projects] INFO  o.e.m.c.i.e.AbstractTransferListenerAdapter - Downloaded https://repo.maven.apache.org/maven2/org/ow2/ow2/1.5/ow2-1.5.pom
2024-09-25 14:14:44,396 [Worker-16: Importing Maven projects] INFO  o.e.m.c.i.e.AbstractTransferListenerAdapter - Downloading https://repo.maven.apache.org/maven2/com/thoughtworks/qdox/qdox/2.0-M9/qdox-2.0-M9.pom
2024-09-25 14:14:44,398 [Worker-16: Importing Maven projects] INFO  o.e.m.c.i.e.AbstractTransferListenerAdapter - Downloaded https://repo.maven.apache.org/maven2/com/thoughtworks/qdox/qdox/2.0-M9/qdox-2.0-M9.pom
2024-09-25 14:14:44,432 [Worker-16: Importing Maven projects] INFO  o.e.m.c.i.e.AbstractTransferListenerAdapter - Downloading https://repo.maven.apache.org/maven2/org/codehaus/plexus/plexus-compiler-api/2.8.4/plexus-compiler-api-2.8.4.pom
2024-09-25 14:14:44,436 [Worker-16: Importing Maven projects] INFO  o.e.m.c.i.e.AbstractTransferListenerAdapter - Downloaded https://repo.maven.apache.org/maven2/org/codehaus/plexus/plexus-compiler-api/2.8.4/plexus-compiler-api-2.8.4.pom
2024-09-25 14:14:44,461 [Worker-16: Importing Maven projects] INFO  o.e.m.c.i.e.AbstractTransferListenerAdapter - Downloading https://repo.maven.apache.org/maven2/org/codehaus/plexus/plexus-compiler/2.8.4/plexus-compiler-2.8.4.pom
2024-09-25 14:14:44,464 [Worker-16: Importing Maven projects] INFO  o.e.m.c.i.e.AbstractTransferListenerAdapter - Downloaded https://repo.maven.apache.org/maven2/org/codehaus/plexus/plexus-compiler/2.8.4/plexus-compiler-2.8.4.pom
2024-09-25 14:14:44,496 [Worker-16: Importing Maven projects] INFO  o.e.m.c.i.e.AbstractTransferListenerAdapter - Downloading https://repo.maven.apache.org/maven2/org/codehaus/plexus/plexus-utils/3.0.22/plexus-utils-3.0.22.pom
2024-09-25 14:14:44,499 [Worker-16: Importing Maven projects] INFO  o.e.m.c.i.e.AbstractTransferListenerAdapter - Downloaded https://repo.maven.apache.org/maven2/org/codehaus/plexus/plexus-utils/3.0.22/plexus-utils-3.0.22.pom
2024-09-25 14:14:44,590 [Worker-16: Importing Maven projects] INFO  o.e.m.c.i.e.AbstractTransferListenerAdapter - Downloading https://repo.maven.apache.org/maven2/org/codehaus/plexus/plexus/3.3.1/plexus-3.3.1.pom
2024-09-25 14:14:44,593 [Worker-16: Importing Maven projects] INFO  o.e.m.c.i.e.AbstractTransferListenerAdapter - Downloaded https://repo.maven.apache.org/maven2/org/codehaus/plexus/plexus/3.3.1/plexus-3.3.1.pom
2024-09-25 14:14:44,627 [Worker-16: Importing Maven projects] INFO  o.e.m.c.i.e.AbstractTransferListenerAdapter - Downloading https://repo.maven.apache.org/maven2/org/sonatype/spice/spice-parent/17/spice-parent-17.pom
2024-09-25 14:14:44,629 [Worker-16: Importing Maven projects] INFO  o.e.m.c.i.e.AbstractTransferListenerAdapter - Downloaded https://repo.maven.apache.org/maven2/org/sonatype/spice/spice-parent/17/spice-parent-17.pom
2024-09-25 14:14:44,659 [Worker-16: Importing Maven projects] INFO  o.e.m.c.i.e.AbstractTransferListenerAdapter - Downloading https://repo.maven.apache.org/maven2/org/codehaus/plexus/plexus-compiler-manager/2.8.4/plexus-compiler-manager-2.8.4.pom
2024-09-25 14:14:44,660 [Worker-16: Importing Maven projects] INFO  o.e.m.c.i.e.AbstractTransferListenerAdapter - Downloaded https://repo.maven.apache.org/maven2/org/codehaus/plexus/plexus-compiler-manager/2.8.4/plexus-compiler-manager-2.8.4.pom
2024-09-25 14:14:44,691 [Worker-16: Importing Maven projects] INFO  o.e.m.c.i.e.AbstractTransferListenerAdapter - Downloading https://repo.maven.apache.org/maven2/org/codehaus/plexus/plexus-compiler-javac/2.8.4/plexus-compiler-javac-2.8.4.pom
2024-09-25 14:14:44,695 [Worker-16: Importing Maven projects] INFO  o.e.m.c.i.e.AbstractTransferListenerAdapter - Downloaded https://repo.maven.apache.org/maven2/org/codehaus/plexus/plexus-compiler-javac/2.8.4/plexus-compiler-javac-2.8.4.pom
2024-09-25 14:14:44,717 [Worker-16: Importing Maven projects] INFO  o.e.m.c.i.e.AbstractTransferListenerAdapter - Downloading https://repo.maven.apache.org/maven2/org/codehaus/plexus/plexus-compilers/2.8.4/plexus-compilers-2.8.4.pom
2024-09-25 14:14:44,718 [Worker-16: Importing Maven projects] INFO  o.e.m.c.i.e.AbstractTransferListenerAdapter - Downloaded https://repo.maven.apache.org/maven2/org/codehaus/plexus/plexus-compilers/2.8.4/plexus-compilers-2.8.4.pom
2024-09-25 14:14:44,775 [Worker-16: Importing Maven projects] INFO  o.e.m.c.i.e.AbstractTransferListenerAdapter - Downloading https://repo.maven.apache.org/maven2/org/apache/maven/maven-plugin-api/3.0/maven-plugin-api-3.0.jar
2024-09-25 14:14:44,778 [Worker-16: Importing Maven projects] INFO  o.e.m.c.i.e.AbstractTransferListenerAdapter - Downloaded https://repo.maven.apache.org/maven2/org/apache/maven/maven-plugin-api/3.0/maven-plugin-api-3.0.jar
2024-09-25 14:14:44,805 [BasicRepositoryConnector-repo.maven.apache.org-0-1] INFO  o.e.m.c.i.e.AbstractTransferListenerAdapter - Downloading https://repo.maven.apache.org/maven2/org/apache/maven/maven-artifact/3.0/maven-artifact-3.0.jar
2024-09-25 14:14:44,811 [BasicRepositoryConnector-repo.maven.apache.org-0-1] INFO  o.e.m.c.i.e.AbstractTransferListenerAdapter - Downloaded https://repo.maven.apache.org/maven2/org/apache/maven/maven-artifact/3.0/maven-artifact-3.0.jar
2024-09-25 14:14:44,845 [BasicRepositoryConnector-repo.maven.apache.org-0-1] INFO  o.e.m.c.i.e.AbstractTransferListenerAdapter - Downloading https://repo.maven.apache.org/maven2/org/apache/maven/maven-settings-builder/3.0/maven-settings-builder-3.0.jar
2024-09-25 14:14:44,850 [BasicRepositoryConnector-repo.maven.apache.org-0-1] INFO  o.e.m.c.i.e.AbstractTransferListenerAdapter - Downloaded https://repo.maven.apache.org/maven2/org/apache/maven/maven-settings-builder/3.0/maven-settings-builder-3.0.jar
2024-09-25 14:14:44,872 [BasicRepositoryConnector-repo.maven.apache.org-0-1] INFO  o.e.m.c.i.e.AbstractTransferListenerAdapter - Downloading https://repo.maven.apache.org/maven2/org/sonatype/aether/aether-impl/1.7/aether-impl-1.7.jar
2024-09-25 14:14:44,877 [BasicRepositoryConnector-repo.maven.apache.org-0-1] INFO  o.e.m.c.i.e.AbstractTransferListenerAdapter - Downloaded https://repo.maven.apache.org/maven2/org/sonatype/aether/aether-impl/1.7/aether-impl-1.7.jar
2024-09-25 14:14:44,888 [BasicRepositoryConnector-repo.maven.apache.org-0-2] INFO  o.e.m.c.i.e.AbstractTransferListenerAdapter - Downloading https://repo.maven.apache.org/maven2/org/codehaus/plexus/plexus-utils/2.0.4/plexus-utils-2.0.4.jar
2024-09-25 14:14:44,888 [BasicRepositoryConnector-repo.maven.apache.org-0-4] INFO  o.e.m.c.i.e.AbstractTransferListenerAdapter - Downloading https://repo.maven.apache.org/maven2/org/apache/maven/maven-settings/3.0/maven-settings-3.0.jar
2024-09-25 14:14:44,888 [BasicRepositoryConnector-repo.maven.apache.org-0-3] INFO  o.e.m.c.i.e.AbstractTransferListenerAdapter - Downloading https://repo.maven.apache.org/maven2/org/apache/maven/maven-core/3.0/maven-core-3.0.jar
2024-09-25 14:14:44,902 [BasicRepositoryConnector-repo.maven.apache.org-0-0] INFO  o.e.m.c.i.e.AbstractTransferListenerAdapter - Downloading https://repo.maven.apache.org/maven2/org/apache/maven/maven-model/3.0/maven-model-3.0.jar
2024-09-25 14:14:44,905 [BasicRepositoryConnector-repo.maven.apache.org-0-1] INFO  o.e.m.c.i.e.AbstractTransferListenerAdapter - Downloading https://repo.maven.apache.org/maven2/org/sonatype/aether/aether-spi/1.7/aether-spi-1.7.jar
2024-09-25 14:14:44,907 [BasicRepositoryConnector-repo.maven.apache.org-0-1] INFO  o.e.m.c.i.e.AbstractTransferListenerAdapter - Downloaded https://repo.maven.apache.org/maven2/org/sonatype/aether/aether-spi/1.7/aether-spi-1.7.jar
2024-09-25 14:14:44,923 [BasicRepositoryConnector-repo.maven.apache.org-0-1] INFO  o.e.m.c.i.e.AbstractTransferListenerAdapter - Downloading https://repo.maven.apache.org/maven2/org/sonatype/aether/aether-api/1.7/aether-api-1.7.jar
2024-09-25 14:14:44,923 [BasicRepositoryConnector-repo.maven.apache.org-0-4] INFO  o.e.m.c.i.e.AbstractTransferListenerAdapter - Downloaded https://repo.maven.apache.org/maven2/org/apache/maven/maven-settings/3.0/maven-settings-3.0.jar
2024-09-25 14:14:44,933 [BasicRepositoryConnector-repo.maven.apache.org-0-1] INFO  o.e.m.c.i.e.AbstractTransferListenerAdapter - Downloaded https://repo.maven.apache.org/maven2/org/sonatype/aether/aether-api/1.7/aether-api-1.7.jar
2024-09-25 14:14:44,952 [BasicRepositoryConnector-repo.maven.apache.org-0-4] INFO  o.e.m.c.i.e.AbstractTransferListenerAdapter - Downloading https://repo.maven.apache.org/maven2/org/codehaus/plexus/plexus-interpolation/1.14/plexus-interpolation-1.14.jar
2024-09-25 14:14:44,961 [BasicRepositoryConnector-repo.maven.apache.org-0-1] INFO  o.e.m.c.i.e.AbstractTransferListenerAdapter - Downloading https://repo.maven.apache.org/maven2/org/codehaus/plexus/plexus-component-annotations/1.7.1/plexus-component-annotations-1.7.1.jar
2024-09-25 14:14:44,976 [BasicRepositoryConnector-repo.maven.apache.org-0-2] INFO  o.e.m.c.i.e.AbstractTransferListenerAdapter - Downloaded https://repo.maven.apache.org/maven2/org/codehaus/plexus/plexus-utils/2.0.4/plexus-utils-2.0.4.jar
2024-09-25 14:14:44,976 [BasicRepositoryConnector-repo.maven.apache.org-0-0] INFO  o.e.m.c.i.e.AbstractTransferListenerAdapter - Downloaded https://repo.maven.apache.org/maven2/org/apache/maven/maven-model/3.0/maven-model-3.0.jar
2024-09-25 14:14:44,976 [BasicRepositoryConnector-repo.maven.apache.org-0-1] INFO  o.e.m.c.i.e.AbstractTransferListenerAdapter - Downloaded https://repo.maven.apache.org/maven2/org/codehaus/plexus/plexus-component-annotations/1.7.1/plexus-component-annotations-1.7.1.jar
2024-09-25 14:14:44,977 [BasicRepositoryConnector-repo.maven.apache.org-0-4] INFO  o.e.m.c.i.e.AbstractTransferListenerAdapter - Downloaded https://repo.maven.apache.org/maven2/org/codehaus/plexus/plexus-interpolation/1.14/plexus-interpolation-1.14.jar
2024-09-25 14:14:44,994 [BasicRepositoryConnector-repo.maven.apache.org-0-3] INFO  o.e.m.c.i.e.AbstractTransferListenerAdapter - Downloaded https://repo.maven.apache.org/maven2/org/apache/maven/maven-core/3.0/maven-core-3.0.jar
2024-09-25 14:14:44,999 [BasicRepositoryConnector-repo.maven.apache.org-0-0] INFO  o.e.m.c.i.e.AbstractTransferListenerAdapter - Downloading https://repo.maven.apache.org/maven2/org/sonatype/plexus/plexus-cipher/1.4/plexus-cipher-1.4.jar
2024-09-25 14:14:44,999 [BasicRepositoryConnector-repo.maven.apache.org-0-2] INFO  o.e.m.c.i.e.AbstractTransferListenerAdapter - Downloading https://repo.maven.apache.org/maven2/org/sonatype/plexus/plexus-sec-dispatcher/1.3/plexus-sec-dispatcher-1.3.jar
2024-09-25 14:14:45,000 [BasicRepositoryConnector-repo.maven.apache.org-0-1] INFO  o.e.m.c.i.e.AbstractTransferListenerAdapter - Downloading https://repo.maven.apache.org/maven2/org/apache/maven/shared/maven-shared-utils/3.2.1/maven-shared-utils-3.2.1.jar
2024-09-25 14:14:45,001 [BasicRepositoryConnector-repo.maven.apache.org-0-0] INFO  o.e.m.c.i.e.AbstractTransferListenerAdapter - Downloaded https://repo.maven.apache.org/maven2/org/sonatype/plexus/plexus-cipher/1.4/plexus-cipher-1.4.jar
2024-09-25 14:14:45,004 [BasicRepositoryConnector-repo.maven.apache.org-0-2] INFO  o.e.m.c.i.e.AbstractTransferListenerAdapter - Downloaded https://repo.maven.apache.org/maven2/org/sonatype/plexus/plexus-sec-dispatcher/1.3/plexus-sec-dispatcher-1.3.jar
2024-09-25 14:14:45,007 [BasicRepositoryConnector-repo.maven.apache.org-0-4] INFO  o.e.m.c.i.e.AbstractTransferListenerAdapter - Downloading https://repo.maven.apache.org/maven2/commons-io/commons-io/2.5/commons-io-2.5.jar
2024-09-25 14:14:45,013 [BasicRepositoryConnector-repo.maven.apache.org-0-1] INFO  o.e.m.c.i.e.AbstractTransferListenerAdapter - Downloaded https://repo.maven.apache.org/maven2/org/apache/maven/shared/maven-shared-utils/3.2.1/maven-shared-utils-3.2.1.jar
2024-09-25 14:14:45,020 [BasicRepositoryConnector-repo.maven.apache.org-0-4] INFO  o.e.m.c.i.e.AbstractTransferListenerAdapter - Downloaded https://repo.maven.apache.org/maven2/commons-io/commons-io/2.5/commons-io-2.5.jar
2024-09-25 14:14:45,024 [BasicRepositoryConnector-repo.maven.apache.org-0-3] INFO  o.e.m.c.i.e.AbstractTransferListenerAdapter - Downloading https://repo.maven.apache.org/maven2/org/codehaus/plexus/plexus-java/0.9.10/plexus-java-0.9.10.jar
2024-09-25 14:14:45,025 [BasicRepositoryConnector-repo.maven.apache.org-0-3] INFO  o.e.m.c.i.e.AbstractTransferListenerAdapter - Downloaded https://repo.maven.apache.org/maven2/org/codehaus/plexus/plexus-java/0.9.10/plexus-java-0.9.10.jar
2024-09-25 14:14:45,044 [BasicRepositoryConnector-repo.maven.apache.org-0-0] INFO  o.e.m.c.i.e.AbstractTransferListenerAdapter - Downloading https://repo.maven.apache.org/maven2/org/ow2/asm/asm/6.2/asm-6.2.jar
2024-09-25 14:14:45,044 [BasicRepositoryConnector-repo.maven.apache.org-0-1] INFO  o.e.m.c.i.e.AbstractTransferListenerAdapter - Downloading https://repo.maven.apache.org/maven2/org/codehaus/plexus/plexus-compiler-api/2.8.4/plexus-compiler-api-2.8.4.jar
2024-09-25 14:14:45,044 [BasicRepositoryConnector-repo.maven.apache.org-0-2] INFO  o.e.m.c.i.e.AbstractTransferListenerAdapter - Downloading https://repo.maven.apache.org/maven2/com/thoughtworks/qdox/qdox/2.0-M9/qdox-2.0-M9.jar
2024-09-25 14:14:45,047 [BasicRepositoryConnector-repo.maven.apache.org-0-1] INFO  o.e.m.c.i.e.AbstractTransferListenerAdapter - Downloaded https://repo.maven.apache.org/maven2/org/codehaus/plexus/plexus-compiler-api/2.8.4/plexus-compiler-api-2.8.4.jar
2024-09-25 14:14:45,051 [BasicRepositoryConnector-repo.maven.apache.org-0-4] INFO  o.e.m.c.i.e.AbstractTransferListenerAdapter - Downloading https://repo.maven.apache.org/maven2/org/codehaus/plexus/plexus-compiler-manager/2.8.4/plexus-compiler-manager-2.8.4.jar
2024-09-25 14:14:45,051 [BasicRepositoryConnector-repo.maven.apache.org-0-3] INFO  o.e.m.c.i.e.AbstractTransferListenerAdapter - Downloading https://repo.maven.apache.org/maven2/org/codehaus/plexus/plexus-compiler-javac/2.8.4/plexus-compiler-javac-2.8.4.jar
2024-09-25 14:14:45,053 [BasicRepositoryConnector-repo.maven.apache.org-0-4] INFO  o.e.m.c.i.e.AbstractTransferListenerAdapter - Downloaded https://repo.maven.apache.org/maven2/org/codehaus/plexus/plexus-compiler-manager/2.8.4/plexus-compiler-manager-2.8.4.jar
2024-09-25 14:14:45,053 [BasicRepositoryConnector-repo.maven.apache.org-0-3] INFO  o.e.m.c.i.e.AbstractTransferListenerAdapter - Downloaded https://repo.maven.apache.org/maven2/org/codehaus/plexus/plexus-compiler-javac/2.8.4/plexus-compiler-javac-2.8.4.jar
2024-09-25 14:14:45,054 [BasicRepositoryConnector-repo.maven.apache.org-0-0] INFO  o.e.m.c.i.e.AbstractTransferListenerAdapter - Downloaded https://repo.maven.apache.org/maven2/org/ow2/asm/asm/6.2/asm-6.2.jar
2024-09-25 14:14:45,077 [BasicRepositoryConnector-repo.maven.apache.org-0-2] INFO  o.e.m.c.i.e.AbstractTransferListenerAdapter - Downloaded https://repo.maven.apache.org/maven2/com/thoughtworks/qdox/qdox/2.0-M9/qdox-2.0-M9.jar
2024-09-25 14:14:45,307 [Worker-16: Importing Maven projects] INFO  o.e.m.c.i.l.LifecycleMappingFactory - Using org.eclipse.m2e.jdt.JarLifecycleMapping lifecycle mapping for MavenProject: com.bptn:academy-java:0.0.1-SNAPSHOT @ /Users/happinessndubisi/Documents/obsidi/workspace-academy-java/academy-java/pom.xml.
2024-09-25 14:14:45,361 [Worker-16: Importing Maven projects] INFO  o.e.m.c.i.e.AbstractTransferListenerAdapter - Downloading https://repo.maven.apache.org/maven2/org/apache/maven/plugins/maven-resources-plugin/3.0.2/maven-resources-plugin-3.0.2.pom
2024-09-25 14:14:45,364 [Worker-16: Importing Maven projects] INFO  o.e.m.c.i.e.AbstractTransferListenerAdapter - Downloaded https://repo.maven.apache.org/maven2/org/apache/maven/plugins/maven-resources-plugin/3.0.2/maven-resources-plugin-3.0.2.pom
2024-09-25 14:14:45,395 [Worker-16: Importing Maven projects] INFO  o.e.m.c.i.e.AbstractTransferListenerAdapter - Downloading https://repo.maven.apache.org/maven2/org/apache/maven/plugins/maven-plugins/30/maven-plugins-30.pom
2024-09-25 14:14:45,400 [Worker-16: Importing Maven projects] INFO  o.e.m.c.i.e.AbstractTransferListenerAdapter - Downloaded https://repo.maven.apache.org/maven2/org/apache/maven/plugins/maven-plugins/30/maven-plugins-30.pom
2024-09-25 14:14:45,457 [Worker-16: Importing Maven projects] INFO  o.e.m.c.i.e.AbstractTransferListenerAdapter - Downloading https://repo.maven.apache.org/maven2/org/apache/maven/plugins/maven-surefire-plugin/2.22.1/maven-surefire-plugin-2.22.1.pom
2024-09-25 14:14:45,458 [Worker-16: Importing Maven projects] INFO  o.e.m.c.i.e.AbstractTransferListenerAdapter - Downloaded https://repo.maven.apache.org/maven2/org/apache/maven/plugins/maven-surefire-plugin/2.22.1/maven-surefire-plugin-2.22.1.pom
2024-09-25 14:14:45,480 [Worker-16: Importing Maven projects] INFO  o.e.m.c.i.e.AbstractTransferListenerAdapter - Downloading https://repo.maven.apache.org/maven2/org/apache/maven/surefire/surefire/2.22.1/surefire-2.22.1.pom
2024-09-25 14:14:45,483 [Worker-16: Importing Maven projects] INFO  o.e.m.c.i.e.AbstractTransferListenerAdapter - Downloaded https://repo.maven.apache.org/maven2/org/apache/maven/surefire/surefire/2.22.1/surefire-2.22.1.pom
2024-09-25 14:14:45,533 [Worker-16: Importing Maven projects] INFO  o.e.m.c.i.e.AbstractTransferListenerAdapter - Downloading https://repo.maven.apache.org/maven2/org/apache/maven/plugins/maven-jar-plugin/3.0.2/maven-jar-plugin-3.0.2.pom
2024-09-25 14:14:45,534 [Worker-16: Importing Maven projects] INFO  o.e.m.c.i.e.AbstractTransferListenerAdapter - Downloaded https://repo.maven.apache.org/maven2/org/apache/maven/plugins/maven-jar-plugin/3.0.2/maven-jar-plugin-3.0.2.pom
2024-09-25 14:14:45,589 [Worker-16: Importing Maven projects] INFO  o.e.m.c.i.e.AbstractTransferListenerAdapter - Downloading https://repo.maven.apache.org/maven2/org/codehaus/plexus/plexus-component-annotations/1.6/plexus-component-annotations-1.6.pom
2024-09-25 14:14:45,591 [Worker-16: Importing Maven projects] INFO  o.e.m.c.i.e.AbstractTransferListenerAdapter - Downloaded https://repo.maven.apache.org/maven2/org/codehaus/plexus/plexus-component-annotations/1.6/plexus-component-annotations-1.6.pom
2024-09-25 14:14:45,614 [Worker-16: Importing Maven projects] INFO  o.e.m.c.i.e.AbstractTransferListenerAdapter - Downloading https://repo.maven.apache.org/maven2/org/codehaus/plexus/plexus-containers/1.6/plexus-containers-1.6.pom
2024-09-25 14:14:45,615 [Worker-16: Importing Maven projects] INFO  o.e.m.c.i.e.AbstractTransferListenerAdapter - Downloaded https://repo.maven.apache.org/maven2/org/codehaus/plexus/plexus-containers/1.6/plexus-containers-1.6.pom
2024-09-25 14:14:45,648 [Worker-16: Importing Maven projects] INFO  o.e.m.c.i.e.AbstractTransferListenerAdapter - Downloading https://repo.maven.apache.org/maven2/org/codehaus/plexus/plexus/3.3.2/plexus-3.3.2.pom
2024-09-25 14:14:45,652 [Worker-16: Importing Maven projects] INFO  o.e.m.c.i.e.AbstractTransferListenerAdapter - Downloaded https://repo.maven.apache.org/maven2/org/codehaus/plexus/plexus/3.3.2/plexus-3.3.2.pom
2024-09-25 14:14:45,689 [Worker-16: Importing Maven projects] INFO  o.e.m.c.i.e.AbstractTransferListenerAdapter - Downloading https://repo.maven.apache.org/maven2/org/apache/maven/maven-archiver/3.1.1/maven-archiver-3.1.1.pom
2024-09-25 14:14:45,691 [Worker-16: Importing Maven projects] INFO  o.e.m.c.i.e.AbstractTransferListenerAdapter - Downloaded https://repo.maven.apache.org/maven2/org/apache/maven/maven-archiver/3.1.1/maven-archiver-3.1.1.pom
2024-09-25 14:14:45,718 [Worker-16: Importing Maven projects] INFO  o.e.m.c.i.e.AbstractTransferListenerAdapter - Downloading https://repo.maven.apache.org/maven2/org/apache/maven/shared/maven-shared-utils/3.0.1/maven-shared-utils-3.0.1.pom
2024-09-25 14:14:45,720 [Worker-16: Importing Maven projects] INFO  o.e.m.c.i.e.AbstractTransferListenerAdapter - Downloaded https://repo.maven.apache.org/maven2/org/apache/maven/shared/maven-shared-utils/3.0.1/maven-shared-utils-3.0.1.pom
2024-09-25 14:14:45,756 [Worker-16: Importing Maven projects] INFO  o.e.m.c.i.e.AbstractTransferListenerAdapter - Downloading https://repo.maven.apache.org/maven2/commons-io/commons-io/2.4/commons-io-2.4.pom
2024-09-25 14:14:45,758 [Worker-16: Importing Maven projects] INFO  o.e.m.c.i.e.AbstractTransferListenerAdapter - Downloaded https://repo.maven.apache.org/maven2/commons-io/commons-io/2.4/commons-io-2.4.pom
2024-09-25 14:14:45,781 [Worker-16: Importing Maven projects] INFO  o.e.m.c.i.e.AbstractTransferListenerAdapter - Downloading https://repo.maven.apache.org/maven2/org/apache/commons/commons-parent/25/commons-parent-25.pom
2024-09-25 14:14:45,784 [Worker-16: Importing Maven projects] INFO  o.e.m.c.i.e.AbstractTransferListenerAdapter - Downloaded https://repo.maven.apache.org/maven2/org/apache/commons/commons-parent/25/commons-parent-25.pom
2024-09-25 14:14:45,818 [Worker-16: Importing Maven projects] INFO  o.e.m.c.i.e.AbstractTransferListenerAdapter - Downloading https://repo.maven.apache.org/maven2/org/apache/apache/9/apache-9.pom
2024-09-25 14:14:45,820 [Worker-16: Importing Maven projects] INFO  o.e.m.c.i.e.AbstractTransferListenerAdapter - Downloaded https://repo.maven.apache.org/maven2/org/apache/apache/9/apache-9.pom
2024-09-25 14:14:45,858 [Worker-16: Importing Maven projects] INFO  o.e.m.c.i.e.AbstractTransferListenerAdapter - Downloading https://repo.maven.apache.org/maven2/org/codehaus/plexus/plexus-archiver/3.3/plexus-archiver-3.3.pom
2024-09-25 14:14:45,861 [Worker-16: Importing Maven projects] INFO  o.e.m.c.i.e.AbstractTransferListenerAdapter - Downloaded https://repo.maven.apache.org/maven2/org/codehaus/plexus/plexus-archiver/3.3/plexus-archiver-3.3.pom
2024-09-25 14:14:45,882 [Worker-16: Importing Maven projects] INFO  o.e.m.c.i.e.AbstractTransferListenerAdapter - Downloading https://repo.maven.apache.org/maven2/org/codehaus/plexus/plexus/3.2/plexus-3.2.pom
2024-09-25 14:14:45,884 [Worker-16: Importing Maven projects] INFO  o.e.m.c.i.e.AbstractTransferListenerAdapter - Downloaded https://repo.maven.apache.org/maven2/org/codehaus/plexus/plexus/3.2/plexus-3.2.pom
2024-09-25 14:14:45,919 [Worker-16: Importing Maven projects] INFO  o.e.m.c.i.e.AbstractTransferListenerAdapter - Downloading https://repo.maven.apache.org/maven2/org/codehaus/plexus/plexus-utils/3.0.24/plexus-utils-3.0.24.pom
2024-09-25 14:14:45,920 [Worker-16: Importing Maven projects] INFO  o.e.m.c.i.e.AbstractTransferListenerAdapter - Downloaded https://repo.maven.apache.org/maven2/org/codehaus/plexus/plexus-utils/3.0.24/plexus-utils-3.0.24.pom
2024-09-25 14:14:45,946 [Worker-16: Importing Maven projects] INFO  o.e.m.c.i.e.AbstractTransferListenerAdapter - Downloading https://repo.maven.apache.org/maven2/org/codehaus/plexus/plexus-io/2.7.1/plexus-io-2.7.1.pom
2024-09-25 14:14:45,947 [Worker-16: Importing Maven projects] INFO  o.e.m.c.i.e.AbstractTransferListenerAdapter - Downloaded https://repo.maven.apache.org/maven2/org/codehaus/plexus/plexus-io/2.7.1/plexus-io-2.7.1.pom
2024-09-25 14:14:45,967 [Worker-16: Importing Maven projects] INFO  o.e.m.c.i.e.AbstractTransferListenerAdapter - Downloading https://repo.maven.apache.org/maven2/commons-io/commons-io/2.2/commons-io-2.2.pom
2024-09-25 14:14:45,969 [Worker-16: Importing Maven projects] INFO  o.e.m.c.i.e.AbstractTransferListenerAdapter - Downloaded https://repo.maven.apache.org/maven2/commons-io/commons-io/2.2/commons-io-2.2.pom
2024-09-25 14:14:45,990 [Worker-16: Importing Maven projects] INFO  o.e.m.c.i.e.AbstractTransferListenerAdapter - Downloading https://repo.maven.apache.org/maven2/org/apache/commons/commons-parent/24/commons-parent-24.pom
2024-09-25 14:14:45,994 [Worker-16: Importing Maven projects] INFO  o.e.m.c.i.e.AbstractTransferListenerAdapter - Downloaded https://repo.maven.apache.org/maven2/org/apache/commons/commons-parent/24/commons-parent-24.pom
2024-09-25 14:14:46,025 [Worker-16: Importing Maven projects] INFO  o.e.m.c.i.e.AbstractTransferListenerAdapter - Downloading https://repo.maven.apache.org/maven2/org/apache/commons/commons-compress/1.11/commons-compress-1.11.pom
2024-09-25 14:14:46,026 [Worker-16: Importing Maven projects] INFO  o.e.m.c.i.e.AbstractTransferListenerAdapter - Downloaded https://repo.maven.apache.org/maven2/org/apache/commons/commons-compress/1.11/commons-compress-1.11.pom
2024-09-25 14:14:46,059 [Worker-16: Importing Maven projects] INFO  o.e.m.c.i.e.AbstractTransferListenerAdapter - Downloading https://repo.maven.apache.org/maven2/org/tukaani/xz/1.5/xz-1.5.pom
2024-09-25 14:14:46,060 [Worker-16: Importing Maven projects] INFO  o.e.m.c.i.e.AbstractTransferListenerAdapter - Downloaded https://repo.maven.apache.org/maven2/org/tukaani/xz/1.5/xz-1.5.pom
2024-09-25 14:14:46,080 [Worker-16: Importing Maven projects] INFO  o.e.m.c.i.e.AbstractTransferListenerAdapter - Downloading https://repo.maven.apache.org/maven2/org/codehaus/plexus/plexus-interpolation/1.22/plexus-interpolation-1.22.pom
2024-09-25 14:14:46,081 [Worker-16: Importing Maven projects] INFO  o.e.m.c.i.e.AbstractTransferListenerAdapter - Downloaded https://repo.maven.apache.org/maven2/org/codehaus/plexus/plexus-interpolation/1.22/plexus-interpolation-1.22.pom
2024-09-25 14:14:46,108 [Worker-16: Importing Maven projects] INFO  o.e.m.c.i.e.AbstractTransferListenerAdapter - Downloading https://repo.maven.apache.org/maven2/org/codehaus/plexus/plexus-components/1.3.1/plexus-components-1.3.1.pom
2024-09-25 14:14:46,109 [Worker-16: Importing Maven projects] INFO  o.e.m.c.i.e.AbstractTransferListenerAdapter - Downloaded https://repo.maven.apache.org/maven2/org/codehaus/plexus/plexus-components/1.3.1/plexus-components-1.3.1.pom
2024-09-25 14:14:46,140 [Worker-16: Importing Maven projects] INFO  o.e.m.c.i.e.AbstractTransferListenerAdapter - Downloading https://repo.maven.apache.org/maven2/org/codehaus/plexus/plexus-archiver/3.4/plexus-archiver-3.4.pom
2024-09-25 14:14:46,143 [Worker-16: Importing Maven projects] INFO  o.e.m.c.i.e.AbstractTransferListenerAdapter - Downloaded https://repo.maven.apache.org/maven2/org/codehaus/plexus/plexus-archiver/3.4/plexus-archiver-3.4.pom
2024-09-25 14:14:46,181 [Worker-16: Importing Maven projects] INFO  o.e.m.c.i.e.AbstractTransferListenerAdapter - Downloading https://repo.maven.apache.org/maven2/org/codehaus/plexus/plexus-component-annotations/1.6/plexus-component-annotations-1.6.jar
2024-09-25 14:14:46,183 [Worker-16: Importing Maven projects] INFO  o.e.m.c.i.e.AbstractTransferListenerAdapter - Downloaded https://repo.maven.apache.org/maven2/org/codehaus/plexus/plexus-component-annotations/1.6/plexus-component-annotations-1.6.jar
2024-09-25 14:14:46,209 [BasicRepositoryConnector-repo.maven.apache.org-1-0] INFO  o.e.m.c.i.e.AbstractTransferListenerAdapter - Downloading https://repo.maven.apache.org/maven2/org/apache/maven/maven-archiver/3.1.1/maven-archiver-3.1.1.jar
2024-09-25 14:14:46,210 [BasicRepositoryConnector-repo.maven.apache.org-1-3] INFO  o.e.m.c.i.e.AbstractTransferListenerAdapter - Downloading https://repo.maven.apache.org/maven2/org/codehaus/plexus/plexus-io/2.7.1/plexus-io-2.7.1.jar
2024-09-25 14:14:46,210 [BasicRepositoryConnector-repo.maven.apache.org-1-2] INFO  o.e.m.c.i.e.AbstractTransferListenerAdapter - Downloading https://repo.maven.apache.org/maven2/org/codehaus/plexus/plexus-archiver/3.4/plexus-archiver-3.4.jar
2024-09-25 14:14:46,216 [BasicRepositoryConnector-repo.maven.apache.org-1-4] INFO  o.e.m.c.i.e.AbstractTransferListenerAdapter - Downloading https://repo.maven.apache.org/maven2/org/apache/commons/commons-compress/1.11/commons-compress-1.11.jar
2024-09-25 14:14:46,218 [BasicRepositoryConnector-repo.maven.apache.org-1-1] INFO  o.e.m.c.i.e.AbstractTransferListenerAdapter - Downloading https://repo.maven.apache.org/maven2/org/apache/maven/shared/maven-shared-utils/3.0.1/maven-shared-utils-3.0.1.jar
2024-09-25 14:14:46,221 [BasicRepositoryConnector-repo.maven.apache.org-1-0] INFO  o.e.m.c.i.e.AbstractTransferListenerAdapter - Downloaded https://repo.maven.apache.org/maven2/org/apache/maven/maven-archiver/3.1.1/maven-archiver-3.1.1.jar
2024-09-25 14:14:46,231 [BasicRepositoryConnector-repo.maven.apache.org-1-3] INFO  o.e.m.c.i.e.AbstractTransferListenerAdapter - Downloaded https://repo.maven.apache.org/maven2/org/codehaus/plexus/plexus-io/2.7.1/plexus-io-2.7.1.jar
2024-09-25 14:14:46,238 [BasicRepositoryConnector-repo.maven.apache.org-1-1] INFO  o.e.m.c.i.e.AbstractTransferListenerAdapter - Downloaded https://repo.maven.apache.org/maven2/org/apache/maven/shared/maven-shared-utils/3.0.1/maven-shared-utils-3.0.1.jar
2024-09-25 14:14:46,240 [BasicRepositoryConnector-repo.maven.apache.org-1-2] INFO  o.e.m.c.i.e.AbstractTransferListenerAdapter - Downloaded https://repo.maven.apache.org/maven2/org/codehaus/plexus/plexus-archiver/3.4/plexus-archiver-3.4.jar
2024-09-25 14:14:46,253 [BasicRepositoryConnector-repo.maven.apache.org-1-4] INFO  o.e.m.c.i.e.AbstractTransferListenerAdapter - Downloaded https://repo.maven.apache.org/maven2/org/apache/commons/commons-compress/1.11/commons-compress-1.11.jar
2024-09-25 14:14:46,294 [BasicRepositoryConnector-repo.maven.apache.org-1-0] INFO  o.e.m.c.i.e.AbstractTransferListenerAdapter - Downloading https://repo.maven.apache.org/maven2/org/tukaani/xz/1.5/xz-1.5.jar
2024-09-25 14:14:46,294 [BasicRepositoryConnector-repo.maven.apache.org-1-3] INFO  o.e.m.c.i.e.AbstractTransferListenerAdapter - Downloading https://repo.maven.apache.org/maven2/org/codehaus/plexus/plexus-utils/3.0.24/plexus-utils-3.0.24.jar
2024-09-25 14:14:46,306 [BasicRepositoryConnector-repo.maven.apache.org-1-0] INFO  o.e.m.c.i.e.AbstractTransferListenerAdapter - Downloaded https://repo.maven.apache.org/maven2/org/tukaani/xz/1.5/xz-1.5.jar
2024-09-25 14:14:46,309 [BasicRepositoryConnector-repo.maven.apache.org-1-3] INFO  o.e.m.c.i.e.AbstractTransferListenerAdapter - Downloaded https://repo.maven.apache.org/maven2/org/codehaus/plexus/plexus-utils/3.0.24/plexus-utils-3.0.24.jar
2024-09-25 14:14:46,706 [Worker-16: Importing Maven projects] INFO  o.e.m.c.i.e.AbstractTransferListenerAdapter - Downloading https://repo.maven.apache.org/maven2/org/apache/maven/shared/maven-filtering/3.1.1/maven-filtering-3.1.1.pom
2024-09-25 14:14:46,709 [Worker-16: Importing Maven projects] INFO  o.e.m.c.i.e.AbstractTransferListenerAdapter - Downloaded https://repo.maven.apache.org/maven2/org/apache/maven/shared/maven-filtering/3.1.1/maven-filtering-3.1.1.pom
2024-09-25 14:14:46,730 [Worker-16: Importing Maven projects] INFO  o.e.m.c.i.e.AbstractTransferListenerAdapter - Downloading https://repo.maven.apache.org/maven2/org/apache/maven/shared/maven-shared-utils/3.0.0/maven-shared-utils-3.0.0.pom
2024-09-25 14:14:46,734 [Worker-16: Importing Maven projects] INFO  o.e.m.c.i.e.AbstractTransferListenerAdapter - Downloaded https://repo.maven.apache.org/maven2/org/apache/maven/shared/maven-shared-utils/3.0.0/maven-shared-utils-3.0.0.pom
2024-09-25 14:14:46,756 [Worker-16: Importing Maven projects] INFO  o.e.m.c.i.e.AbstractTransferListenerAdapter - Downloading https://repo.maven.apache.org/maven2/org/apache/maven/shared/maven-shared-components/21/maven-shared-components-21.pom
2024-09-25 14:14:46,759 [Worker-16: Importing Maven projects] INFO  o.e.m.c.i.e.AbstractTransferListenerAdapter - Downloaded https://repo.maven.apache.org/maven2/org/apache/maven/shared/maven-shared-components/21/maven-shared-components-21.pom
2024-09-25 14:14:46,788 [Worker-16: Importing Maven projects] INFO  o.e.m.c.i.e.AbstractTransferListenerAdapter - Downloading https://repo.maven.apache.org/maven2/org/apache/maven/maven-parent/25/maven-parent-25.pom
2024-09-25 14:14:46,790 [Worker-16: Importing Maven projects] INFO  o.e.m.c.i.e.AbstractTransferListenerAdapter - Downloaded https://repo.maven.apache.org/maven2/org/apache/maven/maven-parent/25/maven-parent-25.pom
2024-09-25 14:14:46,814 [Worker-16: Importing Maven projects] INFO  o.e.m.c.i.e.AbstractTransferListenerAdapter - Downloading https://repo.maven.apache.org/maven2/org/apache/apache/15/apache-15.pom
2024-09-25 14:14:46,817 [Worker-16: Importing Maven projects] INFO  o.e.m.c.i.e.AbstractTransferListenerAdapter - Downloaded https://repo.maven.apache.org/maven2/org/apache/apache/15/apache-15.pom
2024-09-25 14:14:46,884 [Worker-16: Importing Maven projects] INFO  o.e.m.c.i.e.AbstractTransferListenerAdapter - Downloading https://repo.maven.apache.org/maven2/org/codehaus/plexus/plexus-utils/1.5.8/plexus-utils-1.5.8.pom
2024-09-25 14:14:46,887 [Worker-16: Importing Maven projects] INFO  o.e.m.c.i.e.AbstractTransferListenerAdapter - Downloaded https://repo.maven.apache.org/maven2/org/codehaus/plexus/plexus-utils/1.5.8/plexus-utils-1.5.8.pom
2024-09-25 14:14:46,920 [Worker-16: Importing Maven projects] INFO  o.e.m.c.i.e.AbstractTransferListenerAdapter - Downloading https://repo.maven.apache.org/maven2/org/codehaus/plexus/plexus-interpolation/1.24/plexus-interpolation-1.24.pom
2024-09-25 14:14:46,921 [Worker-16: Importing Maven projects] INFO  o.e.m.c.i.e.AbstractTransferListenerAdapter - Downloaded https://repo.maven.apache.org/maven2/org/codehaus/plexus/plexus-interpolation/1.24/plexus-interpolation-1.24.pom
2024-09-25 14:14:46,954 [Worker-16: Importing Maven projects] INFO  o.e.m.c.i.e.AbstractTransferListenerAdapter - Downloading https://repo.maven.apache.org/maven2/org/apache/maven/shared/maven-filtering/3.1.1/maven-filtering-3.1.1.jar
2024-09-25 14:14:46,961 [Worker-16: Importing Maven projects] INFO  o.e.m.c.i.e.AbstractTransferListenerAdapter - Downloaded https://repo.maven.apache.org/maven2/org/apache/maven/shared/maven-filtering/3.1.1/maven-filtering-3.1.1.jar
2024-09-25 14:14:46,984 [BasicRepositoryConnector-repo.maven.apache.org-2-1] INFO  o.e.m.c.i.e.AbstractTransferListenerAdapter - Downloading https://repo.maven.apache.org/maven2/com/google/code/findbugs/jsr305/2.0.1/jsr305-2.0.1.jar
2024-09-25 14:14:46,985 [BasicRepositoryConnector-repo.maven.apache.org-2-0] INFO  o.e.m.c.i.e.AbstractTransferListenerAdapter - Downloading https://repo.maven.apache.org/maven2/org/apache/maven/shared/maven-shared-utils/3.0.0/maven-shared-utils-3.0.0.jar
2024-09-25 14:14:46,991 [BasicRepositoryConnector-repo.maven.apache.org-2-1] INFO  o.e.m.c.i.e.AbstractTransferListenerAdapter - Downloaded https://repo.maven.apache.org/maven2/com/google/code/findbugs/jsr305/2.0.1/jsr305-2.0.1.jar
2024-09-25 14:14:46,992 [BasicRepositoryConnector-repo.maven.apache.org-2-0] INFO  o.e.m.c.i.e.AbstractTransferListenerAdapter - Downloaded https://repo.maven.apache.org/maven2/org/apache/maven/shared/maven-shared-utils/3.0.0/maven-shared-utils-3.0.0.jar
2024-09-25 14:14:46,995 [BasicRepositoryConnector-repo.maven.apache.org-2-2] INFO  o.e.m.c.i.e.AbstractTransferListenerAdapter - Downloading https://repo.maven.apache.org/maven2/org/codehaus/plexus/plexus-interpolation/1.24/plexus-interpolation-1.24.jar
2024-09-25 14:14:47,001 [BasicRepositoryConnector-repo.maven.apache.org-2-2] INFO  o.e.m.c.i.e.AbstractTransferListenerAdapter - Downloaded https://repo.maven.apache.org/maven2/org/codehaus/plexus/plexus-interpolation/1.24/plexus-interpolation-1.24.jar
2024-09-25 14:14:47,118 [Worker-16: Importing Maven projects] INFO  o.e.m.j.i.AbstractJavaProjectConfigurator - Adding source folder /academy-java/src/main/java
2024-09-25 14:14:47,119 [Worker-16: Importing Maven projects] INFO  o.e.m.j.i.AbstractJavaProjectConfigurator - Adding resource folder /academy-java/src/main/resources
2024-09-25 14:14:47,127 [Worker-16: Importing Maven projects] INFO  o.e.m.j.i.AbstractJavaProjectConfigurator - Adding source folder /academy-java/src/test/java
2024-09-25 14:14:47,130 [Worker-16: Importing Maven projects] INFO  o.e.m.j.i.AbstractJavaProjectConfigurator - Adding resource folder /academy-java/src/test/resources
2024-09-25 14:14:47,226 [Worker-16: Importing Maven projects] INFO  o.e.m.c.i.p.ProjectConfigurationManager - Imported and configured 1 project(s) in 5 sec
2024-09-25 14:14:50,063 [Worker-52: Building] INFO  o.e.m.c.i.embedder.EclipseLogger - Using 'UTF-8' encoding to copy filtered resources.
2024-09-25 14:14:50,067 [Worker-52: Building] INFO  o.e.m.c.i.embedder.EclipseLogger - skip non existing resourceDirectory /Users/happinessndubisi/Documents/obsidi/workspace-academy-java/academy-java/src/main/resources
2024-09-25 14:14:50,079 [Worker-52: Building] INFO  o.e.m.c.i.embedder.EclipseLogger - Using 'UTF-8' encoding to copy filtered resources.
2024-09-25 14:14:50,081 [Worker-52: Building] INFO  o.e.m.c.i.embedder.EclipseLogger - skip non existing resourceDirectory /Users/happinessndubisi/Documents/obsidi/workspace-academy-java/academy-java/src/test/resources
2024-09-25 14:14:51,092 [Worker-52: Building] INFO  o.a.m.s.f.DefaultMavenResourcesFiltering - skip non existing resourceDirectory /Users/happinessndubisi/Documents/obsidi/workspace-academy-java/bptn.java/src/main/resources
2024-09-25 14:14:51,101 [Worker-52: Building] INFO  o.a.m.s.f.DefaultMavenResourcesFiltering - skip non existing resourceDirectory /Users/happinessndubisi/Documents/obsidi/workspace-academy-java/bptn.java/src/test/resources
2024-09-25 14:37:27,168 [Worker-53: Building] INFO  o.e.m.c.i.embedder.EclipseLogger - Using 'UTF-8' encoding to copy filtered resources.
2024-09-25 14:37:27,178 [Worker-53: Building] INFO  o.e.m.c.i.embedder.EclipseLogger - skip non existing resourceDirectory /Users/happinessndubisi/Documents/obsidi/workspace-academy-java/academy-java/src/main/resources
2024-09-25 14:37:27,185 [Worker-53: Building] INFO  o.e.m.c.i.embedder.EclipseLogger - Using 'UTF-8' encoding to copy filtered resources.
2024-09-25 14:37:27,185 [Worker-53: Building] INFO  o.e.m.c.i.embedder.EclipseLogger - skip non existing resourceDirectory /Users/happinessndubisi/Documents/obsidi/workspace-academy-java/academy-java/src/test/resources
2024-09-25 15:16:17,826 [Worker-63: Building] INFO  o.e.m.c.i.embedder.EclipseLogger - Using 'UTF-8' encoding to copy filtered resources.
2024-09-25 15:16:17,827 [Worker-63: Building] INFO  o.e.m.c.i.embedder.EclipseLogger - skip non existing resourceDirectory /Users/happinessndubisi/Documents/obsidi/workspace-academy-java/academy-java/src/main/resources
2024-09-25 15:16:17,833 [Worker-63: Building] INFO  o.e.m.c.i.embedder.EclipseLogger - Using 'UTF-8' encoding to copy filtered resources.
2024-09-25 15:16:17,834 [Worker-63: Building] INFO  o.e.m.c.i.embedder.EclipseLogger - skip non existing resourceDirectory /Users/happinessndubisi/Documents/obsidi/workspace-academy-java/academy-java/src/test/resources
2024-09-25 15:26:37,736 [Worker-63: Building] INFO  o.e.m.c.i.embedder.EclipseLogger - Using 'UTF-8' encoding to copy filtered resources.
2024-09-25 15:26:37,737 [Worker-63: Building] INFO  o.e.m.c.i.embedder.EclipseLogger - skip non existing resourceDirectory /Users/happinessndubisi/Documents/obsidi/workspace-academy-java/academy-java/src/main/resources
2024-09-25 15:26:37,743 [Worker-63: Building] INFO  o.e.m.c.i.embedder.EclipseLogger - Using 'UTF-8' encoding to copy filtered resources.
2024-09-25 15:26:37,743 [Worker-63: Building] INFO  o.e.m.c.i.embedder.EclipseLogger - skip non existing resourceDirectory /Users/happinessndubisi/Documents/obsidi/workspace-academy-java/academy-java/src/test/resources
2024-09-25 15:30:33,338 [Worker-70: Building] INFO  o.e.m.c.i.embedder.EclipseLogger - Using 'UTF-8' encoding to copy filtered resources.
2024-09-25 15:30:33,342 [Worker-70: Building] INFO  o.e.m.c.i.embedder.EclipseLogger - skip non existing resourceDirectory /Users/happinessndubisi/Documents/obsidi/workspace-academy-java/academy-java/src/main/resources
2024-09-25 15:30:33,349 [Worker-70: Building] INFO  o.e.m.c.i.embedder.EclipseLogger - Using 'UTF-8' encoding to copy filtered resources.
2024-09-25 15:30:33,350 [Worker-70: Building] INFO  o.e.m.c.i.embedder.EclipseLogger - skip non existing resourceDirectory /Users/happinessndubisi/Documents/obsidi/workspace-academy-java/academy-java/src/test/resources
2024-09-25 15:34:35,586 [Worker-66: Building] INFO  o.e.m.c.i.embedder.EclipseLogger - Using 'UTF-8' encoding to copy filtered resources.
2024-09-25 15:34:35,588 [Worker-66: Building] INFO  o.e.m.c.i.embedder.EclipseLogger - skip non existing resourceDirectory /Users/happinessndubisi/Documents/obsidi/workspace-academy-java/academy-java/src/main/resources
2024-09-25 15:34:35,593 [Worker-66: Building] INFO  o.e.m.c.i.embedder.EclipseLogger - Using 'UTF-8' encoding to copy filtered resources.
2024-09-25 15:34:35,593 [Worker-66: Building] INFO  o.e.m.c.i.embedder.EclipseLogger - skip non existing resourceDirectory /Users/happinessndubisi/Documents/obsidi/workspace-academy-java/academy-java/src/test/resources
2024-09-25 15:37:12,451 [Worker-69: Launching StringDemo] INFO  o.e.m.c.i.embedder.EclipseLogger - Using 'UTF-8' encoding to copy filtered resources.
2024-09-25 15:37:12,462 [Worker-69: Launching StringDemo] INFO  o.e.m.c.i.embedder.EclipseLogger - skip non existing resourceDirectory /Users/happinessndubisi/Documents/obsidi/workspace-academy-java/academy-java/src/main/resources
2024-09-25 15:37:12,476 [Worker-69: Launching StringDemo] INFO  o.e.m.c.i.embedder.EclipseLogger - Using 'UTF-8' encoding to copy filtered resources.
2024-09-25 15:37:12,477 [Worker-69: Launching StringDemo] INFO  o.e.m.c.i.embedder.EclipseLogger - skip non existing resourceDirectory /Users/happinessndubisi/Documents/obsidi/workspace-academy-java/academy-java/src/test/resources
2024-09-25 17:32:49,903 [Worker-90: Building] INFO  o.e.m.c.i.embedder.EclipseLogger - Using 'UTF-8' encoding to copy filtered resources.
2024-09-25 17:32:49,913 [Worker-90: Building] INFO  o.e.m.c.i.embedder.EclipseLogger - skip non existing resourceDirectory /Users/happinessndubisi/Documents/obsidi/workspace-academy-java/academy-java/src/main/resources
2024-09-25 17:32:49,924 [Worker-90: Building] INFO  o.e.m.c.i.embedder.EclipseLogger - Using 'UTF-8' encoding to copy filtered resources.
2024-09-25 17:32:49,924 [Worker-90: Building] INFO  o.e.m.c.i.embedder.EclipseLogger - skip non existing resourceDirectory /Users/happinessndubisi/Documents/obsidi/workspace-academy-java/academy-java/src/test/resources
2024-09-25 17:38:36,056 [Worker-94: Launching Variables.Test1] INFO  o.e.m.c.i.embedder.EclipseLogger - Using 'UTF-8' encoding to copy filtered resources.
2024-09-25 17:38:36,057 [Worker-94: Launching Variables.Test1] INFO  o.e.m.c.i.embedder.EclipseLogger - skip non existing resourceDirectory /Users/happinessndubisi/Documents/obsidi/workspace-academy-java/academy-java/src/main/resources
2024-09-25 17:38:36,062 [Worker-94: Launching Variables.Test1] INFO  o.e.m.c.i.embedder.EclipseLogger - Using 'UTF-8' encoding to copy filtered resources.
2024-09-25 17:38:36,062 [Worker-94: Launching Variables.Test1] INFO  o.e.m.c.i.embedder.EclipseLogger - skip non existing resourceDirectory /Users/happinessndubisi/Documents/obsidi/workspace-academy-java/academy-java/src/test/resources
2024-09-25 17:40:46,074 [Worker-96: Launching Variables] INFO  o.e.m.c.i.embedder.EclipseLogger - Using 'UTF-8' encoding to copy filtered resources.
2024-09-25 17:40:46,076 [Worker-96: Launching Variables] INFO  o.e.m.c.i.embedder.EclipseLogger - skip non existing resourceDirectory /Users/happinessndubisi/Documents/obsidi/workspace-academy-java/academy-java/src/main/resources
2024-09-25 17:40:46,080 [Worker-96: Launching Variables] INFO  o.e.m.c.i.embedder.EclipseLogger - Using 'UTF-8' encoding to copy filtered resources.
2024-09-25 17:40:46,080 [Worker-96: Launching Variables] INFO  o.e.m.c.i.embedder.EclipseLogger - skip non existing resourceDirectory /Users/happinessndubisi/Documents/obsidi/workspace-academy-java/academy-java/src/test/resources
2024-09-25 17:53:10,076 [Worker-100: Launching Variables] INFO  o.e.m.c.i.embedder.EclipseLogger - Using 'UTF-8' encoding to copy filtered resources.
2024-09-25 17:53:10,085 [Worker-100: Launching Variables] INFO  o.e.m.c.i.embedder.EclipseLogger - skip non existing resourceDirectory /Users/happinessndubisi/Documents/obsidi/workspace-academy-java/academy-java/src/main/resources
2024-09-25 17:53:10,093 [Worker-100: Launching Variables] INFO  o.e.m.c.i.embedder.EclipseLogger - Using 'UTF-8' encoding to copy filtered resources.
2024-09-25 17:53:10,093 [Worker-100: Launching Variables] INFO  o.e.m.c.i.embedder.EclipseLogger - skip non existing resourceDirectory /Users/happinessndubisi/Documents/obsidi/workspace-academy-java/academy-java/src/test/resources
2024-09-25 18:34:04,969 [Worker-110: Building] INFO  o.e.m.c.i.embedder.EclipseLogger - Using 'UTF-8' encoding to copy filtered resources.
2024-09-25 18:34:04,970 [Worker-110: Building] INFO  o.e.m.c.i.embedder.EclipseLogger - skip non existing resourceDirectory /Users/happinessndubisi/Documents/obsidi/workspace-academy-java/academy-java/src/main/resources
2024-09-25 18:34:04,977 [Worker-110: Building] INFO  o.e.m.c.i.embedder.EclipseLogger - Using 'UTF-8' encoding to copy filtered resources.
2024-09-25 18:34:04,977 [Worker-110: Building] INFO  o.e.m.c.i.embedder.EclipseLogger - skip non existing resourceDirectory /Users/happinessndubisi/Documents/obsidi/workspace-academy-java/academy-java/src/test/resources
2024-09-25 18:39:24,406 [Worker-112: Launching Variables] INFO  o.e.m.c.i.embedder.EclipseLogger - Using 'UTF-8' encoding to copy filtered resources.
2024-09-25 18:39:24,406 [Worker-112: Launching Variables] INFO  o.e.m.c.i.embedder.EclipseLogger - skip non existing resourceDirectory /Users/happinessndubisi/Documents/obsidi/workspace-academy-java/academy-java/src/main/resources
2024-09-25 18:39:24,410 [Worker-112: Launching Variables] INFO  o.e.m.c.i.embedder.EclipseLogger - Using 'UTF-8' encoding to copy filtered resources.
2024-09-25 18:39:24,410 [Worker-112: Launching Variables] INFO  o.e.m.c.i.embedder.EclipseLogger - skip non existing resourceDirectory /Users/happinessndubisi/Documents/obsidi/workspace-academy-java/academy-java/src/test/resources
2024-09-25 18:42:22,939 [Worker-116: Building] INFO  o.e.m.c.i.embedder.EclipseLogger - Using 'UTF-8' encoding to copy filtered resources.
2024-09-25 18:42:22,953 [Worker-116: Building] INFO  o.e.m.c.i.embedder.EclipseLogger - skip non existing resourceDirectory /Users/happinessndubisi/Documents/obsidi/workspace-academy-java/academy-java/src/main/resources
2024-09-25 18:42:22,966 [Worker-116: Building] INFO  o.e.m.c.i.embedder.EclipseLogger - Using 'UTF-8' encoding to copy filtered resources.
2024-09-25 18:42:22,966 [Worker-116: Building] INFO  o.e.m.c.i.embedder.EclipseLogger - skip non existing resourceDirectory /Users/happinessndubisi/Documents/obsidi/workspace-academy-java/academy-java/src/test/resources
2024-09-25 18:44:52,102 [Worker-119: Building] INFO  o.e.m.c.i.embedder.EclipseLogger - Using 'UTF-8' encoding to copy filtered resources.
2024-09-25 18:44:52,103 [Worker-119: Building] INFO  o.e.m.c.i.embedder.EclipseLogger - skip non existing resourceDirectory /Users/happinessndubisi/Documents/obsidi/workspace-academy-java/academy-java/src/main/resources
2024-09-25 18:44:52,105 [Worker-119: Building] INFO  o.e.m.c.i.embedder.EclipseLogger - Using 'UTF-8' encoding to copy filtered resources.
2024-09-25 18:44:52,105 [Worker-119: Building] INFO  o.e.m.c.i.embedder.EclipseLogger - skip non existing resourceDirectory /Users/happinessndubisi/Documents/obsidi/workspace-academy-java/academy-java/src/test/resources
2024-09-25 18:50:08,296 [Worker-116: Building] INFO  o.e.m.c.i.embedder.EclipseLogger - Using 'UTF-8' encoding to copy filtered resources.
2024-09-25 18:50:08,297 [Worker-116: Building] INFO  o.e.m.c.i.embedder.EclipseLogger - skip non existing resourceDirectory /Users/happinessndubisi/Documents/obsidi/workspace-academy-java/academy-java/src/main/resources
2024-09-25 18:50:08,302 [Worker-116: Building] INFO  o.e.m.c.i.embedder.EclipseLogger - Using 'UTF-8' encoding to copy filtered resources.
2024-09-25 18:50:08,302 [Worker-116: Building] INFO  o.e.m.c.i.embedder.EclipseLogger - skip non existing resourceDirectory /Users/happinessndubisi/Documents/obsidi/workspace-academy-java/academy-java/src/test/resources
2024-09-25 18:50:50,641 [Worker-116: Building] INFO  o.e.m.c.i.embedder.EclipseLogger - Using 'UTF-8' encoding to copy filtered resources.
2024-09-25 18:50:50,642 [Worker-116: Building] INFO  o.e.m.c.i.embedder.EclipseLogger - skip non existing resourceDirectory /Users/happinessndubisi/Documents/obsidi/workspace-academy-java/academy-java/src/main/resources
2024-09-25 18:50:50,647 [Worker-116: Building] INFO  o.e.m.c.i.embedder.EclipseLogger - Using 'UTF-8' encoding to copy filtered resources.
2024-09-25 18:50:50,647 [Worker-116: Building] INFO  o.e.m.c.i.embedder.EclipseLogger - skip non existing resourceDirectory /Users/happinessndubisi/Documents/obsidi/workspace-academy-java/academy-java/src/test/resources
2024-09-26 01:30:16,573 [Worker-147: Launching Variables] INFO  o.e.m.c.i.embedder.EclipseLogger - Using 'UTF-8' encoding to copy filtered resources.
2024-09-26 01:30:16,587 [Worker-147: Launching Variables] INFO  o.e.m.c.i.embedder.EclipseLogger - skip non existing resourceDirectory /Users/happinessndubisi/Documents/obsidi/workspace-academy-java/academy-java/src/main/resources
2024-09-26 01:30:16,598 [Worker-147: Launching Variables] INFO  o.e.m.c.i.embedder.EclipseLogger - Using 'UTF-8' encoding to copy filtered resources.
2024-09-26 01:30:16,598 [Worker-147: Launching Variables] INFO  o.e.m.c.i.embedder.EclipseLogger - skip non existing resourceDirectory /Users/happinessndubisi/Documents/obsidi/workspace-academy-java/academy-java/src/test/resources
2024-09-26 01:32:42,854 [Worker-149: Launching Variables] INFO  o.e.m.c.i.embedder.EclipseLogger - Using 'UTF-8' encoding to copy filtered resources.
2024-09-26 01:32:42,857 [Worker-149: Launching Variables] INFO  o.e.m.c.i.embedder.EclipseLogger - skip non existing resourceDirectory /Users/happinessndubisi/Documents/obsidi/workspace-academy-java/academy-java/src/main/resources
2024-09-26 01:32:42,862 [Worker-149: Launching Variables] INFO  o.e.m.c.i.embedder.EclipseLogger - Using 'UTF-8' encoding to copy filtered resources.
2024-09-26 01:32:42,864 [Worker-149: Launching Variables] INFO  o.e.m.c.i.embedder.EclipseLogger - skip non existing resourceDirectory /Users/happinessndubisi/Documents/obsidi/workspace-academy-java/academy-java/src/test/resources
2024-09-26 01:33:23,492 [Worker-148: Building] INFO  o.e.m.c.i.embedder.EclipseLogger - Using 'UTF-8' encoding to copy filtered resources.
2024-09-26 01:33:23,499 [Worker-148: Building] INFO  o.e.m.c.i.embedder.EclipseLogger - skip non existing resourceDirectory /Users/happinessndubisi/Documents/obsidi/workspace-academy-java/academy-java/src/main/resources
2024-09-26 01:33:23,503 [Worker-148: Building] INFO  o.e.m.c.i.embedder.EclipseLogger - Using 'UTF-8' encoding to copy filtered resources.
2024-09-26 01:33:23,503 [Worker-148: Building] INFO  o.e.m.c.i.embedder.EclipseLogger - skip non existing resourceDirectory /Users/happinessndubisi/Documents/obsidi/workspace-academy-java/academy-java/src/test/resources
2024-09-26 01:36:30,965 [Worker-147: Launching Variables] INFO  o.e.m.c.i.embedder.EclipseLogger - Using 'UTF-8' encoding to copy filtered resources.
2024-09-26 01:36:30,979 [Worker-147: Launching Variables] INFO  o.e.m.c.i.embedder.EclipseLogger - skip non existing resourceDirectory /Users/happinessndubisi/Documents/obsidi/workspace-academy-java/academy-java/src/main/resources
2024-09-26 01:36:30,986 [Worker-147: Launching Variables] INFO  o.e.m.c.i.embedder.EclipseLogger - Using 'UTF-8' encoding to copy filtered resources.
2024-09-26 01:36:30,987 [Worker-147: Launching Variables] INFO  o.e.m.c.i.embedder.EclipseLogger - skip non existing resourceDirectory /Users/happinessndubisi/Documents/obsidi/workspace-academy-java/academy-java/src/test/resources
2024-09-26 08:03:43,729 [Worker-168: Launching Variables] INFO  o.e.m.c.i.embedder.EclipseLogger - Using 'UTF-8' encoding to copy filtered resources.
2024-09-26 08:03:43,730 [Worker-168: Launching Variables] INFO  o.e.m.c.i.embedder.EclipseLogger - skip non existing resourceDirectory /Users/happinessndubisi/Documents/obsidi/workspace-academy-java/academy-java/src/main/resources
2024-09-26 08:03:43,746 [Worker-168: Launching Variables] INFO  o.e.m.c.i.embedder.EclipseLogger - Using 'UTF-8' encoding to copy filtered resources.
2024-09-26 08:03:43,747 [Worker-168: Launching Variables] INFO  o.e.m.c.i.embedder.EclipseLogger - skip non existing resourceDirectory /Users/happinessndubisi/Documents/obsidi/workspace-academy-java/academy-java/src/test/resources
2024-09-26 08:04:46,403 [Worker-170: Launching Variables] INFO  o.e.m.c.i.embedder.EclipseLogger - Using 'UTF-8' encoding to copy filtered resources.
2024-09-26 08:04:46,405 [Worker-170: Launching Variables] INFO  o.e.m.c.i.embedder.EclipseLogger - skip non existing resourceDirectory /Users/happinessndubisi/Documents/obsidi/workspace-academy-java/academy-java/src/main/resources
2024-09-26 08:04:46,414 [Worker-170: Launching Variables] INFO  o.e.m.c.i.embedder.EclipseLogger - Using 'UTF-8' encoding to copy filtered resources.
2024-09-26 08:04:46,414 [Worker-170: Launching Variables] INFO  o.e.m.c.i.embedder.EclipseLogger - skip non existing resourceDirectory /Users/happinessndubisi/Documents/obsidi/workspace-academy-java/academy-java/src/test/resources
2024-09-29 21:00:18,730 [Worker-437: Building] INFO  o.e.m.c.i.embedder.EclipseLogger - Using 'UTF-8' encoding to copy filtered resources.
2024-09-29 21:00:18,733 [Worker-437: Building] INFO  o.e.m.c.i.embedder.EclipseLogger - skip non existing resourceDirectory /Users/happinessndubisi/Documents/obsidi/workspace-academy-java/academy-java/src/main/resources
2024-09-29 21:00:18,762 [Worker-437: Building] INFO  o.e.m.c.i.embedder.EclipseLogger - Using 'UTF-8' encoding to copy filtered resources.
2024-09-29 21:00:18,762 [Worker-437: Building] INFO  o.e.m.c.i.embedder.EclipseLogger - skip non existing resourceDirectory /Users/happinessndubisi/Documents/obsidi/workspace-academy-java/academy-java/src/test/resources
2024-09-29 21:01:24,186 [Worker-443: Building] INFO  o.e.m.c.i.embedder.EclipseLogger - Using 'UTF-8' encoding to copy filtered resources.
2024-09-29 21:01:24,191 [Worker-443: Building] INFO  o.e.m.c.i.embedder.EclipseLogger - skip non existing resourceDirectory /Users/happinessndubisi/Documents/obsidi/workspace-academy-java/academy-java/src/main/resources
2024-09-29 21:01:24,199 [Worker-443: Building] INFO  o.e.m.c.i.embedder.EclipseLogger - Using 'UTF-8' encoding to copy filtered resources.
2024-09-29 21:01:24,199 [Worker-443: Building] INFO  o.e.m.c.i.embedder.EclipseLogger - skip non existing resourceDirectory /Users/happinessndubisi/Documents/obsidi/workspace-academy-java/academy-java/src/test/resources
2024-09-29 21:01:24,448 [Worker-423: Launching Caculator] INFO  o.e.m.c.i.embedder.EclipseLogger - Using 'UTF-8' encoding to copy filtered resources.
2024-09-29 21:01:24,449 [Worker-423: Launching Caculator] INFO  o.e.m.c.i.embedder.EclipseLogger - skip non existing resourceDirectory /Users/happinessndubisi/Documents/obsidi/workspace-academy-java/academy-java/src/main/resources
2024-09-29 21:01:24,455 [Worker-423: Launching Caculator] INFO  o.e.m.c.i.embedder.EclipseLogger - Using 'UTF-8' encoding to copy filtered resources.
2024-09-29 21:01:24,456 [Worker-423: Launching Caculator] INFO  o.e.m.c.i.embedder.EclipseLogger - skip non existing resourceDirectory /Users/happinessndubisi/Documents/obsidi/workspace-academy-java/academy-java/src/test/resources
2024-09-29 21:02:53,188 [Worker-444: Launching Caculator] INFO  o.e.m.c.i.embedder.EclipseLogger - Using 'UTF-8' encoding to copy filtered resources.
2024-09-29 21:02:53,190 [Worker-444: Launching Caculator] INFO  o.e.m.c.i.embedder.EclipseLogger - skip non existing resourceDirectory /Users/happinessndubisi/Documents/obsidi/workspace-academy-java/academy-java/src/main/resources
2024-09-29 21:02:53,203 [Worker-444: Launching Caculator] INFO  o.e.m.c.i.embedder.EclipseLogger - Using 'UTF-8' encoding to copy filtered resources.
2024-09-29 21:02:53,204 [Worker-444: Launching Caculator] INFO  o.e.m.c.i.embedder.EclipseLogger - skip non existing resourceDirectory /Users/happinessndubisi/Documents/obsidi/workspace-academy-java/academy-java/src/test/resources
2024-09-29 21:07:18,715 [Worker-443: Building] INFO  o.e.m.c.i.embedder.EclipseLogger - Using 'UTF-8' encoding to copy filtered resources.
2024-09-29 21:07:18,717 [Worker-443: Building] INFO  o.e.m.c.i.embedder.EclipseLogger - skip non existing resourceDirectory /Users/happinessndubisi/Documents/obsidi/workspace-academy-java/academy-java/src/main/resources
2024-09-29 21:07:18,721 [Worker-443: Building] INFO  o.e.m.c.i.embedder.EclipseLogger - Using 'UTF-8' encoding to copy filtered resources.
2024-09-29 21:07:18,723 [Worker-443: Building] INFO  o.e.m.c.i.embedder.EclipseLogger - skip non existing resourceDirectory /Users/happinessndubisi/Documents/obsidi/workspace-academy-java/academy-java/src/test/resources
2024-09-29 21:08:52,233 [Worker-446: Building] INFO  o.e.m.c.i.embedder.EclipseLogger - Using 'UTF-8' encoding to copy filtered resources.
2024-09-29 21:08:52,234 [Worker-446: Building] INFO  o.e.m.c.i.embedder.EclipseLogger - skip non existing resourceDirectory /Users/happinessndubisi/Documents/obsidi/workspace-academy-java/academy-java/src/main/resources
2024-09-29 21:08:52,241 [Worker-446: Building] INFO  o.e.m.c.i.embedder.EclipseLogger - Using 'UTF-8' encoding to copy filtered resources.
2024-09-29 21:08:52,241 [Worker-446: Building] INFO  o.e.m.c.i.embedder.EclipseLogger - skip non existing resourceDirectory /Users/happinessndubisi/Documents/obsidi/workspace-academy-java/academy-java/src/test/resources
2024-09-29 21:09:58,711 [Worker-446: Building] INFO  o.e.m.c.i.embedder.EclipseLogger - Using 'UTF-8' encoding to copy filtered resources.
2024-09-29 21:09:58,712 [Worker-446: Building] INFO  o.e.m.c.i.embedder.EclipseLogger - skip non existing resourceDirectory /Users/happinessndubisi/Documents/obsidi/workspace-academy-java/academy-java/src/main/resources
2024-09-29 21:09:58,719 [Worker-446: Building] INFO  o.e.m.c.i.embedder.EclipseLogger - Using 'UTF-8' encoding to copy filtered resources.
2024-09-29 21:09:58,721 [Worker-446: Building] INFO  o.e.m.c.i.embedder.EclipseLogger - skip non existing resourceDirectory /Users/happinessndubisi/Documents/obsidi/workspace-academy-java/academy-java/src/test/resources
2024-09-29 21:12:50,019 [Worker-445: Building] INFO  o.e.m.c.i.embedder.EclipseLogger - Using 'UTF-8' encoding to copy filtered resources.
2024-09-29 21:12:50,020 [Worker-445: Building] INFO  o.e.m.c.i.embedder.EclipseLogger - skip non existing resourceDirectory /Users/happinessndubisi/Documents/obsidi/workspace-academy-java/academy-java/src/main/resources
2024-09-29 21:12:50,023 [Worker-445: Building] INFO  o.e.m.c.i.embedder.EclipseLogger - Using 'UTF-8' encoding to copy filtered resources.
2024-09-29 21:12:50,023 [Worker-445: Building] INFO  o.e.m.c.i.embedder.EclipseLogger - skip non existing resourceDirectory /Users/happinessndubisi/Documents/obsidi/workspace-academy-java/academy-java/src/test/resources
2024-09-29 21:14:15,053 [Worker-445: Building] INFO  o.e.m.c.i.embedder.EclipseLogger - Using 'UTF-8' encoding to copy filtered resources.
2024-09-29 21:14:15,060 [Worker-445: Building] INFO  o.e.m.c.i.embedder.EclipseLogger - skip non existing resourceDirectory /Users/happinessndubisi/Documents/obsidi/workspace-academy-java/academy-java/src/main/resources
2024-09-29 21:14:15,081 [Worker-445: Building] INFO  o.e.m.c.i.embedder.EclipseLogger - Using 'UTF-8' encoding to copy filtered resources.
2024-09-29 21:14:15,084 [Worker-445: Building] INFO  o.e.m.c.i.embedder.EclipseLogger - skip non existing resourceDirectory /Users/happinessndubisi/Documents/obsidi/workspace-academy-java/academy-java/src/test/resources
2024-09-29 21:14:22,713 [Worker-449: Launching StringOperations] INFO  o.e.m.c.i.embedder.EclipseLogger - Using 'UTF-8' encoding to copy filtered resources.
2024-09-29 21:14:22,715 [Worker-449: Launching StringOperations] INFO  o.e.m.c.i.embedder.EclipseLogger - skip non existing resourceDirectory /Users/happinessndubisi/Documents/obsidi/workspace-academy-java/academy-java/src/main/resources
2024-09-29 21:14:22,723 [Worker-449: Launching StringOperations] INFO  o.e.m.c.i.embedder.EclipseLogger - Using 'UTF-8' encoding to copy filtered resources.
2024-09-29 21:14:22,725 [Worker-449: Launching StringOperations] INFO  o.e.m.c.i.embedder.EclipseLogger - skip non existing resourceDirectory /Users/happinessndubisi/Documents/obsidi/workspace-academy-java/academy-java/src/test/resources
2024-09-29 21:15:30,807 [Worker-450: Launching StringOperations] INFO  o.e.m.c.i.embedder.EclipseLogger - Using 'UTF-8' encoding to copy filtered resources.
2024-09-29 21:15:30,815 [Worker-450: Launching StringOperations] INFO  o.e.m.c.i.embedder.EclipseLogger - skip non existing resourceDirectory /Users/happinessndubisi/Documents/obsidi/workspace-academy-java/academy-java/src/main/resources
2024-09-29 21:15:30,819 [Worker-450: Launching StringOperations] INFO  o.e.m.c.i.embedder.EclipseLogger - Using 'UTF-8' encoding to copy filtered resources.
2024-09-29 21:15:30,820 [Worker-450: Launching StringOperations] INFO  o.e.m.c.i.embedder.EclipseLogger - skip non existing resourceDirectory /Users/happinessndubisi/Documents/obsidi/workspace-academy-java/academy-java/src/test/resources
2024-09-29 21:22:50,753 [Worker-456: Launching StringOperations] INFO  o.e.m.c.i.embedder.EclipseLogger - Using 'UTF-8' encoding to copy filtered resources.
2024-09-29 21:22:50,762 [Worker-456: Launching StringOperations] INFO  o.e.m.c.i.embedder.EclipseLogger - skip non existing resourceDirectory /Users/happinessndubisi/Documents/obsidi/workspace-academy-java/academy-java/src/main/resources
2024-09-29 21:22:50,770 [Worker-456: Launching StringOperations] INFO  o.e.m.c.i.embedder.EclipseLogger - Using 'UTF-8' encoding to copy filtered resources.
2024-09-29 21:22:50,770 [Worker-456: Launching StringOperations] INFO  o.e.m.c.i.embedder.EclipseLogger - skip non existing resourceDirectory /Users/happinessndubisi/Documents/obsidi/workspace-academy-java/academy-java/src/test/resources
2024-09-30 11:31:29,155 [Worker-489: Building] INFO  o.e.m.c.i.embedder.EclipseLogger - Using 'UTF-8' encoding to copy filtered resources.
2024-09-30 11:31:29,183 [Worker-489: Building] INFO  o.e.m.c.i.embedder.EclipseLogger - skip non existing resourceDirectory /Users/happinessndubisi/Documents/obsidi/workspace-academy-java/academy-java/src/main/resources
2024-09-30 11:31:29,194 [Worker-489: Building] INFO  o.e.m.c.i.embedder.EclipseLogger - Using 'UTF-8' encoding to copy filtered resources.
2024-09-30 11:31:29,195 [Worker-489: Building] INFO  o.e.m.c.i.embedder.EclipseLogger - skip non existing resourceDirectory /Users/happinessndubisi/Documents/obsidi/workspace-academy-java/academy-java/src/test/resources
2024-09-30 11:49:17,582 [Worker-493: Building] INFO  o.e.m.c.i.embedder.EclipseLogger - Using 'UTF-8' encoding to copy filtered resources.
2024-09-30 11:49:17,590 [Worker-493: Building] INFO  o.e.m.c.i.embedder.EclipseLogger - skip non existing resourceDirectory /Users/happinessndubisi/Documents/obsidi/workspace-academy-java/academy-java/src/main/resources
2024-09-30 11:49:17,607 [Worker-493: Building] INFO  o.e.m.c.i.embedder.EclipseLogger - Using 'UTF-8' encoding to copy filtered resources.
2024-09-30 11:49:17,608 [Worker-493: Building] INFO  o.e.m.c.i.embedder.EclipseLogger - skip non existing resourceDirectory /Users/happinessndubisi/Documents/obsidi/workspace-academy-java/academy-java/src/test/resources
2024-09-30 11:49:56,486 [Worker-495: Building] INFO  o.e.m.c.i.embedder.EclipseLogger - Using 'UTF-8' encoding to copy filtered resources.
2024-09-30 11:49:56,489 [Worker-495: Building] INFO  o.e.m.c.i.embedder.EclipseLogger - skip non existing resourceDirectory /Users/happinessndubisi/Documents/obsidi/workspace-academy-java/academy-java/src/main/resources
2024-09-30 11:49:56,494 [Worker-495: Building] INFO  o.e.m.c.i.embedder.EclipseLogger - Using 'UTF-8' encoding to copy filtered resources.
2024-09-30 11:49:56,497 [Worker-495: Building] INFO  o.e.m.c.i.embedder.EclipseLogger - skip non existing resourceDirectory /Users/happinessndubisi/Documents/obsidi/workspace-academy-java/academy-java/src/test/resources
2024-09-30 13:25:17,548 [Worker-501: Building] INFO  o.e.m.c.i.embedder.EclipseLogger - Using 'UTF-8' encoding to copy filtered resources.
2024-09-30 13:25:17,557 [Worker-501: Building] INFO  o.e.m.c.i.embedder.EclipseLogger - skip non existing resourceDirectory /Users/happinessndubisi/Documents/obsidi/workspace-academy-java/academy-java/src/main/resources
2024-09-30 13:25:17,566 [Worker-501: Building] INFO  o.e.m.c.i.embedder.EclipseLogger - Using 'UTF-8' encoding to copy filtered resources.
2024-09-30 13:25:17,567 [Worker-501: Building] INFO  o.e.m.c.i.embedder.EclipseLogger - skip non existing resourceDirectory /Users/happinessndubisi/Documents/obsidi/workspace-academy-java/academy-java/src/test/resources
2024-09-30 13:25:53,959 [Worker-500: Building] INFO  o.e.m.c.i.embedder.EclipseLogger - Using 'UTF-8' encoding to copy filtered resources.
2024-09-30 13:25:53,969 [Worker-500: Building] INFO  o.e.m.c.i.embedder.EclipseLogger - skip non existing resourceDirectory /Users/happinessndubisi/Documents/obsidi/workspace-academy-java/academy-java/src/main/resources
2024-09-30 13:25:53,982 [Worker-500: Building] INFO  o.e.m.c.i.embedder.EclipseLogger - Using 'UTF-8' encoding to copy filtered resources.
2024-09-30 13:25:53,984 [Worker-500: Building] INFO  o.e.m.c.i.embedder.EclipseLogger - skip non existing resourceDirectory /Users/happinessndubisi/Documents/obsidi/workspace-academy-java/academy-java/src/test/resources
2024-09-30 13:51:03,117 [Worker-502: Launching BankSystem] INFO  o.e.m.c.i.embedder.EclipseLogger - Using 'UTF-8' encoding to copy filtered resources.
2024-09-30 13:51:03,129 [Worker-502: Launching BankSystem] INFO  o.e.m.c.i.embedder.EclipseLogger - skip non existing resourceDirectory /Users/happinessndubisi/Documents/obsidi/workspace-academy-java/academy-java/src/main/resources
2024-09-30 13:51:03,143 [Worker-502: Launching BankSystem] INFO  o.e.m.c.i.embedder.EclipseLogger - Using 'UTF-8' encoding to copy filtered resources.
2024-09-30 13:51:03,143 [Worker-502: Launching BankSystem] INFO  o.e.m.c.i.embedder.EclipseLogger - skip non existing resourceDirectory /Users/happinessndubisi/Documents/obsidi/workspace-academy-java/academy-java/src/test/resources
2024-09-30 13:52:04,045 [Worker-501: Building] INFO  o.e.m.c.i.embedder.EclipseLogger - Using 'UTF-8' encoding to copy filtered resources.
2024-09-30 13:52:04,046 [Worker-501: Building] INFO  o.e.m.c.i.embedder.EclipseLogger - skip non existing resourceDirectory /Users/happinessndubisi/Documents/obsidi/workspace-academy-java/academy-java/src/main/resources
2024-09-30 13:52:04,050 [Worker-501: Building] INFO  o.e.m.c.i.embedder.EclipseLogger - Using 'UTF-8' encoding to copy filtered resources.
2024-09-30 13:52:04,051 [Worker-501: Building] INFO  o.e.m.c.i.embedder.EclipseLogger - skip non existing resourceDirectory /Users/happinessndubisi/Documents/obsidi/workspace-academy-java/academy-java/src/test/resources
2024-09-30 13:53:34,506 [Worker-508: Building] INFO  o.e.m.c.i.embedder.EclipseLogger - Using 'UTF-8' encoding to copy filtered resources.
2024-09-30 13:53:34,508 [Worker-508: Building] INFO  o.e.m.c.i.embedder.EclipseLogger - skip non existing resourceDirectory /Users/happinessndubisi/Documents/obsidi/workspace-academy-java/academy-java/src/main/resources
2024-09-30 13:53:34,512 [Worker-508: Building] INFO  o.e.m.c.i.embedder.EclipseLogger - Using 'UTF-8' encoding to copy filtered resources.
2024-09-30 13:53:34,513 [Worker-508: Building] INFO  o.e.m.c.i.embedder.EclipseLogger - skip non existing resourceDirectory /Users/happinessndubisi/Documents/obsidi/workspace-academy-java/academy-java/src/test/resources
2024-09-30 14:14:48,292 [Worker-514: Building] INFO  o.e.m.c.i.embedder.EclipseLogger - Using 'UTF-8' encoding to copy filtered resources.
2024-09-30 14:14:48,312 [Worker-514: Building] INFO  o.e.m.c.i.embedder.EclipseLogger - skip non existing resourceDirectory /Users/happinessndubisi/Documents/obsidi/workspace-academy-java/academy-java/src/main/resources
2024-09-30 14:14:48,325 [Worker-514: Building] INFO  o.e.m.c.i.embedder.EclipseLogger - Using 'UTF-8' encoding to copy filtered resources.
2024-09-30 14:14:48,325 [Worker-514: Building] INFO  o.e.m.c.i.embedder.EclipseLogger - skip non existing resourceDirectory /Users/happinessndubisi/Documents/obsidi/workspace-academy-java/academy-java/src/test/resources
2024-09-30 14:14:54,983 [Worker-515: Launching BankSystem] INFO  o.e.m.c.i.embedder.EclipseLogger - Using 'UTF-8' encoding to copy filtered resources.
2024-09-30 14:14:54,984 [Worker-515: Launching BankSystem] INFO  o.e.m.c.i.embedder.EclipseLogger - skip non existing resourceDirectory /Users/happinessndubisi/Documents/obsidi/workspace-academy-java/academy-java/src/main/resources
2024-09-30 14:14:54,987 [Worker-515: Launching BankSystem] INFO  o.e.m.c.i.embedder.EclipseLogger - Using 'UTF-8' encoding to copy filtered resources.
2024-09-30 14:14:54,987 [Worker-515: Launching BankSystem] INFO  o.e.m.c.i.embedder.EclipseLogger - skip non existing resourceDirectory /Users/happinessndubisi/Documents/obsidi/workspace-academy-java/academy-java/src/test/resources
2024-09-30 14:16:52,987 [Worker-508: Building] INFO  o.e.m.c.i.embedder.EclipseLogger - Using 'UTF-8' encoding to copy filtered resources.
2024-09-30 14:16:53,011 [Worker-508: Building] INFO  o.e.m.c.i.embedder.EclipseLogger - skip non existing resourceDirectory /Users/happinessndubisi/Documents/obsidi/workspace-academy-java/academy-java/src/main/resources
2024-09-30 14:16:53,027 [Worker-508: Building] INFO  o.e.m.c.i.embedder.EclipseLogger - Using 'UTF-8' encoding to copy filtered resources.
2024-09-30 14:16:53,028 [Worker-508: Building] INFO  o.e.m.c.i.embedder.EclipseLogger - skip non existing resourceDirectory /Users/happinessndubisi/Documents/obsidi/workspace-academy-java/academy-java/src/test/resources
2024-09-30 15:11:47,451 [Worker-523: Building] INFO  o.e.m.c.i.embedder.EclipseLogger - Using 'UTF-8' encoding to copy filtered resources.
2024-09-30 15:11:47,465 [Worker-523: Building] INFO  o.e.m.c.i.embedder.EclipseLogger - skip non existing resourceDirectory /Users/happinessndubisi/Documents/obsidi/workspace-academy-java/academy-java/src/main/resources
2024-09-30 15:11:47,478 [Worker-523: Building] INFO  o.e.m.c.i.embedder.EclipseLogger - Using 'UTF-8' encoding to copy filtered resources.
2024-09-30 15:11:47,478 [Worker-523: Building] INFO  o.e.m.c.i.embedder.EclipseLogger - skip non existing resourceDirectory /Users/happinessndubisi/Documents/obsidi/workspace-academy-java/academy-java/src/test/resources
2024-09-30 15:12:40,295 [Worker-521: Building] INFO  o.e.m.c.i.embedder.EclipseLogger - Using 'UTF-8' encoding to copy filtered resources.
2024-09-30 15:12:40,296 [Worker-521: Building] INFO  o.e.m.c.i.embedder.EclipseLogger - skip non existing resourceDirectory /Users/happinessndubisi/Documents/obsidi/workspace-academy-java/academy-java/src/main/resources
2024-09-30 15:12:40,299 [Worker-521: Building] INFO  o.e.m.c.i.embedder.EclipseLogger - Using 'UTF-8' encoding to copy filtered resources.
2024-09-30 15:12:40,299 [Worker-521: Building] INFO  o.e.m.c.i.embedder.EclipseLogger - skip non existing resourceDirectory /Users/happinessndubisi/Documents/obsidi/workspace-academy-java/academy-java/src/test/resources
2024-09-30 15:13:05,826 [Worker-523: Building] INFO  o.e.m.c.i.embedder.EclipseLogger - Using 'UTF-8' encoding to copy filtered resources.
2024-09-30 15:13:05,827 [Worker-523: Building] INFO  o.e.m.c.i.embedder.EclipseLogger - skip non existing resourceDirectory /Users/happinessndubisi/Documents/obsidi/workspace-academy-java/academy-java/src/main/resources
2024-09-30 15:13:05,830 [Worker-523: Building] INFO  o.e.m.c.i.embedder.EclipseLogger - Using 'UTF-8' encoding to copy filtered resources.
2024-09-30 15:13:05,830 [Worker-523: Building] INFO  o.e.m.c.i.embedder.EclipseLogger - skip non existing resourceDirectory /Users/happinessndubisi/Documents/obsidi/workspace-academy-java/academy-java/src/test/resources
2024-09-30 15:46:26,676 [Worker-531: Building] INFO  o.e.m.c.i.embedder.EclipseLogger - Using 'UTF-8' encoding to copy filtered resources.
2024-09-30 15:46:26,693 [Worker-531: Building] INFO  o.e.m.c.i.embedder.EclipseLogger - skip non existing resourceDirectory /Users/happinessndubisi/Documents/obsidi/workspace-academy-java/academy-java/src/main/resources
2024-09-30 15:46:26,707 [Worker-531: Building] INFO  o.e.m.c.i.embedder.EclipseLogger - Using 'UTF-8' encoding to copy filtered resources.
2024-09-30 15:46:26,707 [Worker-531: Building] INFO  o.e.m.c.i.embedder.EclipseLogger - skip non existing resourceDirectory /Users/happinessndubisi/Documents/obsidi/workspace-academy-java/academy-java/src/test/resources
2024-09-30 15:51:06,740 [Worker-530: Building] INFO  o.e.m.c.i.embedder.EclipseLogger - Using 'UTF-8' encoding to copy filtered resources.
2024-09-30 15:51:06,759 [Worker-530: Building] INFO  o.e.m.c.i.embedder.EclipseLogger - skip non existing resourceDirectory /Users/happinessndubisi/Documents/obsidi/workspace-academy-java/academy-java/src/main/resources
2024-09-30 15:51:06,968 [Worker-530: Building] INFO  o.e.m.c.i.embedder.EclipseLogger - Using 'UTF-8' encoding to copy filtered resources.
2024-09-30 15:51:06,969 [Worker-530: Building] INFO  o.e.m.c.i.embedder.EclipseLogger - skip non existing resourceDirectory /Users/happinessndubisi/Documents/obsidi/workspace-academy-java/academy-java/src/test/resources
2024-09-30 15:51:58,242 [Worker-521: Building] INFO  o.e.m.c.i.embedder.EclipseLogger - Using 'UTF-8' encoding to copy filtered resources.
2024-09-30 15:51:58,244 [Worker-521: Building] INFO  o.e.m.c.i.embedder.EclipseLogger - skip non existing resourceDirectory /Users/happinessndubisi/Documents/obsidi/workspace-academy-java/academy-java/src/main/resources
2024-09-30 15:51:58,249 [Worker-521: Building] INFO  o.e.m.c.i.embedder.EclipseLogger - Using 'UTF-8' encoding to copy filtered resources.
2024-09-30 15:51:58,249 [Worker-521: Building] INFO  o.e.m.c.i.embedder.EclipseLogger - skip non existing resourceDirectory /Users/happinessndubisi/Documents/obsidi/workspace-academy-java/academy-java/src/test/resources
2024-09-30 15:52:56,402 [Worker-521: Building] INFO  o.e.m.c.i.embedder.EclipseLogger - Using 'UTF-8' encoding to copy filtered resources.
2024-09-30 15:52:56,404 [Worker-521: Building] INFO  o.e.m.c.i.embedder.EclipseLogger - skip non existing resourceDirectory /Users/happinessndubisi/Documents/obsidi/workspace-academy-java/academy-java/src/main/resources
2024-09-30 15:52:56,407 [Worker-521: Building] INFO  o.e.m.c.i.embedder.EclipseLogger - Using 'UTF-8' encoding to copy filtered resources.
2024-09-30 15:52:56,407 [Worker-521: Building] INFO  o.e.m.c.i.embedder.EclipseLogger - skip non existing resourceDirectory /Users/happinessndubisi/Documents/obsidi/workspace-academy-java/academy-java/src/test/resources
2024-10-01 06:20:52,271 [Worker-225: Building] INFO  o.e.m.c.i.embedder.EclipseLogger - Using 'UTF-8' encoding to copy filtered resources.
2024-10-01 06:20:52,276 [Worker-225: Building] INFO  o.e.m.c.i.embedder.EclipseLogger - skip non existing resourceDirectory /Users/happinessndubisi/Documents/obsidi/workspace-academy-java/academy-java/src/main/resources
2024-10-01 06:20:52,304 [Worker-225: Building] INFO  o.e.m.c.i.embedder.EclipseLogger - Using 'UTF-8' encoding to copy filtered resources.
2024-10-01 06:20:52,305 [Worker-225: Building] INFO  o.e.m.c.i.embedder.EclipseLogger - skip non existing resourceDirectory /Users/happinessndubisi/Documents/obsidi/workspace-academy-java/academy-java/src/test/resources
2024-10-01 06:25:24,275 [Worker-21: Loading available Gradle versions] INFO  o.e.b.c.i.u.g.PublishedGradleVersions - Gradle version information cache is out-of-date. Trying to update.
2024-10-01 07:14:13,476 [Worker-44: Building] INFO  o.e.m.c.i.embedder.EclipseLogger - Using 'UTF-8' encoding to copy filtered resources.
2024-10-01 07:14:13,478 [Worker-44: Building] INFO  o.e.m.c.i.embedder.EclipseLogger - skip non existing resourceDirectory /Users/happinessndubisi/Documents/obsidi/workspace-academy-java/academy-java/src/main/resources
2024-10-01 07:14:13,487 [Worker-44: Building] INFO  o.e.m.c.i.embedder.EclipseLogger - Using 'UTF-8' encoding to copy filtered resources.
2024-10-01 07:14:13,487 [Worker-44: Building] INFO  o.e.m.c.i.embedder.EclipseLogger - skip non existing resourceDirectory /Users/happinessndubisi/Documents/obsidi/workspace-academy-java/academy-java/src/test/resources
2024-10-01 13:19:01,540 [Worker-91: Building] INFO  o.e.m.c.i.embedder.EclipseLogger - Using 'UTF-8' encoding to copy filtered resources.
2024-10-01 13:19:01,542 [Worker-91: Building] INFO  o.e.m.c.i.embedder.EclipseLogger - skip non existing resourceDirectory /Users/happinessndubisi/Documents/obsidi/workspace-academy-java/academy-java/src/main/resources
2024-10-01 13:19:01,550 [Worker-91: Building] INFO  o.e.m.c.i.embedder.EclipseLogger - Using 'UTF-8' encoding to copy filtered resources.
2024-10-01 13:19:01,550 [Worker-91: Building] INFO  o.e.m.c.i.embedder.EclipseLogger - skip non existing resourceDirectory /Users/happinessndubisi/Documents/obsidi/workspace-academy-java/academy-java/src/test/resources
2024-10-01 13:19:40,753 [Worker-91: Building] INFO  o.e.m.c.i.embedder.EclipseLogger - Using 'UTF-8' encoding to copy filtered resources.
2024-10-01 13:19:40,754 [Worker-91: Building] INFO  o.e.m.c.i.embedder.EclipseLogger - skip non existing resourceDirectory /Users/happinessndubisi/Documents/obsidi/workspace-academy-java/academy-java/src/main/resources
2024-10-01 13:19:40,763 [Worker-91: Building] INFO  o.e.m.c.i.embedder.EclipseLogger - Using 'UTF-8' encoding to copy filtered resources.
2024-10-01 13:19:40,763 [Worker-91: Building] INFO  o.e.m.c.i.embedder.EclipseLogger - skip non existing resourceDirectory /Users/happinessndubisi/Documents/obsidi/workspace-academy-java/academy-java/src/test/resources
2024-10-01 13:20:09,020 [Worker-92: Building] INFO  o.e.m.c.i.embedder.EclipseLogger - Using 'UTF-8' encoding to copy filtered resources.
2024-10-01 13:20:09,021 [Worker-92: Building] INFO  o.e.m.c.i.embedder.EclipseLogger - skip non existing resourceDirectory /Users/happinessndubisi/Documents/obsidi/workspace-academy-java/academy-java/src/main/resources
2024-10-01 13:20:09,026 [Worker-92: Building] INFO  o.e.m.c.i.embedder.EclipseLogger - Using 'UTF-8' encoding to copy filtered resources.
2024-10-01 13:20:09,027 [Worker-92: Building] INFO  o.e.m.c.i.embedder.EclipseLogger - skip non existing resourceDirectory /Users/happinessndubisi/Documents/obsidi/workspace-academy-java/academy-java/src/test/resources
2024-10-01 13:20:29,246 [Worker-92: Building] INFO  o.e.m.c.i.embedder.EclipseLogger - Using 'UTF-8' encoding to copy filtered resources.
2024-10-01 13:20:29,247 [Worker-92: Building] INFO  o.e.m.c.i.embedder.EclipseLogger - skip non existing resourceDirectory /Users/happinessndubisi/Documents/obsidi/workspace-academy-java/academy-java/src/main/resources
2024-10-01 13:20:29,252 [Worker-92: Building] INFO  o.e.m.c.i.embedder.EclipseLogger - Using 'UTF-8' encoding to copy filtered resources.
2024-10-01 13:20:29,252 [Worker-92: Building] INFO  o.e.m.c.i.embedder.EclipseLogger - skip non existing resourceDirectory /Users/happinessndubisi/Documents/obsidi/workspace-academy-java/academy-java/src/test/resources
2024-10-01 13:43:34,179 [Worker-98: Building] INFO  o.e.m.c.i.embedder.EclipseLogger - Using 'UTF-8' encoding to copy filtered resources.
2024-10-01 13:43:34,191 [Worker-98: Building] INFO  o.e.m.c.i.embedder.EclipseLogger - skip non existing resourceDirectory /Users/happinessndubisi/Documents/obsidi/workspace-academy-java/academy-java/src/main/resources
2024-10-01 13:43:34,200 [Worker-98: Building] INFO  o.e.m.c.i.embedder.EclipseLogger - Using 'UTF-8' encoding to copy filtered resources.
2024-10-01 13:43:34,200 [Worker-98: Building] INFO  o.e.m.c.i.embedder.EclipseLogger - skip non existing resourceDirectory /Users/happinessndubisi/Documents/obsidi/workspace-academy-java/academy-java/src/test/resources
2024-10-01 14:06:45,254 [Worker-106: Building] INFO  o.e.m.c.i.embedder.EclipseLogger - Using 'UTF-8' encoding to copy filtered resources.
2024-10-01 14:06:45,258 [Worker-106: Building] INFO  o.e.m.c.i.embedder.EclipseLogger - skip non existing resourceDirectory /Users/happinessndubisi/Documents/obsidi/workspace-academy-java/academy-java/src/main/resources
2024-10-01 14:06:45,264 [Worker-106: Building] INFO  o.e.m.c.i.embedder.EclipseLogger - Using 'UTF-8' encoding to copy filtered resources.
2024-10-01 14:06:45,265 [Worker-106: Building] INFO  o.e.m.c.i.embedder.EclipseLogger - skip non existing resourceDirectory /Users/happinessndubisi/Documents/obsidi/workspace-academy-java/academy-java/src/test/resources
2024-10-01 14:48:27,975 [Worker-112: Building] INFO  o.e.m.c.i.embedder.EclipseLogger - Using 'UTF-8' encoding to copy filtered resources.
2024-10-01 14:48:27,978 [Worker-112: Building] INFO  o.e.m.c.i.embedder.EclipseLogger - skip non existing resourceDirectory /Users/happinessndubisi/Documents/obsidi/workspace-academy-java/academy-java/src/main/resources
2024-10-01 14:48:27,992 [Worker-112: Building] INFO  o.e.m.c.i.embedder.EclipseLogger - Using 'UTF-8' encoding to copy filtered resources.
2024-10-01 14:48:27,993 [Worker-112: Building] INFO  o.e.m.c.i.embedder.EclipseLogger - skip non existing resourceDirectory /Users/happinessndubisi/Documents/obsidi/workspace-academy-java/academy-java/src/test/resources
2024-10-01 15:10:52,792 [Worker-122: Building] INFO  o.e.m.c.i.embedder.EclipseLogger - Using 'UTF-8' encoding to copy filtered resources.
2024-10-01 15:10:52,796 [Worker-122: Building] INFO  o.e.m.c.i.embedder.EclipseLogger - skip non existing resourceDirectory /Users/happinessndubisi/Documents/obsidi/workspace-academy-java/academy-java/src/main/resources
2024-10-01 15:10:52,801 [Worker-122: Building] INFO  o.e.m.c.i.embedder.EclipseLogger - Using 'UTF-8' encoding to copy filtered resources.
2024-10-01 15:10:52,802 [Worker-122: Building] INFO  o.e.m.c.i.embedder.EclipseLogger - skip non existing resourceDirectory /Users/happinessndubisi/Documents/obsidi/workspace-academy-java/academy-java/src/test/resources
2024-10-01 15:18:32,352 [Worker-130: Building] INFO  o.e.m.c.i.embedder.EclipseLogger - Using 'UTF-8' encoding to copy filtered resources.
2024-10-01 15:18:32,357 [Worker-130: Building] INFO  o.e.m.c.i.embedder.EclipseLogger - skip non existing resourceDirectory /Users/happinessndubisi/Documents/obsidi/workspace-academy-java/academy-java/src/main/resources
2024-10-01 15:18:32,361 [Worker-130: Building] INFO  o.e.m.c.i.embedder.EclipseLogger - Using 'UTF-8' encoding to copy filtered resources.
2024-10-01 15:18:32,362 [Worker-130: Building] INFO  o.e.m.c.i.embedder.EclipseLogger - skip non existing resourceDirectory /Users/happinessndubisi/Documents/obsidi/workspace-academy-java/academy-java/src/test/resources
2024-10-02 11:04:31,104 [Worker-177: Building] INFO  o.e.m.c.i.embedder.EclipseLogger - Using 'UTF-8' encoding to copy filtered resources.
2024-10-02 11:04:31,109 [Worker-177: Building] INFO  o.e.m.c.i.embedder.EclipseLogger - skip non existing resourceDirectory /Users/happinessndubisi/Documents/obsidi/workspace-academy-java/academy-java/src/main/resources
2024-10-02 11:04:31,125 [Worker-177: Building] INFO  o.e.m.c.i.embedder.EclipseLogger - Using 'UTF-8' encoding to copy filtered resources.
2024-10-02 11:04:31,126 [Worker-177: Building] INFO  o.e.m.c.i.embedder.EclipseLogger - skip non existing resourceDirectory /Users/happinessndubisi/Documents/obsidi/workspace-academy-java/academy-java/src/test/resources
2024-10-02 11:45:07,577 [Worker-175: Building] INFO  o.e.m.c.i.embedder.EclipseLogger - Using 'UTF-8' encoding to copy filtered resources.
2024-10-02 11:45:07,582 [Worker-175: Building] INFO  o.e.m.c.i.embedder.EclipseLogger - skip non existing resourceDirectory /Users/happinessndubisi/Documents/obsidi/workspace-academy-java/academy-java/src/main/resources
2024-10-02 11:45:07,595 [Worker-175: Building] INFO  o.e.m.c.i.embedder.EclipseLogger - Using 'UTF-8' encoding to copy filtered resources.
2024-10-02 11:45:07,597 [Worker-175: Building] INFO  o.e.m.c.i.embedder.EclipseLogger - skip non existing resourceDirectory /Users/happinessndubisi/Documents/obsidi/workspace-academy-java/academy-java/src/test/resources
2024-10-03 10:17:45,762 [Worker-246: Building] INFO  o.e.m.c.i.embedder.EclipseLogger - Using 'UTF-8' encoding to copy filtered resources.
2024-10-03 10:17:45,771 [Worker-246: Building] INFO  o.e.m.c.i.embedder.EclipseLogger - skip non existing resourceDirectory /Users/happinessndubisi/Documents/obsidi/workspace-academy-java/academy-java/src/main/resources
2024-10-03 10:17:45,782 [Worker-246: Building] INFO  o.e.m.c.i.embedder.EclipseLogger - Using 'UTF-8' encoding to copy filtered resources.
2024-10-03 10:17:45,782 [Worker-246: Building] INFO  o.e.m.c.i.embedder.EclipseLogger - skip non existing resourceDirectory /Users/happinessndubisi/Documents/obsidi/workspace-academy-java/academy-java/src/test/resources
2024-10-03 11:08:07,636 [Worker-256: Building] INFO  o.e.m.c.i.embedder.EclipseLogger - Using 'UTF-8' encoding to copy filtered resources.
2024-10-03 11:08:07,649 [Worker-256: Building] INFO  o.e.m.c.i.embedder.EclipseLogger - skip non existing resourceDirectory /Users/happinessndubisi/Documents/obsidi/workspace-academy-java/academy-java/src/main/resources
2024-10-03 11:08:07,661 [Worker-256: Building] INFO  o.e.m.c.i.embedder.EclipseLogger - Using 'UTF-8' encoding to copy filtered resources.
2024-10-03 11:08:07,661 [Worker-256: Building] INFO  o.e.m.c.i.embedder.EclipseLogger - skip non existing resourceDirectory /Users/happinessndubisi/Documents/obsidi/workspace-academy-java/academy-java/src/test/resources
2024-10-03 13:44:05,390 [Worker-273: Building] INFO  o.e.m.c.i.embedder.EclipseLogger - Using 'UTF-8' encoding to copy filtered resources.
2024-10-03 13:44:05,413 [Worker-273: Building] INFO  o.e.m.c.i.embedder.EclipseLogger - skip non existing resourceDirectory /Users/happinessndubisi/Documents/obsidi/workspace-academy-java/academy-java/src/main/resources
2024-10-03 13:44:05,424 [Worker-273: Building] INFO  o.e.m.c.i.embedder.EclipseLogger - Using 'UTF-8' encoding to copy filtered resources.
2024-10-03 13:44:05,425 [Worker-273: Building] INFO  o.e.m.c.i.embedder.EclipseLogger - skip non existing resourceDirectory /Users/happinessndubisi/Documents/obsidi/workspace-academy-java/academy-java/src/test/resources
2024-10-03 13:51:49,715 [Worker-276: Launching ThrowThowThrowable] INFO  o.e.m.c.i.embedder.EclipseLogger - Using 'UTF-8' encoding to copy filtered resources.
2024-10-03 13:51:49,720 [Worker-276: Launching ThrowThowThrowable] INFO  o.e.m.c.i.embedder.EclipseLogger - skip non existing resourceDirectory /Users/happinessndubisi/Documents/obsidi/workspace-academy-java/academy-java/src/main/resources
2024-10-03 13:51:49,725 [Worker-276: Launching ThrowThowThrowable] INFO  o.e.m.c.i.embedder.EclipseLogger - Using 'UTF-8' encoding to copy filtered resources.
2024-10-03 13:51:49,725 [Worker-276: Launching ThrowThowThrowable] INFO  o.e.m.c.i.embedder.EclipseLogger - skip non existing resourceDirectory /Users/happinessndubisi/Documents/obsidi/workspace-academy-java/academy-java/src/test/resources
2024-10-03 14:38:54,307 [Worker-297: Building] INFO  o.e.m.c.i.embedder.EclipseLogger - Using 'UTF-8' encoding to copy filtered resources.
2024-10-03 14:38:54,316 [Worker-297: Building] INFO  o.e.m.c.i.embedder.EclipseLogger - skip non existing resourceDirectory /Users/happinessndubisi/Documents/obsidi/workspace-academy-java/academy-java/src/main/resources
2024-10-03 14:38:54,336 [Worker-297: Building] INFO  o.e.m.c.i.embedder.EclipseLogger - Using 'UTF-8' encoding to copy filtered resources.
2024-10-03 14:38:54,337 [Worker-297: Building] INFO  o.e.m.c.i.embedder.EclipseLogger - skip non existing resourceDirectory /Users/happinessndubisi/Documents/obsidi/workspace-academy-java/academy-java/src/test/resources
2024-10-04 16:31:26,437 [Worker-437: Building] INFO  o.e.m.c.i.embedder.EclipseLogger - Using 'UTF-8' encoding to copy filtered resources.
2024-10-04 16:31:26,463 [Worker-437: Building] INFO  o.e.m.c.i.embedder.EclipseLogger - skip non existing resourceDirectory /Users/happinessndubisi/Documents/obsidi/workspace-academy-java/academy-java/src/main/resources
2024-10-04 16:31:26,474 [Worker-437: Building] INFO  o.e.m.c.i.embedder.EclipseLogger - Using 'UTF-8' encoding to copy filtered resources.
2024-10-04 16:31:26,474 [Worker-437: Building] INFO  o.e.m.c.i.embedder.EclipseLogger - skip non existing resourceDirectory /Users/happinessndubisi/Documents/obsidi/workspace-academy-java/academy-java/src/test/resources
2024-10-04 16:34:25,274 [Worker-437: Building] INFO  o.e.m.c.i.embedder.EclipseLogger - Using 'UTF-8' encoding to copy filtered resources.
2024-10-04 16:34:25,279 [Worker-437: Building] INFO  o.e.m.c.i.embedder.EclipseLogger - skip non existing resourceDirectory /Users/happinessndubisi/Documents/obsidi/workspace-academy-java/academy-java/src/main/resources
2024-10-04 16:34:25,292 [Worker-437: Building] INFO  o.e.m.c.i.embedder.EclipseLogger - Using 'UTF-8' encoding to copy filtered resources.
2024-10-04 16:34:25,292 [Worker-437: Building] INFO  o.e.m.c.i.embedder.EclipseLogger - skip non existing resourceDirectory /Users/happinessndubisi/Documents/obsidi/workspace-academy-java/academy-java/src/test/resources
2024-10-04 16:40:44,321 [Worker-437: Building] INFO  o.e.m.c.i.embedder.EclipseLogger - Using 'UTF-8' encoding to copy filtered resources.
2024-10-04 16:40:44,332 [Worker-437: Building] INFO  o.e.m.c.i.embedder.EclipseLogger - skip non existing resourceDirectory /Users/happinessndubisi/Documents/obsidi/workspace-academy-java/academy-java/src/main/resources
2024-10-04 16:40:44,338 [Worker-437: Building] INFO  o.e.m.c.i.embedder.EclipseLogger - Using 'UTF-8' encoding to copy filtered resources.
2024-10-04 16:40:44,339 [Worker-437: Building] INFO  o.e.m.c.i.embedder.EclipseLogger - skip non existing resourceDirectory /Users/happinessndubisi/Documents/obsidi/workspace-academy-java/academy-java/src/test/resources
2024-10-04 16:44:00,796 [Worker-443: Building] INFO  o.e.m.c.i.embedder.EclipseLogger - Using 'UTF-8' encoding to copy filtered resources.
2024-10-04 16:44:00,800 [Worker-443: Building] INFO  o.e.m.c.i.embedder.EclipseLogger - skip non existing resourceDirectory /Users/happinessndubisi/Documents/obsidi/workspace-academy-java/academy-java/src/main/resources
2024-10-04 16:44:00,808 [Worker-443: Building] INFO  o.e.m.c.i.embedder.EclipseLogger - Using 'UTF-8' encoding to copy filtered resources.
2024-10-04 16:44:00,808 [Worker-443: Building] INFO  o.e.m.c.i.embedder.EclipseLogger - skip non existing resourceDirectory /Users/happinessndubisi/Documents/obsidi/workspace-academy-java/academy-java/src/test/resources
2024-10-04 16:45:34,879 [Worker-440: Building] INFO  o.e.m.c.i.embedder.EclipseLogger - Using 'UTF-8' encoding to copy filtered resources.
2024-10-04 16:45:34,881 [Worker-440: Building] INFO  o.e.m.c.i.embedder.EclipseLogger - skip non existing resourceDirectory /Users/happinessndubisi/Documents/obsidi/workspace-academy-java/academy-java/src/main/resources
2024-10-04 16:45:34,885 [Worker-440: Building] INFO  o.e.m.c.i.embedder.EclipseLogger - Using 'UTF-8' encoding to copy filtered resources.
2024-10-04 16:45:34,885 [Worker-440: Building] INFO  o.e.m.c.i.embedder.EclipseLogger - skip non existing resourceDirectory /Users/happinessndubisi/Documents/obsidi/workspace-academy-java/academy-java/src/test/resources
2024-10-04 16:47:54,640 [Worker-444: Building] INFO  o.e.m.c.i.embedder.EclipseLogger - Using 'UTF-8' encoding to copy filtered resources.
2024-10-04 16:47:54,642 [Worker-444: Building] INFO  o.e.m.c.i.embedder.EclipseLogger - skip non existing resourceDirectory /Users/happinessndubisi/Documents/obsidi/workspace-academy-java/academy-java/src/main/resources
2024-10-04 16:47:54,648 [Worker-444: Building] INFO  o.e.m.c.i.embedder.EclipseLogger - Using 'UTF-8' encoding to copy filtered resources.
2024-10-04 16:47:54,649 [Worker-444: Building] INFO  o.e.m.c.i.embedder.EclipseLogger - skip non existing resourceDirectory /Users/happinessndubisi/Documents/obsidi/workspace-academy-java/academy-java/src/test/resources
2024-10-05 15:54:38,853 [Worker-478: Building] INFO  o.e.m.c.i.embedder.EclipseLogger - Using 'UTF-8' encoding to copy filtered resources.
2024-10-05 15:54:38,879 [Worker-478: Building] INFO  o.e.m.c.i.embedder.EclipseLogger - skip non existing resourceDirectory /Users/happinessndubisi/Documents/obsidi/workspace-academy-java/academy-java/src/main/resources
2024-10-05 15:54:38,899 [Worker-478: Building] INFO  o.e.m.c.i.embedder.EclipseLogger - Using 'UTF-8' encoding to copy filtered resources.
2024-10-05 15:54:38,899 [Worker-478: Building] INFO  o.e.m.c.i.embedder.EclipseLogger - skip non existing resourceDirectory /Users/happinessndubisi/Documents/obsidi/workspace-academy-java/academy-java/src/test/resources
2024-10-06 20:04:01,673 [Worker-556: Building] INFO  o.e.m.c.i.embedder.EclipseLogger - Using 'UTF-8' encoding to copy filtered resources.
2024-10-06 20:04:01,691 [Worker-556: Building] INFO  o.e.m.c.i.embedder.EclipseLogger - skip non existing resourceDirectory /Users/happinessndubisi/Documents/obsidi/workspace-academy-java/academy-java/src/main/resources
2024-10-06 20:04:01,700 [Worker-556: Building] INFO  o.e.m.c.i.embedder.EclipseLogger - Using 'UTF-8' encoding to copy filtered resources.
2024-10-06 20:04:01,701 [Worker-556: Building] INFO  o.e.m.c.i.embedder.EclipseLogger - skip non existing resourceDirectory /Users/happinessndubisi/Documents/obsidi/workspace-academy-java/academy-java/src/test/resources
2024-10-07 11:17:44,833 [Worker-596: Building] INFO  o.e.m.c.i.embedder.EclipseLogger - Using 'UTF-8' encoding to copy filtered resources.
2024-10-07 11:17:44,846 [Worker-596: Building] INFO  o.e.m.c.i.embedder.EclipseLogger - skip non existing resourceDirectory /Users/happinessndubisi/Documents/obsidi/workspace-academy-java/academy-java/src/main/resources
2024-10-07 11:17:44,861 [Worker-596: Building] INFO  o.e.m.c.i.embedder.EclipseLogger - Using 'UTF-8' encoding to copy filtered resources.
2024-10-07 11:17:44,861 [Worker-596: Building] INFO  o.e.m.c.i.embedder.EclipseLogger - skip non existing resourceDirectory /Users/happinessndubisi/Documents/obsidi/workspace-academy-java/academy-java/src/test/resources
2024-10-07 11:42:43,942 [Worker-608: Building] INFO  o.e.m.c.i.embedder.EclipseLogger - Using 'UTF-8' encoding to copy filtered resources.
2024-10-07 11:42:43,959 [Worker-608: Building] INFO  o.e.m.c.i.embedder.EclipseLogger - skip non existing resourceDirectory /Users/happinessndubisi/Documents/obsidi/workspace-academy-java/academy-java/src/main/resources
2024-10-07 11:42:43,967 [Worker-608: Building] INFO  o.e.m.c.i.embedder.EclipseLogger - Using 'UTF-8' encoding to copy filtered resources.
2024-10-07 11:42:43,967 [Worker-608: Building] INFO  o.e.m.c.i.embedder.EclipseLogger - skip non existing resourceDirectory /Users/happinessndubisi/Documents/obsidi/workspace-academy-java/academy-java/src/test/resources
2024-10-07 11:46:51,020 [Worker-612: Building] INFO  o.e.m.c.i.embedder.EclipseLogger - Using 'UTF-8' encoding to copy filtered resources.
2024-10-07 11:46:51,030 [Worker-612: Building] INFO  o.e.m.c.i.embedder.EclipseLogger - skip non existing resourceDirectory /Users/happinessndubisi/Documents/obsidi/workspace-academy-java/academy-java/src/main/resources
2024-10-07 11:46:51,037 [Worker-612: Building] INFO  o.e.m.c.i.embedder.EclipseLogger - Using 'UTF-8' encoding to copy filtered resources.
2024-10-07 11:46:51,038 [Worker-612: Building] INFO  o.e.m.c.i.embedder.EclipseLogger - skip non existing resourceDirectory /Users/happinessndubisi/Documents/obsidi/workspace-academy-java/academy-java/src/test/resources
2024-10-07 11:47:19,900 [Worker-612: Building] INFO  o.e.m.c.i.embedder.EclipseLogger - Using 'UTF-8' encoding to copy filtered resources.
2024-10-07 11:47:19,902 [Worker-612: Building] INFO  o.e.m.c.i.embedder.EclipseLogger - skip non existing resourceDirectory /Users/happinessndubisi/Documents/obsidi/workspace-academy-java/academy-java/src/main/resources
2024-10-07 11:47:19,906 [Worker-612: Building] INFO  o.e.m.c.i.embedder.EclipseLogger - Using 'UTF-8' encoding to copy filtered resources.
2024-10-07 11:47:19,906 [Worker-612: Building] INFO  o.e.m.c.i.embedder.EclipseLogger - skip non existing resourceDirectory /Users/happinessndubisi/Documents/obsidi/workspace-academy-java/academy-java/src/test/resources
2024-10-07 11:47:28,471 [Worker-611: Launching GenericsDemo] INFO  o.e.m.c.i.embedder.EclipseLogger - Using 'UTF-8' encoding to copy filtered resources.
2024-10-07 11:47:28,479 [Worker-611: Launching GenericsDemo] INFO  o.e.m.c.i.embedder.EclipseLogger - skip non existing resourceDirectory /Users/happinessndubisi/Documents/obsidi/workspace-academy-java/academy-java/src/main/resources
2024-10-07 11:47:28,487 [Worker-611: Launching GenericsDemo] INFO  o.e.m.c.i.embedder.EclipseLogger - Using 'UTF-8' encoding to copy filtered resources.
2024-10-07 11:47:28,487 [Worker-611: Launching GenericsDemo] INFO  o.e.m.c.i.embedder.EclipseLogger - skip non existing resourceDirectory /Users/happinessndubisi/Documents/obsidi/workspace-academy-java/academy-java/src/test/resources
2024-10-07 13:34:20,298 [Worker-611: Launching GenericsDemo] INFO  o.e.m.c.i.embedder.EclipseLogger - Using 'UTF-8' encoding to copy filtered resources.
2024-10-07 13:34:20,450 [Worker-611: Launching GenericsDemo] INFO  o.e.m.c.i.embedder.EclipseLogger - skip non existing resourceDirectory /Users/happinessndubisi/Documents/obsidi/workspace-academy-java/academy-java/src/main/resources
2024-10-07 13:34:20,779 [Worker-611: Launching GenericsDemo] INFO  o.e.m.c.i.embedder.EclipseLogger - Using 'UTF-8' encoding to copy filtered resources.
2024-10-07 13:34:20,780 [Worker-611: Launching GenericsDemo] INFO  o.e.m.c.i.embedder.EclipseLogger - skip non existing resourceDirectory /Users/happinessndubisi/Documents/obsidi/workspace-academy-java/academy-java/src/test/resources
2024-10-07 13:35:31,382 [Worker-629: Building] INFO  o.e.m.c.i.embedder.EclipseLogger - Using 'UTF-8' encoding to copy filtered resources.
2024-10-07 13:35:31,459 [Worker-629: Building] INFO  o.e.m.c.i.embedder.EclipseLogger - skip non existing resourceDirectory /Users/happinessndubisi/Documents/obsidi/workspace-academy-java/academy-java/src/main/resources
2024-10-07 13:35:31,559 [Worker-629: Building] INFO  o.e.m.c.i.embedder.EclipseLogger - Using 'UTF-8' encoding to copy filtered resources.
2024-10-07 13:35:31,570 [Worker-629: Building] INFO  o.e.m.c.i.embedder.EclipseLogger - skip non existing resourceDirectory /Users/happinessndubisi/Documents/obsidi/workspace-academy-java/academy-java/src/test/resources
2024-10-08 06:40:50,668 [Worker-706: Building] INFO  o.e.m.c.i.embedder.EclipseLogger - Using 'UTF-8' encoding to copy filtered resources.
2024-10-08 06:40:50,695 [Worker-706: Building] INFO  o.e.m.c.i.embedder.EclipseLogger - skip non existing resourceDirectory /Users/happinessndubisi/Documents/obsidi/workspace-academy-java/academy-java/src/main/resources
2024-10-08 06:40:50,711 [Worker-706: Building] INFO  o.e.m.c.i.embedder.EclipseLogger - Using 'UTF-8' encoding to copy filtered resources.
2024-10-08 06:40:50,711 [Worker-706: Building] INFO  o.e.m.c.i.embedder.EclipseLogger - skip non existing resourceDirectory /Users/happinessndubisi/Documents/obsidi/workspace-academy-java/academy-java/src/test/resources
2024-10-08 06:43:55,075 [Worker-4: Loading available Gradle versions] INFO  o.e.b.c.i.u.g.PublishedGradleVersions - Gradle version information cache is out-of-date. Trying to update.
2024-10-08 07:26:13,533 [Worker-45: Building] INFO  o.e.m.c.i.embedder.EclipseLogger - Using 'UTF-8' encoding to copy filtered resources.
2024-10-08 07:26:13,562 [Worker-45: Building] INFO  o.e.m.c.i.embedder.EclipseLogger - skip non existing resourceDirectory /Users/happinessndubisi/Documents/obsidi/workspace-academy-java/academy-java/src/main/resources
2024-10-08 07:26:13,572 [Worker-45: Building] INFO  o.e.m.c.i.embedder.EclipseLogger - Using 'UTF-8' encoding to copy filtered resources.
2024-10-08 07:26:13,572 [Worker-45: Building] INFO  o.e.m.c.i.embedder.EclipseLogger - skip non existing resourceDirectory /Users/happinessndubisi/Documents/obsidi/workspace-academy-java/academy-java/src/test/resources
2024-10-08 07:32:24,863 [Worker-7: Loading available Gradle versions] INFO  o.e.b.c.i.u.g.PublishedGradleVersions - Gradle version information cache is up-to-date. Trying to read.
2024-10-08 13:28:46,172 [Worker-76: Building] INFO  o.e.m.c.i.embedder.EclipseLogger - Using 'UTF-8' encoding to copy filtered resources.
2024-10-08 13:28:46,199 [Worker-76: Building] INFO  o.e.m.c.i.embedder.EclipseLogger - skip non existing resourceDirectory /Users/happinessndubisi/Documents/obsidi/workspace-academy-java/academy-java/src/main/resources
2024-10-08 13:28:46,215 [Worker-76: Building] INFO  o.e.m.c.i.embedder.EclipseLogger - Using 'UTF-8' encoding to copy filtered resources.
2024-10-08 13:28:46,215 [Worker-76: Building] INFO  o.e.m.c.i.embedder.EclipseLogger - skip non existing resourceDirectory /Users/happinessndubisi/Documents/obsidi/workspace-academy-java/academy-java/src/test/resources
2024-10-08 13:28:47,646 [Worker-77: Building] INFO  o.a.m.s.f.DefaultMavenResourcesFiltering - skip non existing resourceDirectory /Users/happinessndubisi/Documents/obsidi/workspace-academy-java/bptn.java/src/main/resources
2024-10-08 13:28:47,654 [Worker-77: Building] INFO  o.a.m.s.f.DefaultMavenResourcesFiltering - skip non existing resourceDirectory /Users/happinessndubisi/Documents/obsidi/workspace-academy-java/bptn.java/src/test/resources
2024-10-08 13:29:57,100 [Worker-76: Building] INFO  o.e.m.c.i.embedder.EclipseLogger - Using 'UTF-8' encoding to copy filtered resources.
2024-10-08 13:29:57,101 [Worker-76: Building] INFO  o.e.m.c.i.embedder.EclipseLogger - skip non existing resourceDirectory /Users/happinessndubisi/Documents/obsidi/workspace-academy-java/academy-java/src/main/resources
2024-10-08 13:29:57,104 [Worker-76: Building] INFO  o.e.m.c.i.embedder.EclipseLogger - Using 'UTF-8' encoding to copy filtered resources.
2024-10-08 13:29:57,104 [Worker-76: Building] INFO  o.e.m.c.i.embedder.EclipseLogger - skip non existing resourceDirectory /Users/happinessndubisi/Documents/obsidi/workspace-academy-java/academy-java/src/test/resources
2024-10-08 14:04:10,071 [Worker-81: Building] INFO  o.e.m.c.i.embedder.EclipseLogger - Using 'UTF-8' encoding to copy filtered resources.
2024-10-08 14:04:10,076 [Worker-81: Building] INFO  o.e.m.c.i.embedder.EclipseLogger - skip non existing resourceDirectory /Users/happinessndubisi/Documents/obsidi/workspace-academy-java/academy-java/src/main/resources
2024-10-08 14:04:10,086 [Worker-81: Building] INFO  o.e.m.c.i.embedder.EclipseLogger - Using 'UTF-8' encoding to copy filtered resources.
2024-10-08 14:04:10,086 [Worker-81: Building] INFO  o.e.m.c.i.embedder.EclipseLogger - skip non existing resourceDirectory /Users/happinessndubisi/Documents/obsidi/workspace-academy-java/academy-java/src/test/resources
2024-10-09 08:34:00,170 [Worker-137: Building] INFO  o.e.m.c.i.embedder.EclipseLogger - Using 'UTF-8' encoding to copy filtered resources.
2024-10-09 08:34:00,176 [Worker-137: Building] INFO  o.e.m.c.i.embedder.EclipseLogger - skip non existing resourceDirectory /Users/happinessndubisi/Documents/obsidi/workspace-academy-java/academy-java/src/main/resources
2024-10-09 08:34:00,189 [Worker-137: Building] INFO  o.e.m.c.i.embedder.EclipseLogger - Using 'UTF-8' encoding to copy filtered resources.
2024-10-09 08:34:00,190 [Worker-137: Building] INFO  o.e.m.c.i.embedder.EclipseLogger - skip non existing resourceDirectory /Users/happinessndubisi/Documents/obsidi/workspace-academy-java/academy-java/src/test/resources
2024-10-09 09:56:02,216 [Worker-146: Launching TaskManager] INFO  o.e.m.c.i.embedder.EclipseLogger - Using 'UTF-8' encoding to copy filtered resources.
2024-10-09 09:56:02,222 [Worker-146: Launching TaskManager] INFO  o.e.m.c.i.embedder.EclipseLogger - skip non existing resourceDirectory /Users/happinessndubisi/Documents/obsidi/workspace-academy-java/academy-java/src/main/resources
2024-10-09 09:56:02,230 [Worker-146: Launching TaskManager] INFO  o.e.m.c.i.embedder.EclipseLogger - Using 'UTF-8' encoding to copy filtered resources.
2024-10-09 09:56:02,230 [Worker-146: Launching TaskManager] INFO  o.e.m.c.i.embedder.EclipseLogger - skip non existing resourceDirectory /Users/happinessndubisi/Documents/obsidi/workspace-academy-java/academy-java/src/test/resources
2024-10-09 11:52:54,573 [Worker-173: Launching TaskManager] INFO  o.e.m.c.i.embedder.EclipseLogger - Using 'UTF-8' encoding to copy filtered resources.
2024-10-09 11:52:54,575 [Worker-173: Launching TaskManager] INFO  o.e.m.c.i.embedder.EclipseLogger - skip non existing resourceDirectory /Users/happinessndubisi/Documents/obsidi/workspace-academy-java/academy-java/src/main/resources
2024-10-09 11:52:54,591 [Worker-173: Launching TaskManager] INFO  o.e.m.c.i.embedder.EclipseLogger - Using 'UTF-8' encoding to copy filtered resources.
2024-10-09 11:52:54,591 [Worker-173: Launching TaskManager] INFO  o.e.m.c.i.embedder.EclipseLogger - skip non existing resourceDirectory /Users/happinessndubisi/Documents/obsidi/workspace-academy-java/academy-java/src/test/resources
2024-10-09 11:56:33,325 [Worker-175: Launching TaskManager] INFO  o.e.m.c.i.embedder.EclipseLogger - Using 'UTF-8' encoding to copy filtered resources.
2024-10-09 11:56:33,328 [Worker-175: Launching TaskManager] INFO  o.e.m.c.i.embedder.EclipseLogger - skip non existing resourceDirectory /Users/happinessndubisi/Documents/obsidi/workspace-academy-java/academy-java/src/main/resources
2024-10-09 11:56:33,341 [Worker-175: Launching TaskManager] INFO  o.e.m.c.i.embedder.EclipseLogger - Using 'UTF-8' encoding to copy filtered resources.
2024-10-09 11:56:33,342 [Worker-175: Launching TaskManager] INFO  o.e.m.c.i.embedder.EclipseLogger - skip non existing resourceDirectory /Users/happinessndubisi/Documents/obsidi/workspace-academy-java/academy-java/src/test/resources
2024-10-09 14:31:30,666 [Worker-185: Building] INFO  o.e.m.c.i.embedder.EclipseLogger - Using 'UTF-8' encoding to copy filtered resources.
2024-10-09 14:31:30,669 [Worker-185: Building] INFO  o.e.m.c.i.embedder.EclipseLogger - skip non existing resourceDirectory /Users/happinessndubisi/Documents/obsidi/workspace-academy-java/academy-java/src/main/resources
2024-10-09 14:31:30,677 [Worker-185: Building] INFO  o.e.m.c.i.embedder.EclipseLogger - Using 'UTF-8' encoding to copy filtered resources.
2024-10-09 14:31:30,677 [Worker-185: Building] INFO  o.e.m.c.i.embedder.EclipseLogger - skip non existing resourceDirectory /Users/happinessndubisi/Documents/obsidi/workspace-academy-java/academy-java/src/test/resources
2024-10-09 14:31:50,797 [Worker-189: Building] INFO  o.e.m.c.i.embedder.EclipseLogger - Using 'UTF-8' encoding to copy filtered resources.
2024-10-09 14:31:50,799 [Worker-189: Building] INFO  o.e.m.c.i.embedder.EclipseLogger - skip non existing resourceDirectory /Users/happinessndubisi/Documents/obsidi/workspace-academy-java/academy-java/src/main/resources
2024-10-09 14:31:50,807 [Worker-189: Building] INFO  o.e.m.c.i.embedder.EclipseLogger - Using 'UTF-8' encoding to copy filtered resources.
2024-10-09 14:31:50,809 [Worker-189: Building] INFO  o.e.m.c.i.embedder.EclipseLogger - skip non existing resourceDirectory /Users/happinessndubisi/Documents/obsidi/workspace-academy-java/academy-java/src/test/resources
2024-10-09 14:36:56,536 [Worker-191: Building] INFO  o.e.m.c.i.embedder.EclipseLogger - Using 'UTF-8' encoding to copy filtered resources.
2024-10-09 14:36:56,537 [Worker-191: Building] INFO  o.e.m.c.i.embedder.EclipseLogger - skip non existing resourceDirectory /Users/happinessndubisi/Documents/obsidi/workspace-academy-java/academy-java/src/main/resources
2024-10-09 14:36:56,543 [Worker-191: Building] INFO  o.e.m.c.i.embedder.EclipseLogger - Using 'UTF-8' encoding to copy filtered resources.
2024-10-09 14:36:56,543 [Worker-191: Building] INFO  o.e.m.c.i.embedder.EclipseLogger - skip non existing resourceDirectory /Users/happinessndubisi/Documents/obsidi/workspace-academy-java/academy-java/src/test/resources
2024-10-09 14:37:21,164 [Worker-189: Launching LinkedHashMapExample] INFO  o.e.m.c.i.embedder.EclipseLogger - Using 'UTF-8' encoding to copy filtered resources.
2024-10-09 14:37:21,165 [Worker-189: Launching LinkedHashMapExample] INFO  o.e.m.c.i.embedder.EclipseLogger - skip non existing resourceDirectory /Users/happinessndubisi/Documents/obsidi/workspace-academy-java/academy-java/src/main/resources
2024-10-09 14:37:21,171 [Worker-189: Launching LinkedHashMapExample] INFO  o.e.m.c.i.embedder.EclipseLogger - Using 'UTF-8' encoding to copy filtered resources.
2024-10-09 14:37:21,171 [Worker-189: Launching LinkedHashMapExample] INFO  o.e.m.c.i.embedder.EclipseLogger - skip non existing resourceDirectory /Users/happinessndubisi/Documents/obsidi/workspace-academy-java/academy-java/src/test/resources
2024-10-10 00:34:08,034 [Worker-221: Building] INFO  o.e.m.c.i.embedder.EclipseLogger - Using 'UTF-8' encoding to copy filtered resources.
2024-10-10 00:34:08,060 [Worker-221: Building] INFO  o.e.m.c.i.embedder.EclipseLogger - skip non existing resourceDirectory /Users/happinessndubisi/Documents/obsidi/workspace-academy-java/academy-java/src/main/resources
2024-10-10 00:34:08,067 [Worker-221: Building] INFO  o.e.m.c.i.embedder.EclipseLogger - Using 'UTF-8' encoding to copy filtered resources.
2024-10-10 00:34:08,067 [Worker-221: Building] INFO  o.e.m.c.i.embedder.EclipseLogger - skip non existing resourceDirectory /Users/happinessndubisi/Documents/obsidi/workspace-academy-java/academy-java/src/test/resources
2024-10-10 00:35:11,118 [Worker-218: Launching HashMapTeachBack] INFO  o.e.m.c.i.embedder.EclipseLogger - Using 'UTF-8' encoding to copy filtered resources.
2024-10-10 00:35:11,122 [Worker-218: Launching HashMapTeachBack] INFO  o.e.m.c.i.embedder.EclipseLogger - skip non existing resourceDirectory /Users/happinessndubisi/Documents/obsidi/workspace-academy-java/academy-java/src/main/resources
2024-10-10 00:35:11,126 [Worker-218: Launching HashMapTeachBack] INFO  o.e.m.c.i.embedder.EclipseLogger - Using 'UTF-8' encoding to copy filtered resources.
2024-10-10 00:35:11,126 [Worker-218: Launching HashMapTeachBack] INFO  o.e.m.c.i.embedder.EclipseLogger - skip non existing resourceDirectory /Users/happinessndubisi/Documents/obsidi/workspace-academy-java/academy-java/src/test/resources
2024-10-10 00:52:51,460 [Worker-226: Launching HashMapTeachBack] INFO  o.e.m.c.i.embedder.EclipseLogger - Using 'UTF-8' encoding to copy filtered resources.
2024-10-10 00:52:51,470 [Worker-226: Launching HashMapTeachBack] INFO  o.e.m.c.i.embedder.EclipseLogger - skip non existing resourceDirectory /Users/happinessndubisi/Documents/obsidi/workspace-academy-java/academy-java/src/main/resources
2024-10-10 00:52:51,474 [Worker-226: Launching HashMapTeachBack] INFO  o.e.m.c.i.embedder.EclipseLogger - Using 'UTF-8' encoding to copy filtered resources.
2024-10-10 00:52:51,474 [Worker-226: Launching HashMapTeachBack] INFO  o.e.m.c.i.embedder.EclipseLogger - skip non existing resourceDirectory /Users/happinessndubisi/Documents/obsidi/workspace-academy-java/academy-java/src/test/resources
2024-10-10 00:53:28,850 [Worker-222: Launching HashMapTeachBack] INFO  o.e.m.c.i.embedder.EclipseLogger - Using 'UTF-8' encoding to copy filtered resources.
2024-10-10 00:53:28,851 [Worker-222: Launching HashMapTeachBack] INFO  o.e.m.c.i.embedder.EclipseLogger - skip non existing resourceDirectory /Users/happinessndubisi/Documents/obsidi/workspace-academy-java/academy-java/src/main/resources
2024-10-10 00:53:28,855 [Worker-222: Launching HashMapTeachBack] INFO  o.e.m.c.i.embedder.EclipseLogger - Using 'UTF-8' encoding to copy filtered resources.
2024-10-10 00:53:28,855 [Worker-222: Launching HashMapTeachBack] INFO  o.e.m.c.i.embedder.EclipseLogger - skip non existing resourceDirectory /Users/happinessndubisi/Documents/obsidi/workspace-academy-java/academy-java/src/test/resources
2024-10-10 00:54:33,109 [Worker-221: Building] INFO  o.e.m.c.i.embedder.EclipseLogger - Using 'UTF-8' encoding to copy filtered resources.
2024-10-10 00:54:33,111 [Worker-221: Building] INFO  o.e.m.c.i.embedder.EclipseLogger - skip non existing resourceDirectory /Users/happinessndubisi/Documents/obsidi/workspace-academy-java/academy-java/src/main/resources
2024-10-10 00:54:33,116 [Worker-221: Building] INFO  o.e.m.c.i.embedder.EclipseLogger - Using 'UTF-8' encoding to copy filtered resources.
2024-10-10 00:54:33,117 [Worker-221: Building] INFO  o.e.m.c.i.embedder.EclipseLogger - skip non existing resourceDirectory /Users/happinessndubisi/Documents/obsidi/workspace-academy-java/academy-java/src/test/resources
2024-10-10 01:15:50,752 [Worker-226: Launching HashMapTeachBack] INFO  o.e.m.c.i.embedder.EclipseLogger - Using 'UTF-8' encoding to copy filtered resources.
2024-10-10 01:15:50,758 [Worker-226: Launching HashMapTeachBack] INFO  o.e.m.c.i.embedder.EclipseLogger - skip non existing resourceDirectory /Users/happinessndubisi/Documents/obsidi/workspace-academy-java/academy-java/src/main/resources
2024-10-10 01:15:50,763 [Worker-226: Launching HashMapTeachBack] INFO  o.e.m.c.i.embedder.EclipseLogger - Using 'UTF-8' encoding to copy filtered resources.
2024-10-10 01:15:50,763 [Worker-226: Launching HashMapTeachBack] INFO  o.e.m.c.i.embedder.EclipseLogger - skip non existing resourceDirectory /Users/happinessndubisi/Documents/obsidi/workspace-academy-java/academy-java/src/test/resources
2024-10-10 01:18:39,384 [Worker-226: Launching HashMapTeachBack] INFO  o.e.m.c.i.embedder.EclipseLogger - Using 'UTF-8' encoding to copy filtered resources.
2024-10-10 01:18:39,403 [Worker-226: Launching HashMapTeachBack] INFO  o.e.m.c.i.embedder.EclipseLogger - skip non existing resourceDirectory /Users/happinessndubisi/Documents/obsidi/workspace-academy-java/academy-java/src/main/resources
2024-10-10 01:18:39,417 [Worker-226: Launching HashMapTeachBack] INFO  o.e.m.c.i.embedder.EclipseLogger - Using 'UTF-8' encoding to copy filtered resources.
2024-10-10 01:18:39,418 [Worker-226: Launching HashMapTeachBack] INFO  o.e.m.c.i.embedder.EclipseLogger - skip non existing resourceDirectory /Users/happinessndubisi/Documents/obsidi/workspace-academy-java/academy-java/src/test/resources
2024-10-10 01:19:29,477 [Worker-221: Launching HashMapTeachBack] INFO  o.e.m.c.i.embedder.EclipseLogger - Using 'UTF-8' encoding to copy filtered resources.
2024-10-10 01:19:29,478 [Worker-221: Launching HashMapTeachBack] INFO  o.e.m.c.i.embedder.EclipseLogger - skip non existing resourceDirectory /Users/happinessndubisi/Documents/obsidi/workspace-academy-java/academy-java/src/main/resources
2024-10-10 01:19:29,487 [Worker-221: Launching HashMapTeachBack] INFO  o.e.m.c.i.embedder.EclipseLogger - Using 'UTF-8' encoding to copy filtered resources.
2024-10-10 01:19:29,488 [Worker-221: Launching HashMapTeachBack] INFO  o.e.m.c.i.embedder.EclipseLogger - skip non existing resourceDirectory /Users/happinessndubisi/Documents/obsidi/workspace-academy-java/academy-java/src/test/resources
2024-10-10 01:24:28,782 [Worker-227: Launching HashMapTeachBack] INFO  o.e.m.c.i.embedder.EclipseLogger - Using 'UTF-8' encoding to copy filtered resources.
2024-10-10 01:24:28,790 [Worker-227: Launching HashMapTeachBack] INFO  o.e.m.c.i.embedder.EclipseLogger - skip non existing resourceDirectory /Users/happinessndubisi/Documents/obsidi/workspace-academy-java/academy-java/src/main/resources
2024-10-10 01:24:28,797 [Worker-227: Launching HashMapTeachBack] INFO  o.e.m.c.i.embedder.EclipseLogger - Using 'UTF-8' encoding to copy filtered resources.
2024-10-10 01:24:28,797 [Worker-227: Launching HashMapTeachBack] INFO  o.e.m.c.i.embedder.EclipseLogger - skip non existing resourceDirectory /Users/happinessndubisi/Documents/obsidi/workspace-academy-java/academy-java/src/test/resources
2024-10-10 01:25:07,217 [Worker-232: Launching HashMapTeachBack] INFO  o.e.m.c.i.embedder.EclipseLogger - Using 'UTF-8' encoding to copy filtered resources.
2024-10-10 01:25:07,218 [Worker-232: Launching HashMapTeachBack] INFO  o.e.m.c.i.embedder.EclipseLogger - skip non existing resourceDirectory /Users/happinessndubisi/Documents/obsidi/workspace-academy-java/academy-java/src/main/resources
2024-10-10 01:25:07,228 [Worker-232: Launching HashMapTeachBack] INFO  o.e.m.c.i.embedder.EclipseLogger - Using 'UTF-8' encoding to copy filtered resources.
2024-10-10 01:25:07,228 [Worker-232: Launching HashMapTeachBack] INFO  o.e.m.c.i.embedder.EclipseLogger - skip non existing resourceDirectory /Users/happinessndubisi/Documents/obsidi/workspace-academy-java/academy-java/src/test/resources
2024-10-10 01:26:11,678 [Worker-236: Building] INFO  o.e.m.c.i.embedder.EclipseLogger - Using 'UTF-8' encoding to copy filtered resources.
2024-10-10 01:26:11,680 [Worker-236: Building] INFO  o.e.m.c.i.embedder.EclipseLogger - skip non existing resourceDirectory /Users/happinessndubisi/Documents/obsidi/workspace-academy-java/academy-java/src/main/resources
2024-10-10 01:26:11,688 [Worker-236: Building] INFO  o.e.m.c.i.embedder.EclipseLogger - Using 'UTF-8' encoding to copy filtered resources.
2024-10-10 01:26:11,688 [Worker-236: Building] INFO  o.e.m.c.i.embedder.EclipseLogger - skip non existing resourceDirectory /Users/happinessndubisi/Documents/obsidi/workspace-academy-java/academy-java/src/test/resources
2024-10-10 01:26:50,475 [Worker-230: Launching HashMapTeachBack] INFO  o.e.m.c.i.embedder.EclipseLogger - Using 'UTF-8' encoding to copy filtered resources.
2024-10-10 01:26:50,488 [Worker-230: Launching HashMapTeachBack] INFO  o.e.m.c.i.embedder.EclipseLogger - skip non existing resourceDirectory /Users/happinessndubisi/Documents/obsidi/workspace-academy-java/academy-java/src/main/resources
2024-10-10 01:26:50,500 [Worker-230: Launching HashMapTeachBack] INFO  o.e.m.c.i.embedder.EclipseLogger - Using 'UTF-8' encoding to copy filtered resources.
2024-10-10 01:26:50,502 [Worker-230: Launching HashMapTeachBack] INFO  o.e.m.c.i.embedder.EclipseLogger - skip non existing resourceDirectory /Users/happinessndubisi/Documents/obsidi/workspace-academy-java/academy-java/src/test/resources
2024-10-10 01:27:14,195 [Worker-233: Launching HashMapTeachBack] INFO  o.e.m.c.i.embedder.EclipseLogger - Using 'UTF-8' encoding to copy filtered resources.
2024-10-10 01:27:14,196 [Worker-233: Launching HashMapTeachBack] INFO  o.e.m.c.i.embedder.EclipseLogger - skip non existing resourceDirectory /Users/happinessndubisi/Documents/obsidi/workspace-academy-java/academy-java/src/main/resources
2024-10-10 01:27:14,200 [Worker-233: Launching HashMapTeachBack] INFO  o.e.m.c.i.embedder.EclipseLogger - Using 'UTF-8' encoding to copy filtered resources.
2024-10-10 01:27:14,202 [Worker-233: Launching HashMapTeachBack] INFO  o.e.m.c.i.embedder.EclipseLogger - skip non existing resourceDirectory /Users/happinessndubisi/Documents/obsidi/workspace-academy-java/academy-java/src/test/resources
2024-10-10 01:43:31,825 [Worker-241: Launching HashMapTeachBack] INFO  o.e.m.c.i.embedder.EclipseLogger - Using 'UTF-8' encoding to copy filtered resources.
2024-10-10 01:43:31,835 [Worker-241: Launching HashMapTeachBack] INFO  o.e.m.c.i.embedder.EclipseLogger - skip non existing resourceDirectory /Users/happinessndubisi/Documents/obsidi/workspace-academy-java/academy-java/src/main/resources
2024-10-10 01:43:31,842 [Worker-241: Launching HashMapTeachBack] INFO  o.e.m.c.i.embedder.EclipseLogger - Using 'UTF-8' encoding to copy filtered resources.
2024-10-10 01:43:31,842 [Worker-241: Launching HashMapTeachBack] INFO  o.e.m.c.i.embedder.EclipseLogger - skip non existing resourceDirectory /Users/happinessndubisi/Documents/obsidi/workspace-academy-java/academy-java/src/test/resources
2024-10-10 01:43:50,429 [Worker-240: Building] INFO  o.e.m.c.i.embedder.EclipseLogger - Using 'UTF-8' encoding to copy filtered resources.
2024-10-10 01:43:50,431 [Worker-240: Building] INFO  o.e.m.c.i.embedder.EclipseLogger - skip non existing resourceDirectory /Users/happinessndubisi/Documents/obsidi/workspace-academy-java/academy-java/src/main/resources
2024-10-10 01:43:50,435 [Worker-240: Building] INFO  o.e.m.c.i.embedder.EclipseLogger - Using 'UTF-8' encoding to copy filtered resources.
2024-10-10 01:43:50,436 [Worker-240: Building] INFO  o.e.m.c.i.embedder.EclipseLogger - skip non existing resourceDirectory /Users/happinessndubisi/Documents/obsidi/workspace-academy-java/academy-java/src/test/resources
2024-10-10 01:44:14,731 [Worker-245: Launching HashMapTeachBack] INFO  o.e.m.c.i.embedder.EclipseLogger - Using 'UTF-8' encoding to copy filtered resources.
2024-10-10 01:44:14,732 [Worker-245: Launching HashMapTeachBack] INFO  o.e.m.c.i.embedder.EclipseLogger - skip non existing resourceDirectory /Users/happinessndubisi/Documents/obsidi/workspace-academy-java/academy-java/src/main/resources
2024-10-10 01:44:14,735 [Worker-245: Launching HashMapTeachBack] INFO  o.e.m.c.i.embedder.EclipseLogger - Using 'UTF-8' encoding to copy filtered resources.
2024-10-10 01:44:14,735 [Worker-245: Launching HashMapTeachBack] INFO  o.e.m.c.i.embedder.EclipseLogger - skip non existing resourceDirectory /Users/happinessndubisi/Documents/obsidi/workspace-academy-java/academy-java/src/test/resources
2024-10-10 01:49:02,339 [Worker-241: Launching HashMapTeachBack] INFO  o.e.m.c.i.embedder.EclipseLogger - Using 'UTF-8' encoding to copy filtered resources.
2024-10-10 01:49:02,347 [Worker-241: Launching HashMapTeachBack] INFO  o.e.m.c.i.embedder.EclipseLogger - skip non existing resourceDirectory /Users/happinessndubisi/Documents/obsidi/workspace-academy-java/academy-java/src/main/resources
2024-10-10 01:49:02,355 [Worker-241: Launching HashMapTeachBack] INFO  o.e.m.c.i.embedder.EclipseLogger - Using 'UTF-8' encoding to copy filtered resources.
2024-10-10 01:49:02,355 [Worker-241: Launching HashMapTeachBack] INFO  o.e.m.c.i.embedder.EclipseLogger - skip non existing resourceDirectory /Users/happinessndubisi/Documents/obsidi/workspace-academy-java/academy-java/src/test/resources
2024-10-10 13:14:48,790 [Worker-284: Building] INFO  o.e.m.c.i.embedder.EclipseLogger - Using 'UTF-8' encoding to copy filtered resources.
2024-10-10 13:14:48,804 [Worker-284: Building] INFO  o.e.m.c.i.embedder.EclipseLogger - skip non existing resourceDirectory /Users/happinessndubisi/Documents/obsidi/workspace-academy-java/academy-java/src/main/resources
2024-10-10 13:14:48,812 [Worker-284: Building] INFO  o.e.m.c.i.embedder.EclipseLogger - Using 'UTF-8' encoding to copy filtered resources.
2024-10-10 13:14:48,813 [Worker-284: Building] INFO  o.e.m.c.i.embedder.EclipseLogger - skip non existing resourceDirectory /Users/happinessndubisi/Documents/obsidi/workspace-academy-java/academy-java/src/test/resources
2024-10-10 13:15:16,428 [Worker-274: Building] INFO  o.e.m.c.i.embedder.EclipseLogger - Using 'UTF-8' encoding to copy filtered resources.
2024-10-10 13:15:16,429 [Worker-274: Building] INFO  o.e.m.c.i.embedder.EclipseLogger - skip non existing resourceDirectory /Users/happinessndubisi/Documents/obsidi/workspace-academy-java/academy-java/src/main/resources
2024-10-10 13:15:16,432 [Worker-274: Building] INFO  o.e.m.c.i.embedder.EclipseLogger - Using 'UTF-8' encoding to copy filtered resources.
2024-10-10 13:15:16,432 [Worker-274: Building] INFO  o.e.m.c.i.embedder.EclipseLogger - skip non existing resourceDirectory /Users/happinessndubisi/Documents/obsidi/workspace-academy-java/academy-java/src/test/resources
2024-10-10 13:34:20,215 [Worker-288: Building] INFO  o.e.m.c.i.embedder.EclipseLogger - Using 'UTF-8' encoding to copy filtered resources.
2024-10-10 13:34:20,221 [Worker-288: Building] INFO  o.e.m.c.i.embedder.EclipseLogger - skip non existing resourceDirectory /Users/happinessndubisi/Documents/obsidi/workspace-academy-java/academy-java/src/main/resources
2024-10-10 13:34:20,228 [Worker-288: Building] INFO  o.e.m.c.i.embedder.EclipseLogger - Using 'UTF-8' encoding to copy filtered resources.
2024-10-10 13:34:20,228 [Worker-288: Building] INFO  o.e.m.c.i.embedder.EclipseLogger - skip non existing resourceDirectory /Users/happinessndubisi/Documents/obsidi/workspace-academy-java/academy-java/src/test/resources
2024-10-10 16:57:10,877 [Worker-301: Launching HashMapTeachBack] INFO  o.e.m.c.i.embedder.EclipseLogger - Using 'UTF-8' encoding to copy filtered resources.
2024-10-10 16:57:10,885 [Worker-301: Launching HashMapTeachBack] INFO  o.e.m.c.i.embedder.EclipseLogger - skip non existing resourceDirectory /Users/happinessndubisi/Documents/obsidi/workspace-academy-java/academy-java/src/main/resources
2024-10-10 16:57:10,892 [Worker-301: Launching HashMapTeachBack] INFO  o.e.m.c.i.embedder.EclipseLogger - Using 'UTF-8' encoding to copy filtered resources.
2024-10-10 16:57:10,892 [Worker-301: Launching HashMapTeachBack] INFO  o.e.m.c.i.embedder.EclipseLogger - skip non existing resourceDirectory /Users/happinessndubisi/Documents/obsidi/workspace-academy-java/academy-java/src/test/resources
2024-10-10 19:52:17,659 [Worker-316: Launching HashMapTeachBack] INFO  o.e.m.c.i.embedder.EclipseLogger - Using 'UTF-8' encoding to copy filtered resources.
2024-10-10 19:52:17,677 [Worker-316: Launching HashMapTeachBack] INFO  o.e.m.c.i.embedder.EclipseLogger - skip non existing resourceDirectory /Users/happinessndubisi/Documents/obsidi/workspace-academy-java/academy-java/src/main/resources
2024-10-10 19:52:17,684 [Worker-316: Launching HashMapTeachBack] INFO  o.e.m.c.i.embedder.EclipseLogger - Using 'UTF-8' encoding to copy filtered resources.
2024-10-10 19:52:17,684 [Worker-316: Launching HashMapTeachBack] INFO  o.e.m.c.i.embedder.EclipseLogger - skip non existing resourceDirectory /Users/happinessndubisi/Documents/obsidi/workspace-academy-java/academy-java/src/test/resources
2024-10-10 19:58:03,177 [Worker-322: Building] INFO  o.e.m.c.i.embedder.EclipseLogger - Using 'UTF-8' encoding to copy filtered resources.
2024-10-10 19:58:03,186 [Worker-322: Building] INFO  o.e.m.c.i.embedder.EclipseLogger - skip non existing resourceDirectory /Users/happinessndubisi/Documents/obsidi/workspace-academy-java/academy-java/src/main/resources
2024-10-10 19:58:03,195 [Worker-322: Building] INFO  o.e.m.c.i.embedder.EclipseLogger - Using 'UTF-8' encoding to copy filtered resources.
2024-10-10 19:58:03,195 [Worker-322: Building] INFO  o.e.m.c.i.embedder.EclipseLogger - skip non existing resourceDirectory /Users/happinessndubisi/Documents/obsidi/workspace-academy-java/academy-java/src/test/resources
2024-10-11 04:30:18,250 [Worker-325: Launching TreeTeachBack] INFO  o.e.m.c.i.embedder.EclipseLogger - Using 'UTF-8' encoding to copy filtered resources.
2024-10-11 04:30:18,256 [Worker-325: Launching TreeTeachBack] INFO  o.e.m.c.i.embedder.EclipseLogger - skip non existing resourceDirectory /Users/happinessndubisi/Documents/obsidi/workspace-academy-java/academy-java/src/main/resources
2024-10-11 04:30:18,268 [Worker-325: Launching TreeTeachBack] INFO  o.e.m.c.i.embedder.EclipseLogger - Using 'UTF-8' encoding to copy filtered resources.
2024-10-11 04:30:18,269 [Worker-325: Launching TreeTeachBack] INFO  o.e.m.c.i.embedder.EclipseLogger - skip non existing resourceDirectory /Users/happinessndubisi/Documents/obsidi/workspace-academy-java/academy-java/src/test/resources
2024-10-11 05:33:18,184 [Worker-337: Building] INFO  o.e.m.c.i.embedder.EclipseLogger - Using 'UTF-8' encoding to copy filtered resources.
2024-10-11 05:33:18,197 [Worker-337: Building] INFO  o.e.m.c.i.embedder.EclipseLogger - skip non existing resourceDirectory /Users/happinessndubisi/Documents/obsidi/workspace-academy-java/academy-java/src/main/resources
2024-10-11 05:33:18,205 [Worker-337: Building] INFO  o.e.m.c.i.embedder.EclipseLogger - Using 'UTF-8' encoding to copy filtered resources.
2024-10-11 05:33:18,206 [Worker-337: Building] INFO  o.e.m.c.i.embedder.EclipseLogger - skip non existing resourceDirectory /Users/happinessndubisi/Documents/obsidi/workspace-academy-java/academy-java/src/test/resources
2024-10-11 06:11:44,046 [Worker-340: Launching HashMapTeachBack] INFO  o.e.m.c.i.embedder.EclipseLogger - Using 'UTF-8' encoding to copy filtered resources.
2024-10-11 06:11:44,055 [Worker-340: Launching HashMapTeachBack] INFO  o.e.m.c.i.embedder.EclipseLogger - skip non existing resourceDirectory /Users/happinessndubisi/Documents/obsidi/workspace-academy-java/academy-java/src/main/resources
2024-10-11 06:11:44,062 [Worker-340: Launching HashMapTeachBack] INFO  o.e.m.c.i.embedder.EclipseLogger - Using 'UTF-8' encoding to copy filtered resources.
2024-10-11 06:11:44,062 [Worker-340: Launching HashMapTeachBack] INFO  o.e.m.c.i.embedder.EclipseLogger - skip non existing resourceDirectory /Users/happinessndubisi/Documents/obsidi/workspace-academy-java/academy-java/src/test/resources
2024-10-11 06:13:20,775 [Worker-339: Building] INFO  o.e.m.c.i.embedder.EclipseLogger - Using 'UTF-8' encoding to copy filtered resources.
2024-10-11 06:13:20,785 [Worker-339: Building] INFO  o.e.m.c.i.embedder.EclipseLogger - skip non existing resourceDirectory /Users/happinessndubisi/Documents/obsidi/workspace-academy-java/academy-java/src/main/resources
2024-10-11 06:13:20,798 [Worker-339: Building] INFO  o.e.m.c.i.embedder.EclipseLogger - Using 'UTF-8' encoding to copy filtered resources.
2024-10-11 06:13:20,798 [Worker-339: Building] INFO  o.e.m.c.i.embedder.EclipseLogger - skip non existing resourceDirectory /Users/happinessndubisi/Documents/obsidi/workspace-academy-java/academy-java/src/test/resources
2024-10-11 09:05:29,466 [Worker-356: Launching HashMapTeachBack] INFO  o.e.m.c.i.embedder.EclipseLogger - Using 'UTF-8' encoding to copy filtered resources.
2024-10-11 09:05:29,474 [Worker-356: Launching HashMapTeachBack] INFO  o.e.m.c.i.embedder.EclipseLogger - skip non existing resourceDirectory /Users/happinessndubisi/Documents/obsidi/workspace-academy-java/academy-java/src/main/resources
2024-10-11 09:05:29,482 [Worker-356: Launching HashMapTeachBack] INFO  o.e.m.c.i.embedder.EclipseLogger - Using 'UTF-8' encoding to copy filtered resources.
2024-10-11 09:05:29,482 [Worker-356: Launching HashMapTeachBack] INFO  o.e.m.c.i.embedder.EclipseLogger - skip non existing resourceDirectory /Users/happinessndubisi/Documents/obsidi/workspace-academy-java/academy-java/src/test/resources
2024-10-11 09:07:24,538 [Worker-362: Launching TreeTeachBack] INFO  o.e.m.c.i.embedder.EclipseLogger - Using 'UTF-8' encoding to copy filtered resources.
2024-10-11 09:07:24,539 [Worker-362: Launching TreeTeachBack] INFO  o.e.m.c.i.embedder.EclipseLogger - skip non existing resourceDirectory /Users/happinessndubisi/Documents/obsidi/workspace-academy-java/academy-java/src/main/resources
2024-10-11 09:07:24,541 [Worker-362: Launching TreeTeachBack] INFO  o.e.m.c.i.embedder.EclipseLogger - Using 'UTF-8' encoding to copy filtered resources.
2024-10-11 09:07:24,542 [Worker-362: Launching TreeTeachBack] INFO  o.e.m.c.i.embedder.EclipseLogger - skip non existing resourceDirectory /Users/happinessndubisi/Documents/obsidi/workspace-academy-java/academy-java/src/test/resources
2024-10-11 15:03:41,834 [Worker-390: Launching TreeTeachBack] INFO  o.e.m.c.i.embedder.EclipseLogger - Using 'UTF-8' encoding to copy filtered resources.
2024-10-11 15:03:41,846 [Worker-390: Launching TreeTeachBack] INFO  o.e.m.c.i.embedder.EclipseLogger - skip non existing resourceDirectory /Users/happinessndubisi/Documents/obsidi/workspace-academy-java/academy-java/src/main/resources
2024-10-11 15:03:41,866 [Worker-390: Launching TreeTeachBack] INFO  o.e.m.c.i.embedder.EclipseLogger - Using 'UTF-8' encoding to copy filtered resources.
2024-10-11 15:03:41,866 [Worker-390: Launching TreeTeachBack] INFO  o.e.m.c.i.embedder.EclipseLogger - skip non existing resourceDirectory /Users/happinessndubisi/Documents/obsidi/workspace-academy-java/academy-java/src/test/resources
2024-10-11 15:04:46,682 [Worker-394: Launching TreeTeachBack] INFO  o.e.m.c.i.embedder.EclipseLogger - Using 'UTF-8' encoding to copy filtered resources.
2024-10-11 15:04:46,692 [Worker-394: Launching TreeTeachBack] INFO  o.e.m.c.i.embedder.EclipseLogger - skip non existing resourceDirectory /Users/happinessndubisi/Documents/obsidi/workspace-academy-java/academy-java/src/main/resources
2024-10-11 15:04:46,702 [Worker-394: Launching TreeTeachBack] INFO  o.e.m.c.i.embedder.EclipseLogger - Using 'UTF-8' encoding to copy filtered resources.
2024-10-11 15:04:46,702 [Worker-394: Launching TreeTeachBack] INFO  o.e.m.c.i.embedder.EclipseLogger - skip non existing resourceDirectory /Users/happinessndubisi/Documents/obsidi/workspace-academy-java/academy-java/src/test/resources
2024-10-11 15:06:07,913 [Worker-391: Launching TreeTeachBack] INFO  o.e.m.c.i.embedder.EclipseLogger - Using 'UTF-8' encoding to copy filtered resources.
2024-10-11 15:06:07,915 [Worker-391: Launching TreeTeachBack] INFO  o.e.m.c.i.embedder.EclipseLogger - skip non existing resourceDirectory /Users/happinessndubisi/Documents/obsidi/workspace-academy-java/academy-java/src/main/resources
2024-10-11 15:06:07,918 [Worker-391: Launching TreeTeachBack] INFO  o.e.m.c.i.embedder.EclipseLogger - Using 'UTF-8' encoding to copy filtered resources.
2024-10-11 15:06:07,918 [Worker-391: Launching TreeTeachBack] INFO  o.e.m.c.i.embedder.EclipseLogger - skip non existing resourceDirectory /Users/happinessndubisi/Documents/obsidi/workspace-academy-java/academy-java/src/test/resources
2024-10-11 15:08:22,451 [Worker-391: Launching TreeTeachBack] INFO  o.e.m.c.i.embedder.EclipseLogger - Using 'UTF-8' encoding to copy filtered resources.
2024-10-11 15:08:22,460 [Worker-391: Launching TreeTeachBack] INFO  o.e.m.c.i.embedder.EclipseLogger - skip non existing resourceDirectory /Users/happinessndubisi/Documents/obsidi/workspace-academy-java/academy-java/src/main/resources
2024-10-11 15:08:22,475 [Worker-391: Launching TreeTeachBack] INFO  o.e.m.c.i.embedder.EclipseLogger - Using 'UTF-8' encoding to copy filtered resources.
2024-10-11 15:08:22,476 [Worker-391: Launching TreeTeachBack] INFO  o.e.m.c.i.embedder.EclipseLogger - skip non existing resourceDirectory /Users/happinessndubisi/Documents/obsidi/workspace-academy-java/academy-java/src/test/resources
2024-10-11 15:11:53,102 [Worker-396: Launching TreeTeachBack] INFO  o.e.m.c.i.embedder.EclipseLogger - Using 'UTF-8' encoding to copy filtered resources.
2024-10-11 15:11:53,130 [Worker-396: Launching TreeTeachBack] INFO  o.e.m.c.i.embedder.EclipseLogger - skip non existing resourceDirectory /Users/happinessndubisi/Documents/obsidi/workspace-academy-java/academy-java/src/main/resources
2024-10-11 15:11:53,168 [Worker-396: Launching TreeTeachBack] INFO  o.e.m.c.i.embedder.EclipseLogger - Using 'UTF-8' encoding to copy filtered resources.
2024-10-11 15:11:53,168 [Worker-396: Launching TreeTeachBack] INFO  o.e.m.c.i.embedder.EclipseLogger - skip non existing resourceDirectory /Users/happinessndubisi/Documents/obsidi/workspace-academy-java/academy-java/src/test/resources
2024-10-11 19:02:51,027 [Worker-406: Launching TreeTeachBack] INFO  o.e.m.c.i.embedder.EclipseLogger - Using 'UTF-8' encoding to copy filtered resources.
2024-10-11 19:02:51,035 [Worker-406: Launching TreeTeachBack] INFO  o.e.m.c.i.embedder.EclipseLogger - skip non existing resourceDirectory /Users/happinessndubisi/Documents/obsidi/workspace-academy-java/academy-java/src/main/resources
2024-10-11 19:02:51,043 [Worker-406: Launching TreeTeachBack] INFO  o.e.m.c.i.embedder.EclipseLogger - Using 'UTF-8' encoding to copy filtered resources.
2024-10-11 19:02:51,043 [Worker-406: Launching TreeTeachBack] INFO  o.e.m.c.i.embedder.EclipseLogger - skip non existing resourceDirectory /Users/happinessndubisi/Documents/obsidi/workspace-academy-java/academy-java/src/test/resources
2024-10-11 19:06:26,658 [Worker-414: Launching TreeTeachBack] INFO  o.e.m.c.i.embedder.EclipseLogger - Using 'UTF-8' encoding to copy filtered resources.
2024-10-11 19:06:26,660 [Worker-414: Launching TreeTeachBack] INFO  o.e.m.c.i.embedder.EclipseLogger - skip non existing resourceDirectory /Users/happinessndubisi/Documents/obsidi/workspace-academy-java/academy-java/src/main/resources
2024-10-11 19:06:26,661 [Worker-414: Launching TreeTeachBack] INFO  o.e.m.c.i.embedder.EclipseLogger - Using 'UTF-8' encoding to copy filtered resources.
2024-10-11 19:06:26,662 [Worker-414: Launching TreeTeachBack] INFO  o.e.m.c.i.embedder.EclipseLogger - skip non existing resourceDirectory /Users/happinessndubisi/Documents/obsidi/workspace-academy-java/academy-java/src/test/resources
2024-10-11 19:08:22,372 [Worker-411: Launching TreeTeachBack] INFO  o.e.m.c.i.embedder.EclipseLogger - Using 'UTF-8' encoding to copy filtered resources.
2024-10-11 19:08:22,389 [Worker-411: Launching TreeTeachBack] INFO  o.e.m.c.i.embedder.EclipseLogger - skip non existing resourceDirectory /Users/happinessndubisi/Documents/obsidi/workspace-academy-java/academy-java/src/main/resources
2024-10-11 19:08:22,400 [Worker-411: Launching TreeTeachBack] INFO  o.e.m.c.i.embedder.EclipseLogger - Using 'UTF-8' encoding to copy filtered resources.
2024-10-11 19:08:22,400 [Worker-411: Launching TreeTeachBack] INFO  o.e.m.c.i.embedder.EclipseLogger - skip non existing resourceDirectory /Users/happinessndubisi/Documents/obsidi/workspace-academy-java/academy-java/src/test/resources
2024-10-11 19:11:15,873 [Worker-421: Launching TreeTeachBack] INFO  o.e.m.c.i.embedder.EclipseLogger - Using 'UTF-8' encoding to copy filtered resources.
2024-10-11 19:11:15,881 [Worker-421: Launching TreeTeachBack] INFO  o.e.m.c.i.embedder.EclipseLogger - skip non existing resourceDirectory /Users/happinessndubisi/Documents/obsidi/workspace-academy-java/academy-java/src/main/resources
2024-10-11 19:11:15,889 [Worker-421: Launching TreeTeachBack] INFO  o.e.m.c.i.embedder.EclipseLogger - Using 'UTF-8' encoding to copy filtered resources.
2024-10-11 19:11:15,889 [Worker-421: Launching TreeTeachBack] INFO  o.e.m.c.i.embedder.EclipseLogger - skip non existing resourceDirectory /Users/happinessndubisi/Documents/obsidi/workspace-academy-java/academy-java/src/test/resources
2024-10-11 19:45:49,714 [Worker-415: Launching TreeTeachBack] INFO  o.e.m.c.i.embedder.EclipseLogger - Using 'UTF-8' encoding to copy filtered resources.
2024-10-11 19:45:49,718 [Worker-415: Launching TreeTeachBack] INFO  o.e.m.c.i.embedder.EclipseLogger - skip non existing resourceDirectory /Users/happinessndubisi/Documents/obsidi/workspace-academy-java/academy-java/src/main/resources
2024-10-11 19:45:49,721 [Worker-415: Launching TreeTeachBack] INFO  o.e.m.c.i.embedder.EclipseLogger - Using 'UTF-8' encoding to copy filtered resources.
2024-10-11 19:45:49,721 [Worker-415: Launching TreeTeachBack] INFO  o.e.m.c.i.embedder.EclipseLogger - skip non existing resourceDirectory /Users/happinessndubisi/Documents/obsidi/workspace-academy-java/academy-java/src/test/resources
2024-10-11 19:50:01,962 [Worker-433: Launching TreeTeachBack] INFO  o.e.m.c.i.embedder.EclipseLogger - Using 'UTF-8' encoding to copy filtered resources.
2024-10-11 19:50:01,971 [Worker-433: Launching TreeTeachBack] INFO  o.e.m.c.i.embedder.EclipseLogger - skip non existing resourceDirectory /Users/happinessndubisi/Documents/obsidi/workspace-academy-java/academy-java/src/main/resources
2024-10-11 19:50:01,979 [Worker-433: Launching TreeTeachBack] INFO  o.e.m.c.i.embedder.EclipseLogger - Using 'UTF-8' encoding to copy filtered resources.
2024-10-11 19:50:01,979 [Worker-433: Launching TreeTeachBack] INFO  o.e.m.c.i.embedder.EclipseLogger - skip non existing resourceDirectory /Users/happinessndubisi/Documents/obsidi/workspace-academy-java/academy-java/src/test/resources
2024-10-11 19:51:35,576 [Worker-434: Launching TreeTeachBack] INFO  o.e.m.c.i.embedder.EclipseLogger - Using 'UTF-8' encoding to copy filtered resources.
2024-10-11 19:51:35,577 [Worker-434: Launching TreeTeachBack] INFO  o.e.m.c.i.embedder.EclipseLogger - skip non existing resourceDirectory /Users/happinessndubisi/Documents/obsidi/workspace-academy-java/academy-java/src/main/resources
2024-10-11 19:51:35,579 [Worker-434: Launching TreeTeachBack] INFO  o.e.m.c.i.embedder.EclipseLogger - Using 'UTF-8' encoding to copy filtered resources.
2024-10-11 19:51:35,579 [Worker-434: Launching TreeTeachBack] INFO  o.e.m.c.i.embedder.EclipseLogger - skip non existing resourceDirectory /Users/happinessndubisi/Documents/obsidi/workspace-academy-java/academy-java/src/test/resources
2024-10-11 19:58:05,002 [Worker-437: Launching TreeTeachBack] INFO  o.e.m.c.i.embedder.EclipseLogger - Using 'UTF-8' encoding to copy filtered resources.
2024-10-11 19:58:05,010 [Worker-437: Launching TreeTeachBack] INFO  o.e.m.c.i.embedder.EclipseLogger - skip non existing resourceDirectory /Users/happinessndubisi/Documents/obsidi/workspace-academy-java/academy-java/src/main/resources
2024-10-11 19:58:05,021 [Worker-437: Launching TreeTeachBack] INFO  o.e.m.c.i.embedder.EclipseLogger - Using 'UTF-8' encoding to copy filtered resources.
2024-10-11 19:58:05,022 [Worker-437: Launching TreeTeachBack] INFO  o.e.m.c.i.embedder.EclipseLogger - skip non existing resourceDirectory /Users/happinessndubisi/Documents/obsidi/workspace-academy-java/academy-java/src/test/resources
2024-10-11 19:58:33,725 [Worker-439: Launching TreeTeachBack] INFO  o.e.m.c.i.embedder.EclipseLogger - Using 'UTF-8' encoding to copy filtered resources.
2024-10-11 19:58:33,727 [Worker-439: Launching TreeTeachBack] INFO  o.e.m.c.i.embedder.EclipseLogger - skip non existing resourceDirectory /Users/happinessndubisi/Documents/obsidi/workspace-academy-java/academy-java/src/main/resources
2024-10-11 19:58:33,730 [Worker-439: Launching TreeTeachBack] INFO  o.e.m.c.i.embedder.EclipseLogger - Using 'UTF-8' encoding to copy filtered resources.
2024-10-11 19:58:33,730 [Worker-439: Launching TreeTeachBack] INFO  o.e.m.c.i.embedder.EclipseLogger - skip non existing resourceDirectory /Users/happinessndubisi/Documents/obsidi/workspace-academy-java/academy-java/src/test/resources
2024-10-12 17:02:09,301 [Worker-450: Building] INFO  o.e.m.c.i.embedder.EclipseLogger - Using 'UTF-8' encoding to copy filtered resources.
2024-10-12 17:02:09,317 [Worker-450: Building] INFO  o.e.m.c.i.embedder.EclipseLogger - skip non existing resourceDirectory /Users/happinessndubisi/Documents/obsidi/workspace-academy-java/academy-java/src/main/resources
2024-10-12 17:02:09,335 [Worker-450: Building] INFO  o.e.m.c.i.embedder.EclipseLogger - Using 'UTF-8' encoding to copy filtered resources.
2024-10-12 17:02:09,336 [Worker-450: Building] INFO  o.e.m.c.i.embedder.EclipseLogger - skip non existing resourceDirectory /Users/happinessndubisi/Documents/obsidi/workspace-academy-java/academy-java/src/test/resources
2024-10-15 09:53:03,618 [Worker-487: Building] INFO  o.e.m.c.i.embedder.EclipseLogger - Using 'UTF-8' encoding to copy filtered resources.
2024-10-15 09:53:03,628 [Worker-487: Building] INFO  o.e.m.c.i.embedder.EclipseLogger - skip non existing resourceDirectory /Users/happinessndubisi/Documents/obsidi/workspace-academy-java/academy-java/src/main/resources
2024-10-15 09:53:03,642 [Worker-487: Building] INFO  o.e.m.c.i.embedder.EclipseLogger - Using 'UTF-8' encoding to copy filtered resources.
2024-10-15 09:53:03,643 [Worker-487: Building] INFO  o.e.m.c.i.embedder.EclipseLogger - skip non existing resourceDirectory /Users/happinessndubisi/Documents/obsidi/workspace-academy-java/academy-java/src/test/resources
2024-10-15 09:55:19,086 [Worker-489: Building] INFO  o.e.m.c.i.embedder.EclipseLogger - Using 'UTF-8' encoding to copy filtered resources.
2024-10-15 09:55:19,093 [Worker-489: Building] INFO  o.e.m.c.i.embedder.EclipseLogger - skip non existing resourceDirectory /Users/happinessndubisi/Documents/obsidi/workspace-academy-java/academy-java/src/main/resources
2024-10-15 09:55:19,095 [Worker-489: Building] INFO  o.e.m.c.i.embedder.EclipseLogger - Using 'UTF-8' encoding to copy filtered resources.
2024-10-15 09:55:19,095 [Worker-489: Building] INFO  o.e.m.c.i.embedder.EclipseLogger - skip non existing resourceDirectory /Users/happinessndubisi/Documents/obsidi/workspace-academy-java/academy-java/src/test/resources
2024-10-15 09:55:47,606 [Worker-486: Building] INFO  o.e.m.c.i.embedder.EclipseLogger - Using 'UTF-8' encoding to copy filtered resources.
2024-10-15 09:55:47,607 [Worker-486: Building] INFO  o.e.m.c.i.embedder.EclipseLogger - skip non existing resourceDirectory /Users/happinessndubisi/Documents/obsidi/workspace-academy-java/academy-java/src/main/resources
2024-10-15 09:55:47,610 [Worker-486: Building] INFO  o.e.m.c.i.embedder.EclipseLogger - Using 'UTF-8' encoding to copy filtered resources.
2024-10-15 09:55:47,611 [Worker-486: Building] INFO  o.e.m.c.i.embedder.EclipseLogger - skip non existing resourceDirectory /Users/happinessndubisi/Documents/obsidi/workspace-academy-java/academy-java/src/test/resources
2024-10-15 10:03:17,396 [Worker-492: Building] INFO  o.e.m.c.i.l.LifecycleMappingFactory - Using org.eclipse.m2e.jdt.JarLifecycleMapping lifecycle mapping for MavenProject: com.bptn:academy-java:0.0.1-SNAPSHOT @ /Users/happinessndubisi/Documents/obsidi/workspace-academy-java/academy-java/pom.xml.
2024-10-15 10:03:17,895 [Worker-492: Building] INFO  o.e.m.c.i.e.AbstractTransferListenerAdapter - Downloading https://repo.maven.apache.org/maven2/org/junit/jupiter/junit-jupiter-engine/5.10.3/junit-jupiter-engine-5.10.3.pom
2024-10-15 10:03:17,920 [Worker-492: Building] INFO  o.e.m.c.i.e.AbstractTransferListenerAdapter - Downloaded https://repo.maven.apache.org/maven2/org/junit/jupiter/junit-jupiter-engine/5.10.3/junit-jupiter-engine-5.10.3.pom
2024-10-15 10:03:17,967 [Worker-492: Building] INFO  o.e.m.c.i.e.AbstractTransferListenerAdapter - Downloading https://repo.maven.apache.org/maven2/org/junit/platform/junit-platform-engine/1.10.3/junit-platform-engine-1.10.3.pom
2024-10-15 10:03:17,974 [Worker-492: Building] INFO  o.e.m.c.i.e.AbstractTransferListenerAdapter - Downloaded https://repo.maven.apache.org/maven2/org/junit/platform/junit-platform-engine/1.10.3/junit-platform-engine-1.10.3.pom
2024-10-15 10:03:17,995 [Worker-492: Building] INFO  o.e.m.c.i.e.AbstractTransferListenerAdapter - Downloading https://repo.maven.apache.org/maven2/org/opentest4j/opentest4j/1.3.0/opentest4j-1.3.0.pom
2024-10-15 10:03:17,999 [Worker-492: Building] INFO  o.e.m.c.i.e.AbstractTransferListenerAdapter - Downloaded https://repo.maven.apache.org/maven2/org/opentest4j/opentest4j/1.3.0/opentest4j-1.3.0.pom
2024-10-15 10:03:18,024 [Worker-492: Building] INFO  o.e.m.c.i.e.AbstractTransferListenerAdapter - Downloading https://repo.maven.apache.org/maven2/org/junit/platform/junit-platform-commons/1.10.3/junit-platform-commons-1.10.3.pom
2024-10-15 10:03:18,028 [Worker-492: Building] INFO  o.e.m.c.i.e.AbstractTransferListenerAdapter - Downloaded https://repo.maven.apache.org/maven2/org/junit/platform/junit-platform-commons/1.10.3/junit-platform-commons-1.10.3.pom
2024-10-15 10:03:18,064 [Worker-492: Building] INFO  o.e.m.c.i.e.AbstractTransferListenerAdapter - Downloading https://repo.maven.apache.org/maven2/org/apiguardian/apiguardian-api/1.1.2/apiguardian-api-1.1.2.pom
2024-10-15 10:03:18,066 [Worker-492: Building] INFO  o.e.m.c.i.e.AbstractTransferListenerAdapter - Downloaded https://repo.maven.apache.org/maven2/org/apiguardian/apiguardian-api/1.1.2/apiguardian-api-1.1.2.pom
2024-10-15 10:03:18,091 [Worker-492: Building] INFO  o.e.m.c.i.e.AbstractTransferListenerAdapter - Downloading https://repo.maven.apache.org/maven2/org/junit/jupiter/junit-jupiter-api/5.10.3/junit-jupiter-api-5.10.3.pom
2024-10-15 10:03:18,097 [Worker-492: Building] INFO  o.e.m.c.i.e.AbstractTransferListenerAdapter - Downloaded https://repo.maven.apache.org/maven2/org/junit/jupiter/junit-jupiter-api/5.10.3/junit-jupiter-api-5.10.3.pom
2024-10-15 10:03:18,140 [Worker-492: Building] INFO  o.e.m.c.i.e.AbstractTransferListenerAdapter - Downloading https://repo.maven.apache.org/maven2/org/junit/jupiter/junit-jupiter-engine/5.10.3/junit-jupiter-engine-5.10.3.jar
2024-10-15 10:03:18,194 [Worker-492: Building] INFO  o.e.m.c.i.e.AbstractTransferListenerAdapter - Downloaded https://repo.maven.apache.org/maven2/org/junit/jupiter/junit-jupiter-engine/5.10.3/junit-jupiter-engine-5.10.3.jar
2024-10-15 10:03:18,234 [BasicRepositoryConnector-repo.maven.apache.org-0-3] INFO  o.e.m.c.i.e.AbstractTransferListenerAdapter - Downloading https://repo.maven.apache.org/maven2/org/junit/jupiter/junit-jupiter-api/5.10.3/junit-jupiter-api-5.10.3.jar
2024-10-15 10:03:18,251 [BasicRepositoryConnector-repo.maven.apache.org-0-3] INFO  o.e.m.c.i.e.AbstractTransferListenerAdapter - Downloaded https://repo.maven.apache.org/maven2/org/junit/jupiter/junit-jupiter-api/5.10.3/junit-jupiter-api-5.10.3.jar
2024-10-15 10:03:18,317 [BasicRepositoryConnector-repo.maven.apache.org-0-4] INFO  o.e.m.c.i.e.AbstractTransferListenerAdapter - Downloading https://repo.maven.apache.org/maven2/org/apiguardian/apiguardian-api/1.1.2/apiguardian-api-1.1.2.jar
2024-10-15 10:03:18,320 [BasicRepositoryConnector-repo.maven.apache.org-0-4] INFO  o.e.m.c.i.e.AbstractTransferListenerAdapter - Downloaded https://repo.maven.apache.org/maven2/org/apiguardian/apiguardian-api/1.1.2/apiguardian-api-1.1.2.jar
2024-10-15 10:03:18,339 [BasicRepositoryConnector-repo.maven.apache.org-0-0] INFO  o.e.m.c.i.e.AbstractTransferListenerAdapter - Downloading https://repo.maven.apache.org/maven2/org/junit/platform/junit-platform-engine/1.10.3/junit-platform-engine-1.10.3.jar
2024-10-15 10:03:18,339 [BasicRepositoryConnector-repo.maven.apache.org-0-1] INFO  o.e.m.c.i.e.AbstractTransferListenerAdapter - Downloading https://repo.maven.apache.org/maven2/org/opentest4j/opentest4j/1.3.0/opentest4j-1.3.0.jar
2024-10-15 10:03:18,339 [BasicRepositoryConnector-repo.maven.apache.org-0-2] INFO  o.e.m.c.i.e.AbstractTransferListenerAdapter - Downloading https://repo.maven.apache.org/maven2/org/junit/platform/junit-platform-commons/1.10.3/junit-platform-commons-1.10.3.jar
2024-10-15 10:03:18,355 [BasicRepositoryConnector-repo.maven.apache.org-0-1] INFO  o.e.m.c.i.e.AbstractTransferListenerAdapter - Downloaded https://repo.maven.apache.org/maven2/org/opentest4j/opentest4j/1.3.0/opentest4j-1.3.0.jar
2024-10-15 10:03:18,382 [BasicRepositoryConnector-repo.maven.apache.org-0-2] INFO  o.e.m.c.i.e.AbstractTransferListenerAdapter - Downloaded https://repo.maven.apache.org/maven2/org/junit/platform/junit-platform-commons/1.10.3/junit-platform-commons-1.10.3.jar
2024-10-15 10:03:18,400 [BasicRepositoryConnector-repo.maven.apache.org-0-0] INFO  o.e.m.c.i.e.AbstractTransferListenerAdapter - Downloaded https://repo.maven.apache.org/maven2/org/junit/platform/junit-platform-engine/1.10.3/junit-platform-engine-1.10.3.jar
2024-10-15 10:03:19,028 [Worker-492: Building] INFO  o.e.m.c.i.embedder.EclipseLogger - Using 'UTF-8' encoding to copy filtered resources.
2024-10-15 10:03:19,029 [Worker-492: Building] INFO  o.e.m.c.i.embedder.EclipseLogger - skip non existing resourceDirectory /Users/happinessndubisi/Documents/obsidi/workspace-academy-java/academy-java/src/main/resources
2024-10-15 10:03:19,058 [Worker-492: Building] INFO  o.e.m.c.i.embedder.EclipseLogger - Using 'UTF-8' encoding to copy filtered resources.
2024-10-15 10:03:19,058 [Worker-492: Building] INFO  o.e.m.c.i.embedder.EclipseLogger - skip non existing resourceDirectory /Users/happinessndubisi/Documents/obsidi/workspace-academy-java/academy-java/src/test/resources
2024-10-15 10:03:19,752 [Worker-490: Download sources and javadoc] INFO  o.e.m.c.i.e.AbstractTransferListenerAdapter - Downloading https://repo.maven.apache.org/maven2/org/junit/jupiter/junit-jupiter-engine/5.10.3/junit-jupiter-engine-5.10.3-sources.jar
2024-10-15 10:03:19,808 [Worker-490: Download sources and javadoc] INFO  o.e.m.c.i.e.AbstractTransferListenerAdapter - Downloaded https://repo.maven.apache.org/maven2/org/junit/jupiter/junit-jupiter-engine/5.10.3/junit-jupiter-engine-5.10.3-sources.jar
2024-10-15 10:03:19,817 [Worker-490: Download sources and javadoc] INFO  o.e.m.j.internal.DownloadSourcesJob - Downloaded sources for org.junit.jupiter:junit-jupiter-engine:5.10.3
2024-10-15 10:03:19,915 [Worker-490: Download sources and javadoc] INFO  o.e.m.c.i.e.AbstractTransferListenerAdapter - Downloading https://repo.maven.apache.org/maven2/org/junit/platform/junit-platform-engine/1.10.3/junit-platform-engine-1.10.3-sources.jar
2024-10-15 10:03:19,961 [Worker-490: Download sources and javadoc] INFO  o.e.m.c.i.e.AbstractTransferListenerAdapter - Downloaded https://repo.maven.apache.org/maven2/org/junit/platform/junit-platform-engine/1.10.3/junit-platform-engine-1.10.3-sources.jar
2024-10-15 10:03:19,963 [Worker-490: Download sources and javadoc] INFO  o.e.m.j.internal.DownloadSourcesJob - Downloaded sources for org.junit.platform:junit-platform-engine:1.10.3
2024-10-15 10:03:20,068 [Worker-490: Download sources and javadoc] INFO  o.e.m.c.i.e.AbstractTransferListenerAdapter - Downloading https://repo.maven.apache.org/maven2/org/opentest4j/opentest4j/1.3.0/opentest4j-1.3.0-sources.jar
2024-10-15 10:03:20,074 [Worker-490: Download sources and javadoc] INFO  o.e.m.c.i.e.AbstractTransferListenerAdapter - Downloaded https://repo.maven.apache.org/maven2/org/opentest4j/opentest4j/1.3.0/opentest4j-1.3.0-sources.jar
2024-10-15 10:03:20,076 [Worker-490: Download sources and javadoc] INFO  o.e.m.j.internal.DownloadSourcesJob - Downloaded sources for org.opentest4j:opentest4j:1.3.0
2024-10-15 10:03:20,206 [Worker-490: Download sources and javadoc] INFO  o.e.m.c.i.e.AbstractTransferListenerAdapter - Downloading https://repo.maven.apache.org/maven2/org/junit/platform/junit-platform-commons/1.10.3/junit-platform-commons-1.10.3-sources.jar
2024-10-15 10:03:20,235 [Worker-490: Download sources and javadoc] INFO  o.e.m.c.i.e.AbstractTransferListenerAdapter - Downloaded https://repo.maven.apache.org/maven2/org/junit/platform/junit-platform-commons/1.10.3/junit-platform-commons-1.10.3-sources.jar
2024-10-15 10:03:20,237 [Worker-490: Download sources and javadoc] INFO  o.e.m.j.internal.DownloadSourcesJob - Downloaded sources for org.junit.platform:junit-platform-commons:1.10.3
2024-10-15 10:03:20,321 [Worker-490: Download sources and javadoc] INFO  o.e.m.c.i.e.AbstractTransferListenerAdapter - Downloading https://repo.maven.apache.org/maven2/org/junit/jupiter/junit-jupiter-api/5.10.3/junit-jupiter-api-5.10.3-sources.jar
2024-10-15 10:03:20,366 [Worker-490: Download sources and javadoc] INFO  o.e.m.c.i.e.AbstractTransferListenerAdapter - Downloaded https://repo.maven.apache.org/maven2/org/junit/jupiter/junit-jupiter-api/5.10.3/junit-jupiter-api-5.10.3-sources.jar
2024-10-15 10:03:20,370 [Worker-490: Download sources and javadoc] INFO  o.e.m.j.internal.DownloadSourcesJob - Downloaded sources for org.junit.jupiter:junit-jupiter-api:5.10.3
2024-10-15 10:03:20,464 [Worker-490: Download sources and javadoc] INFO  o.e.m.c.i.e.AbstractTransferListenerAdapter - Downloading https://repo.maven.apache.org/maven2/org/apiguardian/apiguardian-api/1.1.2/apiguardian-api-1.1.2-sources.jar
2024-10-15 10:03:20,504 [Worker-490: Download sources and javadoc] INFO  o.e.m.c.i.e.AbstractTransferListenerAdapter - Downloaded https://repo.maven.apache.org/maven2/org/apiguardian/apiguardian-api/1.1.2/apiguardian-api-1.1.2-sources.jar
2024-10-15 10:03:20,506 [Worker-490: Download sources and javadoc] INFO  o.e.m.j.internal.DownloadSourcesJob - Downloaded sources for org.apiguardian:apiguardian-api:1.1.2
2024-10-15 10:03:25,668 [Worker-493: Building] INFO  o.e.m.c.i.embedder.EclipseLogger - Using 'UTF-8' encoding to copy filtered resources.
2024-10-15 10:03:25,704 [Worker-493: Building] INFO  o.e.m.c.i.embedder.EclipseLogger - skip non existing resourceDirectory /Users/happinessndubisi/Documents/obsidi/workspace-academy-java/academy-java/src/main/resources
2024-10-15 10:03:25,718 [Worker-493: Building] INFO  o.e.m.c.i.embedder.EclipseLogger - Using 'UTF-8' encoding to copy filtered resources.
2024-10-15 10:03:25,718 [Worker-493: Building] INFO  o.e.m.c.i.embedder.EclipseLogger - skip non existing resourceDirectory /Users/happinessndubisi/Documents/obsidi/workspace-academy-java/academy-java/src/test/resources
2024-10-15 10:09:59,807 [main] INFO  o.e.m.jdt.internal.UnitTestSupport - Updating LeapYearTest from maven configuration
2024-10-15 10:10:00,326 [main] INFO  o.e.m.c.i.e.AbstractTransferListenerAdapter - Downloading https://repo.maven.apache.org/maven2/org/apache/maven/surefire/maven-surefire-common/2.22.1/maven-surefire-common-2.22.1.pom
2024-10-15 10:10:00,350 [main] INFO  o.e.m.c.i.e.AbstractTransferListenerAdapter - Downloaded https://repo.maven.apache.org/maven2/org/apache/maven/surefire/maven-surefire-common/2.22.1/maven-surefire-common-2.22.1.pom
2024-10-15 10:10:00,433 [main] INFO  o.e.m.c.i.e.AbstractTransferListenerAdapter - Downloading https://repo.maven.apache.org/maven2/org/apache/maven/plugin-tools/maven-plugin-annotations/3.5.2/maven-plugin-annotations-3.5.2.pom
2024-10-15 10:10:00,436 [main] INFO  o.e.m.c.i.e.AbstractTransferListenerAdapter - Downloaded https://repo.maven.apache.org/maven2/org/apache/maven/plugin-tools/maven-plugin-annotations/3.5.2/maven-plugin-annotations-3.5.2.pom
2024-10-15 10:10:00,468 [main] INFO  o.e.m.c.i.e.AbstractTransferListenerAdapter - Downloading https://repo.maven.apache.org/maven2/org/apache/maven/plugin-tools/maven-plugin-tools/3.5.2/maven-plugin-tools-3.5.2.pom
2024-10-15 10:10:00,473 [main] INFO  o.e.m.c.i.e.AbstractTransferListenerAdapter - Downloaded https://repo.maven.apache.org/maven2/org/apache/maven/plugin-tools/maven-plugin-tools/3.5.2/maven-plugin-tools-3.5.2.pom
2024-10-15 10:10:00,596 [main] INFO  o.e.m.c.i.e.AbstractTransferListenerAdapter - Downloading https://repo.maven.apache.org/maven2/org/apache/maven/surefire/surefire-api/2.22.1/surefire-api-2.22.1.pom
2024-10-15 10:10:00,600 [main] INFO  o.e.m.c.i.e.AbstractTransferListenerAdapter - Downloaded https://repo.maven.apache.org/maven2/org/apache/maven/surefire/surefire-api/2.22.1/surefire-api-2.22.1.pom
2024-10-15 10:10:00,628 [main] INFO  o.e.m.c.i.e.AbstractTransferListenerAdapter - Downloading https://repo.maven.apache.org/maven2/org/apache/maven/surefire/surefire-logger-api/2.22.1/surefire-logger-api-2.22.1.pom
2024-10-15 10:10:00,631 [main] INFO  o.e.m.c.i.e.AbstractTransferListenerAdapter - Downloaded https://repo.maven.apache.org/maven2/org/apache/maven/surefire/surefire-logger-api/2.22.1/surefire-logger-api-2.22.1.pom
2024-10-15 10:10:00,669 [main] INFO  o.e.m.c.i.e.AbstractTransferListenerAdapter - Downloading https://repo.maven.apache.org/maven2/org/apache/maven/surefire/surefire-booter/2.22.1/surefire-booter-2.22.1.pom
2024-10-15 10:10:00,671 [main] INFO  o.e.m.c.i.e.AbstractTransferListenerAdapter - Downloaded https://repo.maven.apache.org/maven2/org/apache/maven/surefire/surefire-booter/2.22.1/surefire-booter-2.22.1.pom
2024-10-15 10:10:00,705 [main] INFO  o.e.m.c.i.e.AbstractTransferListenerAdapter - Downloading https://repo.maven.apache.org/maven2/org/codehaus/plexus/plexus-container-default/1.0-alpha-9-stable-1/plexus-container-default-1.0-alpha-9-stable-1.pom
2024-10-15 10:10:00,708 [main] INFO  o.e.m.c.i.e.AbstractTransferListenerAdapter - Downloaded https://repo.maven.apache.org/maven2/org/codehaus/plexus/plexus-container-default/1.0-alpha-9-stable-1/plexus-container-default-1.0-alpha-9-stable-1.pom
2024-10-15 10:10:00,731 [main] INFO  o.e.m.c.i.e.AbstractTransferListenerAdapter - Downloading https://repo.maven.apache.org/maven2/org/codehaus/plexus/plexus-containers/1.0.3/plexus-containers-1.0.3.pom
2024-10-15 10:10:00,733 [main] INFO  o.e.m.c.i.e.AbstractTransferListenerAdapter - Downloaded https://repo.maven.apache.org/maven2/org/codehaus/plexus/plexus-containers/1.0.3/plexus-containers-1.0.3.pom
2024-10-15 10:10:00,752 [main] INFO  o.e.m.c.i.e.AbstractTransferListenerAdapter - Downloading https://repo.maven.apache.org/maven2/org/codehaus/plexus/plexus/1.0.4/plexus-1.0.4.pom
2024-10-15 10:10:00,754 [main] INFO  o.e.m.c.i.e.AbstractTransferListenerAdapter - Downloaded https://repo.maven.apache.org/maven2/org/codehaus/plexus/plexus/1.0.4/plexus-1.0.4.pom
2024-10-15 10:10:00,793 [main] INFO  o.e.m.c.i.e.AbstractTransferListenerAdapter - Downloading https://repo.maven.apache.org/maven2/junit/junit/4.12/junit-4.12.pom
2024-10-15 10:10:00,803 [main] INFO  o.e.m.c.i.e.AbstractTransferListenerAdapter - Downloaded https://repo.maven.apache.org/maven2/junit/junit/4.12/junit-4.12.pom
2024-10-15 10:10:00,837 [main] INFO  o.e.m.c.i.e.AbstractTransferListenerAdapter - Downloading https://repo.maven.apache.org/maven2/org/hamcrest/hamcrest-core/1.3/hamcrest-core-1.3.pom
2024-10-15 10:10:00,838 [main] INFO  o.e.m.c.i.e.AbstractTransferListenerAdapter - Downloaded https://repo.maven.apache.org/maven2/org/hamcrest/hamcrest-core/1.3/hamcrest-core-1.3.pom
2024-10-15 10:10:00,868 [main] INFO  o.e.m.c.i.e.AbstractTransferListenerAdapter - Downloading https://repo.maven.apache.org/maven2/org/hamcrest/hamcrest-parent/1.3/hamcrest-parent-1.3.pom
2024-10-15 10:10:00,871 [main] INFO  o.e.m.c.i.e.AbstractTransferListenerAdapter - Downloaded https://repo.maven.apache.org/maven2/org/hamcrest/hamcrest-parent/1.3/hamcrest-parent-1.3.pom
2024-10-15 10:10:00,907 [main] INFO  o.e.m.c.i.e.AbstractTransferListenerAdapter - Downloading https://repo.maven.apache.org/maven2/org/codehaus/plexus/plexus-utils/1.0.4/plexus-utils-1.0.4.pom
2024-10-15 10:10:00,909 [main] INFO  o.e.m.c.i.e.AbstractTransferListenerAdapter - Downloaded https://repo.maven.apache.org/maven2/org/codehaus/plexus/plexus-utils/1.0.4/plexus-utils-1.0.4.pom
2024-10-15 10:10:00,941 [main] INFO  o.e.m.c.i.e.AbstractTransferListenerAdapter - Downloading https://repo.maven.apache.org/maven2/classworlds/classworlds/1.1-alpha-2/classworlds-1.1-alpha-2.pom
2024-10-15 10:10:00,943 [main] INFO  o.e.m.c.i.e.AbstractTransferListenerAdapter - Downloaded https://repo.maven.apache.org/maven2/classworlds/classworlds/1.1-alpha-2/classworlds-1.1-alpha-2.pom
2024-10-15 10:10:01,041 [main] INFO  o.e.m.c.i.e.AbstractTransferListenerAdapter - Downloading https://repo.maven.apache.org/maven2/org/apache/maven/reporting/maven-reporting-api/3.0/maven-reporting-api-3.0.pom
2024-10-15 10:10:01,042 [main] INFO  o.e.m.c.i.e.AbstractTransferListenerAdapter - Downloaded https://repo.maven.apache.org/maven2/org/apache/maven/reporting/maven-reporting-api/3.0/maven-reporting-api-3.0.pom
2024-10-15 10:10:01,067 [main] INFO  o.e.m.c.i.e.AbstractTransferListenerAdapter - Downloading https://repo.maven.apache.org/maven2/org/apache/maven/shared/maven-shared-components/15/maven-shared-components-15.pom
2024-10-15 10:10:01,070 [main] INFO  o.e.m.c.i.e.AbstractTransferListenerAdapter - Downloaded https://repo.maven.apache.org/maven2/org/apache/maven/shared/maven-shared-components/15/maven-shared-components-15.pom
2024-10-15 10:10:01,096 [main] INFO  o.e.m.c.i.e.AbstractTransferListenerAdapter - Downloading https://repo.maven.apache.org/maven2/org/apache/maven/maven-parent/16/maven-parent-16.pom
2024-10-15 10:10:01,098 [main] INFO  o.e.m.c.i.e.AbstractTransferListenerAdapter - Downloaded https://repo.maven.apache.org/maven2/org/apache/maven/maven-parent/16/maven-parent-16.pom
2024-10-15 10:10:01,134 [main] INFO  o.e.m.c.i.e.AbstractTransferListenerAdapter - Downloading https://repo.maven.apache.org/maven2/classworlds/classworlds/1.1/classworlds-1.1.pom
2024-10-15 10:10:01,135 [main] INFO  o.e.m.c.i.e.AbstractTransferListenerAdapter - Downloaded https://repo.maven.apache.org/maven2/classworlds/classworlds/1.1/classworlds-1.1.pom
2024-10-15 10:10:01,183 [main] INFO  o.e.m.c.i.e.AbstractTransferListenerAdapter - Downloading https://repo.maven.apache.org/maven2/org/apache/maven/maven-toolchain/2.2.1/maven-toolchain-2.2.1.pom
2024-10-15 10:10:01,184 [main] INFO  o.e.m.c.i.e.AbstractTransferListenerAdapter - Downloaded https://repo.maven.apache.org/maven2/org/apache/maven/maven-toolchain/2.2.1/maven-toolchain-2.2.1.pom
2024-10-15 10:10:01,227 [main] INFO  o.e.m.c.i.e.AbstractTransferListenerAdapter - Downloading https://repo.maven.apache.org/maven2/com/thoughtworks/qdox/qdox/2.0-M8/qdox-2.0-M8.pom
2024-10-15 10:10:01,230 [main] INFO  o.e.m.c.i.e.AbstractTransferListenerAdapter - Downloaded https://repo.maven.apache.org/maven2/com/thoughtworks/qdox/qdox/2.0-M8/qdox-2.0-M8.pom
2024-10-15 10:10:01,280 [main] INFO  o.e.m.c.i.e.AbstractTransferListenerAdapter - Downloading https://repo.maven.apache.org/maven2/org/apache/maven/surefire/maven-surefire-common/2.22.1/maven-surefire-common-2.22.1.jar
2024-10-15 10:10:01,349 [main] INFO  o.e.m.c.i.e.AbstractTransferListenerAdapter - Downloaded https://repo.maven.apache.org/maven2/org/apache/maven/surefire/maven-surefire-common/2.22.1/maven-surefire-common-2.22.1.jar
2024-10-15 10:10:01,388 [BasicRepositoryConnector-repo.maven.apache.org-1-3] INFO  o.e.m.c.i.e.AbstractTransferListenerAdapter - Downloading https://repo.maven.apache.org/maven2/org/apache/maven/surefire/surefire-logger-api/2.22.1/surefire-logger-api-2.22.1.jar
2024-10-15 10:10:01,394 [BasicRepositoryConnector-repo.maven.apache.org-1-3] INFO  o.e.m.c.i.e.AbstractTransferListenerAdapter - Downloaded https://repo.maven.apache.org/maven2/org/apache/maven/surefire/surefire-logger-api/2.22.1/surefire-logger-api-2.22.1.jar
2024-10-15 10:10:01,416 [BasicRepositoryConnector-repo.maven.apache.org-1-3] INFO  o.e.m.c.i.e.AbstractTransferListenerAdapter - Downloading https://repo.maven.apache.org/maven2/org/apache/maven/maven-artifact/2.2.1/maven-artifact-2.2.1.jar
2024-10-15 10:10:01,423 [BasicRepositoryConnector-repo.maven.apache.org-1-3] INFO  o.e.m.c.i.e.AbstractTransferListenerAdapter - Downloaded https://repo.maven.apache.org/maven2/org/apache/maven/maven-artifact/2.2.1/maven-artifact-2.2.1.jar
2024-10-15 10:10:01,442 [BasicRepositoryConnector-repo.maven.apache.org-1-2] INFO  o.e.m.c.i.e.AbstractTransferListenerAdapter - Downloading https://repo.maven.apache.org/maven2/org/apache/maven/surefire/surefire-api/2.22.1/surefire-api-2.22.1.jar
2024-10-15 10:10:01,442 [BasicRepositoryConnector-repo.maven.apache.org-1-1] INFO  o.e.m.c.i.e.AbstractTransferListenerAdapter - Downloading https://repo.maven.apache.org/maven2/org/apache/maven/plugin-tools/maven-plugin-annotations/3.5.2/maven-plugin-annotations-3.5.2.jar
2024-10-15 10:10:01,442 [BasicRepositoryConnector-repo.maven.apache.org-1-4] INFO  o.e.m.c.i.e.AbstractTransferListenerAdapter - Downloading https://repo.maven.apache.org/maven2/org/apache/maven/surefire/surefire-booter/2.22.1/surefire-booter-2.22.1.jar
2024-10-15 10:10:01,447 [BasicRepositoryConnector-repo.maven.apache.org-1-1] INFO  o.e.m.c.i.e.AbstractTransferListenerAdapter - Downloaded https://repo.maven.apache.org/maven2/org/apache/maven/plugin-tools/maven-plugin-annotations/3.5.2/maven-plugin-annotations-3.5.2.jar
2024-10-15 10:10:01,449 [BasicRepositoryConnector-repo.maven.apache.org-1-3] INFO  o.e.m.c.i.e.AbstractTransferListenerAdapter - Downloading https://repo.maven.apache.org/maven2/org/codehaus/plexus/plexus-utils/1.5.15/plexus-utils-1.5.15.jar
2024-10-15 10:10:01,452 [BasicRepositoryConnector-repo.maven.apache.org-1-0] INFO  o.e.m.c.i.e.AbstractTransferListenerAdapter - Downloading https://repo.maven.apache.org/maven2/org/apache/maven/maven-plugin-api/2.2.1/maven-plugin-api-2.2.1.jar
2024-10-15 10:10:01,453 [BasicRepositoryConnector-repo.maven.apache.org-1-0] INFO  o.e.m.c.i.e.AbstractTransferListenerAdapter - Downloaded https://repo.maven.apache.org/maven2/org/apache/maven/maven-plugin-api/2.2.1/maven-plugin-api-2.2.1.jar
2024-10-15 10:10:01,479 [BasicRepositoryConnector-repo.maven.apache.org-1-3] INFO  o.e.m.c.i.e.AbstractTransferListenerAdapter - Downloaded https://repo.maven.apache.org/maven2/org/codehaus/plexus/plexus-utils/1.5.15/plexus-utils-1.5.15.jar
2024-10-15 10:10:01,485 [BasicRepositoryConnector-repo.maven.apache.org-1-1] INFO  o.e.m.c.i.e.AbstractTransferListenerAdapter - Downloading https://repo.maven.apache.org/maven2/org/apache/maven/maven-plugin-descriptor/2.2.1/maven-plugin-descriptor-2.2.1.jar
2024-10-15 10:10:01,487 [BasicRepositoryConnector-repo.maven.apache.org-1-0] INFO  o.e.m.c.i.e.AbstractTransferListenerAdapter - Downloading https://repo.maven.apache.org/maven2/org/codehaus/plexus/plexus-container-default/1.0-alpha-9-stable-1/plexus-container-default-1.0-alpha-9-stable-1.jar
2024-10-15 10:10:01,501 [BasicRepositoryConnector-repo.maven.apache.org-1-1] INFO  o.e.m.c.i.e.AbstractTransferListenerAdapter - Downloaded https://repo.maven.apache.org/maven2/org/apache/maven/maven-plugin-descriptor/2.2.1/maven-plugin-descriptor-2.2.1.jar
2024-10-15 10:10:01,503 [BasicRepositoryConnector-repo.maven.apache.org-1-2] INFO  o.e.m.c.i.e.AbstractTransferListenerAdapter - Downloaded https://repo.maven.apache.org/maven2/org/apache/maven/surefire/surefire-api/2.22.1/surefire-api-2.22.1.jar
2024-10-15 10:10:01,506 [BasicRepositoryConnector-repo.maven.apache.org-1-3] INFO  o.e.m.c.i.e.AbstractTransferListenerAdapter - Downloading https://repo.maven.apache.org/maven2/junit/junit/4.12/junit-4.12.jar
2024-10-15 10:10:01,524 [BasicRepositoryConnector-repo.maven.apache.org-1-3] INFO  o.e.m.c.i.e.AbstractTransferListenerAdapter - Downloaded https://repo.maven.apache.org/maven2/junit/junit/4.12/junit-4.12.jar
2024-10-15 10:10:01,529 [BasicRepositoryConnector-repo.maven.apache.org-1-4] INFO  o.e.m.c.i.e.AbstractTransferListenerAdapter - Downloaded https://repo.maven.apache.org/maven2/org/apache/maven/surefire/surefire-booter/2.22.1/surefire-booter-2.22.1.jar
2024-10-15 10:10:01,531 [BasicRepositoryConnector-repo.maven.apache.org-1-2] INFO  o.e.m.c.i.e.AbstractTransferListenerAdapter - Downloading https://repo.maven.apache.org/maven2/org/apache/maven/maven-project/2.2.1/maven-project-2.2.1.jar
2024-10-15 10:10:01,531 [BasicRepositoryConnector-repo.maven.apache.org-1-1] INFO  o.e.m.c.i.e.AbstractTransferListenerAdapter - Downloading https://repo.maven.apache.org/maven2/org/hamcrest/hamcrest-core/1.3/hamcrest-core-1.3.jar
2024-10-15 10:10:01,538 [BasicRepositoryConnector-repo.maven.apache.org-1-1] INFO  o.e.m.c.i.e.AbstractTransferListenerAdapter - Downloaded https://repo.maven.apache.org/maven2/org/hamcrest/hamcrest-core/1.3/hamcrest-core-1.3.jar
2024-10-15 10:10:01,544 [BasicRepositoryConnector-repo.maven.apache.org-1-2] INFO  o.e.m.c.i.e.AbstractTransferListenerAdapter - Downloaded https://repo.maven.apache.org/maven2/org/apache/maven/maven-project/2.2.1/maven-project-2.2.1.jar
2024-10-15 10:10:01,557 [BasicRepositoryConnector-repo.maven.apache.org-1-4] INFO  o.e.m.c.i.e.AbstractTransferListenerAdapter - Downloading https://repo.maven.apache.org/maven2/org/apache/maven/maven-profile/2.2.1/maven-profile-2.2.1.jar
2024-10-15 10:10:01,557 [BasicRepositoryConnector-repo.maven.apache.org-1-3] INFO  o.e.m.c.i.e.AbstractTransferListenerAdapter - Downloading https://repo.maven.apache.org/maven2/org/apache/maven/maven-settings/2.2.1/maven-settings-2.2.1.jar
2024-10-15 10:10:01,561 [BasicRepositoryConnector-repo.maven.apache.org-1-4] INFO  o.e.m.c.i.e.AbstractTransferListenerAdapter - Downloaded https://repo.maven.apache.org/maven2/org/apache/maven/maven-profile/2.2.1/maven-profile-2.2.1.jar
2024-10-15 10:10:01,561 [BasicRepositoryConnector-repo.maven.apache.org-1-0] INFO  o.e.m.c.i.e.AbstractTransferListenerAdapter - Downloaded https://repo.maven.apache.org/maven2/org/codehaus/plexus/plexus-container-default/1.0-alpha-9-stable-1/plexus-container-default-1.0-alpha-9-stable-1.jar
2024-10-15 10:10:01,561 [BasicRepositoryConnector-repo.maven.apache.org-1-3] INFO  o.e.m.c.i.e.AbstractTransferListenerAdapter - Downloaded https://repo.maven.apache.org/maven2/org/apache/maven/maven-settings/2.2.1/maven-settings-2.2.1.jar
2024-10-15 10:10:01,574 [BasicRepositoryConnector-repo.maven.apache.org-1-1] INFO  o.e.m.c.i.e.AbstractTransferListenerAdapter - Downloading https://repo.maven.apache.org/maven2/org/apache/maven/maven-artifact-manager/2.2.1/maven-artifact-manager-2.2.1.jar
2024-10-15 10:10:01,574 [BasicRepositoryConnector-repo.maven.apache.org-1-2] INFO  o.e.m.c.i.e.AbstractTransferListenerAdapter - Downloading https://repo.maven.apache.org/maven2/backport-util-concurrent/backport-util-concurrent/3.1/backport-util-concurrent-3.1.jar
2024-10-15 10:10:01,588 [BasicRepositoryConnector-repo.maven.apache.org-1-1] INFO  o.e.m.c.i.e.AbstractTransferListenerAdapter - Downloaded https://repo.maven.apache.org/maven2/org/apache/maven/maven-artifact-manager/2.2.1/maven-artifact-manager-2.2.1.jar
2024-10-15 10:10:01,593 [BasicRepositoryConnector-repo.maven.apache.org-1-0] INFO  o.e.m.c.i.e.AbstractTransferListenerAdapter - Downloading https://repo.maven.apache.org/maven2/org/codehaus/plexus/plexus-interpolation/1.11/plexus-interpolation-1.11.jar
2024-10-15 10:10:01,595 [BasicRepositoryConnector-repo.maven.apache.org-1-2] INFO  o.e.m.c.i.e.AbstractTransferListenerAdapter - Downloaded https://repo.maven.apache.org/maven2/backport-util-concurrent/backport-util-concurrent/3.1/backport-util-concurrent-3.1.jar
2024-10-15 10:10:01,596 [BasicRepositoryConnector-repo.maven.apache.org-1-3] INFO  o.e.m.c.i.e.AbstractTransferListenerAdapter - Downloading https://repo.maven.apache.org/maven2/org/apache/maven/maven-model/2.2.1/maven-model-2.2.1.jar
2024-10-15 10:10:01,604 [BasicRepositoryConnector-repo.maven.apache.org-1-3] INFO  o.e.m.c.i.e.AbstractTransferListenerAdapter - Downloaded https://repo.maven.apache.org/maven2/org/apache/maven/maven-model/2.2.1/maven-model-2.2.1.jar
2024-10-15 10:10:01,604 [BasicRepositoryConnector-repo.maven.apache.org-1-0] INFO  o.e.m.c.i.e.AbstractTransferListenerAdapter - Downloaded https://repo.maven.apache.org/maven2/org/codehaus/plexus/plexus-interpolation/1.11/plexus-interpolation-1.11.jar
2024-10-15 10:10:01,614 [BasicRepositoryConnector-repo.maven.apache.org-1-4] INFO  o.e.m.c.i.e.AbstractTransferListenerAdapter - Downloading https://repo.maven.apache.org/maven2/org/apache/maven/maven-plugin-registry/2.2.1/maven-plugin-registry-2.2.1.jar
2024-10-15 10:10:01,617 [BasicRepositoryConnector-repo.maven.apache.org-1-4] INFO  o.e.m.c.i.e.AbstractTransferListenerAdapter - Downloaded https://repo.maven.apache.org/maven2/org/apache/maven/maven-plugin-registry/2.2.1/maven-plugin-registry-2.2.1.jar
2024-10-15 10:10:01,620 [BasicRepositoryConnector-repo.maven.apache.org-1-1] INFO  o.e.m.c.i.e.AbstractTransferListenerAdapter - Downloading https://repo.maven.apache.org/maven2/org/apache/maven/maven-core/2.2.1/maven-core-2.2.1.jar
2024-10-15 10:10:01,620 [BasicRepositoryConnector-repo.maven.apache.org-1-2] INFO  o.e.m.c.i.e.AbstractTransferListenerAdapter - Downloading https://repo.maven.apache.org/maven2/org/apache/maven/maven-plugin-parameter-documenter/2.2.1/maven-plugin-parameter-documenter-2.2.1.jar
2024-10-15 10:10:01,621 [BasicRepositoryConnector-repo.maven.apache.org-1-2] INFO  o.e.m.c.i.e.AbstractTransferListenerAdapter - Downloaded https://repo.maven.apache.org/maven2/org/apache/maven/maven-plugin-parameter-documenter/2.2.1/maven-plugin-parameter-documenter-2.2.1.jar
2024-10-15 10:10:01,629 [BasicRepositoryConnector-repo.maven.apache.org-1-0] INFO  o.e.m.c.i.e.AbstractTransferListenerAdapter - Downloading https://repo.maven.apache.org/maven2/org/slf4j/slf4j-api/1.5.6/slf4j-api-1.5.6.jar
2024-10-15 10:10:01,629 [BasicRepositoryConnector-repo.maven.apache.org-1-3] INFO  o.e.m.c.i.e.AbstractTransferListenerAdapter - Downloading https://repo.maven.apache.org/maven2/org/slf4j/slf4j-jdk14/1.5.6/slf4j-jdk14-1.5.6.jar
2024-10-15 10:10:01,630 [BasicRepositoryConnector-repo.maven.apache.org-1-3] INFO  o.e.m.c.i.e.AbstractTransferListenerAdapter - Downloaded https://repo.maven.apache.org/maven2/org/slf4j/slf4j-jdk14/1.5.6/slf4j-jdk14-1.5.6.jar
2024-10-15 10:10:01,632 [BasicRepositoryConnector-repo.maven.apache.org-1-0] INFO  o.e.m.c.i.e.AbstractTransferListenerAdapter - Downloaded https://repo.maven.apache.org/maven2/org/slf4j/slf4j-api/1.5.6/slf4j-api-1.5.6.jar
2024-10-15 10:10:01,636 [BasicRepositoryConnector-repo.maven.apache.org-1-1] INFO  o.e.m.c.i.e.AbstractTransferListenerAdapter - Downloaded https://repo.maven.apache.org/maven2/org/apache/maven/maven-core/2.2.1/maven-core-2.2.1.jar
2024-10-15 10:10:01,636 [BasicRepositoryConnector-repo.maven.apache.org-1-4] INFO  o.e.m.c.i.e.AbstractTransferListenerAdapter - Downloading https://repo.maven.apache.org/maven2/org/slf4j/jcl-over-slf4j/1.5.6/jcl-over-slf4j-1.5.6.jar
2024-10-15 10:10:01,637 [BasicRepositoryConnector-repo.maven.apache.org-1-4] INFO  o.e.m.c.i.e.AbstractTransferListenerAdapter - Downloaded https://repo.maven.apache.org/maven2/org/slf4j/jcl-over-slf4j/1.5.6/jcl-over-slf4j-1.5.6.jar
2024-10-15 10:10:01,653 [BasicRepositoryConnector-repo.maven.apache.org-1-2] INFO  o.e.m.c.i.e.AbstractTransferListenerAdapter - Downloading https://repo.maven.apache.org/maven2/org/apache/maven/reporting/maven-reporting-api/3.0/maven-reporting-api-3.0.jar
2024-10-15 10:10:01,654 [BasicRepositoryConnector-repo.maven.apache.org-1-2] INFO  o.e.m.c.i.e.AbstractTransferListenerAdapter - Downloaded https://repo.maven.apache.org/maven2/org/apache/maven/reporting/maven-reporting-api/3.0/maven-reporting-api-3.0.jar
2024-10-15 10:10:01,655 [BasicRepositoryConnector-repo.maven.apache.org-1-3] INFO  o.e.m.c.i.e.AbstractTransferListenerAdapter - Downloading https://repo.maven.apache.org/maven2/org/apache/maven/maven-repository-metadata/2.2.1/maven-repository-metadata-2.2.1.jar
2024-10-15 10:10:01,659 [BasicRepositoryConnector-repo.maven.apache.org-1-4] INFO  o.e.m.c.i.e.AbstractTransferListenerAdapter - Downloading https://repo.maven.apache.org/maven2/classworlds/classworlds/1.1/classworlds-1.1.jar
2024-10-15 10:10:01,659 [BasicRepositoryConnector-repo.maven.apache.org-1-1] INFO  o.e.m.c.i.e.AbstractTransferListenerAdapter - Downloading https://repo.maven.apache.org/maven2/org/apache/maven/maven-monitor/2.2.1/maven-monitor-2.2.1.jar
2024-10-15 10:10:01,661 [BasicRepositoryConnector-repo.maven.apache.org-1-1] INFO  o.e.m.c.i.e.AbstractTransferListenerAdapter - Downloaded https://repo.maven.apache.org/maven2/org/apache/maven/maven-monitor/2.2.1/maven-monitor-2.2.1.jar
2024-10-15 10:10:01,663 [BasicRepositoryConnector-repo.maven.apache.org-1-0] INFO  o.e.m.c.i.e.AbstractTransferListenerAdapter - Downloading https://repo.maven.apache.org/maven2/org/apache/maven/maven-error-diagnostics/2.2.1/maven-error-diagnostics-2.2.1.jar
2024-10-15 10:10:01,666 [BasicRepositoryConnector-repo.maven.apache.org-1-4] INFO  o.e.m.c.i.e.AbstractTransferListenerAdapter - Downloaded https://repo.maven.apache.org/maven2/classworlds/classworlds/1.1/classworlds-1.1.jar
2024-10-15 10:10:01,670 [BasicRepositoryConnector-repo.maven.apache.org-1-0] INFO  o.e.m.c.i.e.AbstractTransferListenerAdapter - Downloaded https://repo.maven.apache.org/maven2/org/apache/maven/maven-error-diagnostics/2.2.1/maven-error-diagnostics-2.2.1.jar
2024-10-15 10:10:01,670 [BasicRepositoryConnector-repo.maven.apache.org-1-3] INFO  o.e.m.c.i.e.AbstractTransferListenerAdapter - Downloaded https://repo.maven.apache.org/maven2/org/apache/maven/maven-repository-metadata/2.2.1/maven-repository-metadata-2.2.1.jar
2024-10-15 10:10:01,688 [BasicRepositoryConnector-repo.maven.apache.org-1-2] INFO  o.e.m.c.i.e.AbstractTransferListenerAdapter - Downloading https://repo.maven.apache.org/maven2/org/apache/maven/maven-toolchain/2.2.1/maven-toolchain-2.2.1.jar
2024-10-15 10:10:01,689 [BasicRepositoryConnector-repo.maven.apache.org-1-1] INFO  o.e.m.c.i.e.AbstractTransferListenerAdapter - Downloading https://repo.maven.apache.org/maven2/com/thoughtworks/qdox/qdox/2.0-M8/qdox-2.0-M8.jar
2024-10-15 10:10:01,690 [BasicRepositoryConnector-repo.maven.apache.org-1-2] INFO  o.e.m.c.i.e.AbstractTransferListenerAdapter - Downloaded https://repo.maven.apache.org/maven2/org/apache/maven/maven-toolchain/2.2.1/maven-toolchain-2.2.1.jar
2024-10-15 10:10:01,717 [BasicRepositoryConnector-repo.maven.apache.org-1-1] INFO  o.e.m.c.i.e.AbstractTransferListenerAdapter - Downloaded https://repo.maven.apache.org/maven2/com/thoughtworks/qdox/qdox/2.0-M8/qdox-2.0-M8.jar
2024-10-15 10:10:09,241 [Worker-498: Launching LeapYearTest] INFO  o.e.m.c.i.l.LifecycleMappingFactory - Using org.eclipse.m2e.jdt.JarLifecycleMapping lifecycle mapping for MavenProject: com.bptn:academy-java:0.0.1-SNAPSHOT @ /Users/happinessndubisi/Documents/obsidi/workspace-academy-java/academy-java/pom.xml.
2024-10-15 10:10:09,711 [Worker-498: Launching LeapYearTest] INFO  o.e.m.c.i.embedder.EclipseLogger - Using 'UTF-8' encoding to copy filtered resources.
2024-10-15 10:10:09,714 [Worker-498: Launching LeapYearTest] INFO  o.e.m.c.i.embedder.EclipseLogger - skip non existing resourceDirectory /Users/happinessndubisi/Documents/obsidi/workspace-academy-java/academy-java/src/main/resources
2024-10-15 10:10:09,726 [Worker-498: Launching LeapYearTest] INFO  o.e.m.c.i.embedder.EclipseLogger - Using 'UTF-8' encoding to copy filtered resources.
2024-10-15 10:10:09,727 [Worker-498: Launching LeapYearTest] INFO  o.e.m.c.i.embedder.EclipseLogger - skip non existing resourceDirectory /Users/happinessndubisi/Documents/obsidi/workspace-academy-java/academy-java/src/test/resources
2024-10-15 10:10:13,004 [Worker-498: Launching LeapYearTest] INFO  o.e.m.c.i.e.AbstractTransferListenerAdapter - Downloading https://repo.maven.apache.org/maven2/org/junit/platform/junit-platform-launcher/1.10.3/junit-platform-launcher-1.10.3.jar
2024-10-15 10:10:13,051 [Worker-498: Launching LeapYearTest] INFO  o.e.m.c.i.e.AbstractTransferListenerAdapter - Downloaded https://repo.maven.apache.org/maven2/org/junit/platform/junit-platform-launcher/1.10.3/junit-platform-launcher-1.10.3.jar
2024-10-15 11:33:07,066 [Worker-510: Updating Maven Project] INFO  o.e.m.c.i.p.ProjectConfigurationManager - Update started
2024-10-15 11:33:08,475 [Worker-510: Updating Maven Project] INFO  o.e.m.c.i.l.LifecycleMappingFactory - Using org.eclipse.m2e.jdt.JarLifecycleMapping lifecycle mapping for MavenProject: com.bptn:academy-java:0.0.1-SNAPSHOT @ /Users/happinessndubisi/Documents/obsidi/workspace-academy-java/academy-java/pom.xml.
2024-10-15 11:33:09,157 [Worker-510: Updating Maven Project] INFO  o.e.m.j.i.AbstractJavaProjectConfigurator - Adding source folder /academy-java/src/main/java
2024-10-15 11:33:09,161 [Worker-510: Updating Maven Project] INFO  o.e.m.j.i.AbstractJavaProjectConfigurator - Adding resource folder /academy-java/src/main/resources
2024-10-15 11:33:09,162 [Worker-510: Updating Maven Project] INFO  o.e.m.j.i.AbstractJavaProjectConfigurator - Adding source folder /academy-java/src/test/java
2024-10-15 11:33:09,163 [Worker-510: Updating Maven Project] INFO  o.e.m.j.i.AbstractJavaProjectConfigurator - Adding resource folder /academy-java/src/test/resources
2024-10-15 11:33:09,298 [Worker-510: Updating Maven Project] INFO  o.e.m.jdt.internal.UnitTestSupport - Reset launch configuration name: LeapYearTest
2024-10-15 11:33:09,300 [Worker-510: Updating Maven Project] INFO  o.e.m.jdt.internal.UnitTestSupport - Updating LeapYearTest from maven configuration
2024-10-15 11:33:09,922 [Worker-510: Updating Maven Project] INFO  o.e.m.c.i.p.ProjectConfigurationManager - Update completed for 1 poms: local refresh takes 0.00 sec, refresh facades takes 1.00 sec, update config takes 0.00 sec 
2024-10-15 11:33:12,646 [Worker-510: Building] INFO  o.e.m.c.i.embedder.EclipseLogger - Using 'UTF-8' encoding to copy filtered resources.
2024-10-15 11:33:12,660 [Worker-510: Building] INFO  o.e.m.c.i.embedder.EclipseLogger - skip non existing resourceDirectory /Users/happinessndubisi/Documents/obsidi/workspace-academy-java/academy-java/src/main/resources
2024-10-15 11:33:12,667 [Worker-510: Building] INFO  o.e.m.c.i.embedder.EclipseLogger - Using 'UTF-8' encoding to copy filtered resources.
2024-10-15 11:33:12,667 [Worker-510: Building] INFO  o.e.m.c.i.embedder.EclipseLogger - skip non existing resourceDirectory /Users/happinessndubisi/Documents/obsidi/workspace-academy-java/academy-java/src/test/resources
2024-10-15 11:56:13,785 [Worker-518: Building] INFO  o.e.m.c.i.l.LifecycleMappingFactory - Using org.eclipse.m2e.jdt.JarLifecycleMapping lifecycle mapping for MavenProject: com.bptn:academy-java:0.0.1-SNAPSHOT @ /Users/happinessndubisi/Documents/obsidi/workspace-academy-java/academy-java/pom.xml.
2024-10-15 11:56:14,244 [Worker-518: Building] INFO  o.e.m.c.i.embedder.EclipseLogger - Using 'UTF-8' encoding to copy filtered resources.
2024-10-15 11:56:14,249 [Worker-518: Building] INFO  o.e.m.c.i.embedder.EclipseLogger - skip non existing resourceDirectory /Users/happinessndubisi/Documents/obsidi/workspace-academy-java/academy-java/src/main/resources
2024-10-15 11:56:14,269 [Worker-518: Building] INFO  o.e.m.c.i.embedder.EclipseLogger - Using 'UTF-8' encoding to copy filtered resources.
2024-10-15 11:56:14,271 [Worker-518: Building] INFO  o.e.m.c.i.embedder.EclipseLogger - skip non existing resourceDirectory /Users/happinessndubisi/Documents/obsidi/workspace-academy-java/academy-java/src/test/resources
2024-10-15 11:56:18,352 [Worker-517: Building] INFO  o.e.m.c.i.embedder.EclipseLogger - Using 'UTF-8' encoding to copy filtered resources.
2024-10-15 11:56:18,362 [Worker-517: Building] INFO  o.e.m.c.i.embedder.EclipseLogger - skip non existing resourceDirectory /Users/happinessndubisi/Documents/obsidi/workspace-academy-java/academy-java/src/main/resources
2024-10-15 11:56:18,369 [Worker-517: Building] INFO  o.e.m.c.i.embedder.EclipseLogger - Using 'UTF-8' encoding to copy filtered resources.
2024-10-15 11:56:18,369 [Worker-517: Building] INFO  o.e.m.c.i.embedder.EclipseLogger - skip non existing resourceDirectory /Users/happinessndubisi/Documents/obsidi/workspace-academy-java/academy-java/src/test/resources
2024-10-15 11:56:40,853 [Worker-520: Updating Maven Project] INFO  o.e.m.c.i.p.ProjectConfigurationManager - Update started
2024-10-15 11:56:41,648 [Worker-520: Updating Maven Project] INFO  o.e.m.c.i.l.LifecycleMappingFactory - Using org.eclipse.m2e.jdt.JarLifecycleMapping lifecycle mapping for MavenProject: com.bptn:academy-java:0.0.1-SNAPSHOT @ /Users/happinessndubisi/Documents/obsidi/workspace-academy-java/academy-java/pom.xml.
2024-10-15 11:56:41,896 [Worker-520: Updating Maven Project] INFO  o.e.m.j.i.AbstractJavaProjectConfigurator - Adding source folder /academy-java/src/main/java
2024-10-15 11:56:41,900 [Worker-520: Updating Maven Project] INFO  o.e.m.j.i.AbstractJavaProjectConfigurator - Adding resource folder /academy-java/src/main/resources
2024-10-15 11:56:41,901 [Worker-520: Updating Maven Project] INFO  o.e.m.j.i.AbstractJavaProjectConfigurator - Adding source folder /academy-java/src/test/java
2024-10-15 11:56:41,901 [Worker-520: Updating Maven Project] INFO  o.e.m.j.i.AbstractJavaProjectConfigurator - Adding resource folder /academy-java/src/test/resources
2024-10-15 11:56:41,959 [Worker-520: Updating Maven Project] INFO  o.e.m.jdt.internal.UnitTestSupport - Reset launch configuration name: LeapYearTest
2024-10-15 11:56:41,960 [Worker-520: Updating Maven Project] INFO  o.e.m.jdt.internal.UnitTestSupport - Updating LeapYearTest from maven configuration
2024-10-15 11:56:42,341 [Worker-520: Updating Maven Project] INFO  o.e.m.c.i.p.ProjectConfigurationManager - Update completed for 1 poms: local refresh takes 0.00 sec, refresh facades takes 0.00 sec, update config takes 0.00 sec 
2024-10-15 11:56:43,313 [Worker-518: Building] INFO  o.e.m.c.i.embedder.EclipseLogger - Using 'UTF-8' encoding to copy filtered resources.
2024-10-15 11:56:43,314 [Worker-518: Building] INFO  o.e.m.c.i.embedder.EclipseLogger - skip non existing resourceDirectory /Users/happinessndubisi/Documents/obsidi/workspace-academy-java/academy-java/src/main/resources
2024-10-15 11:56:43,326 [Worker-518: Building] INFO  o.e.m.c.i.embedder.EclipseLogger - Using 'UTF-8' encoding to copy filtered resources.
2024-10-15 11:56:43,326 [Worker-518: Building] INFO  o.e.m.c.i.embedder.EclipseLogger - skip non existing resourceDirectory /Users/happinessndubisi/Documents/obsidi/workspace-academy-java/academy-java/src/test/resources
2024-10-15 12:02:54,654 [Worker-524: Building] INFO  o.e.m.c.i.embedder.EclipseLogger - Using 'UTF-8' encoding to copy filtered resources.
2024-10-15 12:02:54,667 [Worker-524: Building] INFO  o.e.m.c.i.embedder.EclipseLogger - skip non existing resourceDirectory /Users/happinessndubisi/Documents/obsidi/workspace-academy-java/academy-java/src/main/resources
2024-10-15 12:02:54,692 [Worker-524: Building] INFO  o.e.m.c.i.embedder.EclipseLogger - Using 'UTF-8' encoding to copy filtered resources.
2024-10-15 12:02:54,692 [Worker-524: Building] INFO  o.e.m.c.i.embedder.EclipseLogger - skip non existing resourceDirectory /Users/happinessndubisi/Documents/obsidi/workspace-academy-java/academy-java/src/test/resources
2024-10-15 12:03:46,831 [Worker-523: Building] INFO  o.e.m.c.i.embedder.EclipseLogger - Using 'UTF-8' encoding to copy filtered resources.
2024-10-15 12:03:46,833 [Worker-523: Building] INFO  o.e.m.c.i.embedder.EclipseLogger - skip non existing resourceDirectory /Users/happinessndubisi/Documents/obsidi/workspace-academy-java/academy-java/src/main/resources
2024-10-15 12:03:46,836 [Worker-523: Building] INFO  o.e.m.c.i.embedder.EclipseLogger - Using 'UTF-8' encoding to copy filtered resources.
2024-10-15 12:03:46,836 [Worker-523: Building] INFO  o.e.m.c.i.embedder.EclipseLogger - skip non existing resourceDirectory /Users/happinessndubisi/Documents/obsidi/workspace-academy-java/academy-java/src/test/resources
2024-10-15 12:04:47,809 [main] INFO  o.e.m.jdt.internal.UnitTestSupport - Updating CalculatorDemoTest from maven configuration
2024-10-15 12:04:51,308 [Worker-523: Launching CalculatorDemoTest] INFO  o.e.m.c.i.embedder.EclipseLogger - Using 'UTF-8' encoding to copy filtered resources.
2024-10-15 12:04:51,312 [Worker-523: Launching CalculatorDemoTest] INFO  o.e.m.c.i.embedder.EclipseLogger - skip non existing resourceDirectory /Users/happinessndubisi/Documents/obsidi/workspace-academy-java/academy-java/src/main/resources
2024-10-15 12:04:51,332 [Worker-523: Launching CalculatorDemoTest] INFO  o.e.m.c.i.embedder.EclipseLogger - Using 'UTF-8' encoding to copy filtered resources.
2024-10-15 12:04:51,333 [Worker-523: Launching CalculatorDemoTest] INFO  o.e.m.c.i.embedder.EclipseLogger - skip non existing resourceDirectory /Users/happinessndubisi/Documents/obsidi/workspace-academy-java/academy-java/src/test/resources
2024-10-15 13:15:42,577 [Worker-530: Building] INFO  o.e.m.c.i.embedder.EclipseLogger - Using 'UTF-8' encoding to copy filtered resources.
2024-10-15 13:15:42,597 [Worker-530: Building] INFO  o.e.m.c.i.embedder.EclipseLogger - skip non existing resourceDirectory /Users/happinessndubisi/Documents/obsidi/workspace-academy-java/academy-java/src/main/resources
2024-10-15 13:15:42,616 [Worker-530: Building] INFO  o.e.m.c.i.embedder.EclipseLogger - Using 'UTF-8' encoding to copy filtered resources.
2024-10-15 13:15:42,616 [Worker-530: Building] INFO  o.e.m.c.i.embedder.EclipseLogger - skip non existing resourceDirectory /Users/happinessndubisi/Documents/obsidi/workspace-academy-java/academy-java/src/test/resources
2024-10-15 13:15:59,704 [Worker-534: Building] INFO  o.e.m.c.i.embedder.EclipseLogger - Using 'UTF-8' encoding to copy filtered resources.
2024-10-15 13:15:59,706 [Worker-534: Building] INFO  o.e.m.c.i.embedder.EclipseLogger - skip non existing resourceDirectory /Users/happinessndubisi/Documents/obsidi/workspace-academy-java/academy-java/src/main/resources
2024-10-15 13:15:59,711 [Worker-534: Building] INFO  o.e.m.c.i.embedder.EclipseLogger - Using 'UTF-8' encoding to copy filtered resources.
2024-10-15 13:15:59,711 [Worker-534: Building] INFO  o.e.m.c.i.embedder.EclipseLogger - skip non existing resourceDirectory /Users/happinessndubisi/Documents/obsidi/workspace-academy-java/academy-java/src/test/resources
2024-10-15 13:20:47,890 [Worker-538: Building] INFO  o.e.m.c.i.embedder.EclipseLogger - Using 'UTF-8' encoding to copy filtered resources.
2024-10-15 13:20:47,922 [Worker-538: Building] INFO  o.e.m.c.i.embedder.EclipseLogger - skip non existing resourceDirectory /Users/happinessndubisi/Documents/obsidi/workspace-academy-java/academy-java/src/main/resources
2024-10-15 13:20:47,945 [Worker-538: Building] INFO  o.e.m.c.i.embedder.EclipseLogger - Using 'UTF-8' encoding to copy filtered resources.
2024-10-15 13:20:47,945 [Worker-538: Building] INFO  o.e.m.c.i.embedder.EclipseLogger - skip non existing resourceDirectory /Users/happinessndubisi/Documents/obsidi/workspace-academy-java/academy-java/src/test/resources
2024-10-15 13:35:10,991 [Worker-541: Launching Main] INFO  o.e.m.c.i.embedder.EclipseLogger - Using 'UTF-8' encoding to copy filtered resources.
2024-10-15 13:35:11,005 [Worker-541: Launching Main] INFO  o.e.m.c.i.embedder.EclipseLogger - skip non existing resourceDirectory /Users/happinessndubisi/Documents/obsidi/workspace-academy-java/academy-java/src/main/resources
2024-10-15 13:35:11,021 [Worker-541: Launching Main] INFO  o.e.m.c.i.embedder.EclipseLogger - Using 'UTF-8' encoding to copy filtered resources.
2024-10-15 13:35:11,021 [Worker-541: Launching Main] INFO  o.e.m.c.i.embedder.EclipseLogger - skip non existing resourceDirectory /Users/happinessndubisi/Documents/obsidi/workspace-academy-java/academy-java/src/test/resources
2024-10-15 13:48:57,114 [Worker-549: Building] INFO  o.e.m.c.i.embedder.EclipseLogger - Using 'UTF-8' encoding to copy filtered resources.
2024-10-15 13:48:57,131 [Worker-549: Building] INFO  o.e.m.c.i.embedder.EclipseLogger - skip non existing resourceDirectory /Users/happinessndubisi/Documents/obsidi/workspace-academy-java/academy-java/src/main/resources
2024-10-15 13:48:57,154 [Worker-549: Building] INFO  o.e.m.c.i.embedder.EclipseLogger - Using 'UTF-8' encoding to copy filtered resources.
2024-10-15 13:48:57,155 [Worker-549: Building] INFO  o.e.m.c.i.embedder.EclipseLogger - skip non existing resourceDirectory /Users/happinessndubisi/Documents/obsidi/workspace-academy-java/academy-java/src/test/resources
2024-10-15 13:49:59,309 [Worker-552: Building] INFO  o.e.m.c.i.embedder.EclipseLogger - Using 'UTF-8' encoding to copy filtered resources.
2024-10-15 13:49:59,312 [Worker-552: Building] INFO  o.e.m.c.i.embedder.EclipseLogger - skip non existing resourceDirectory /Users/happinessndubisi/Documents/obsidi/workspace-academy-java/academy-java/src/main/resources
2024-10-15 13:49:59,316 [Worker-552: Building] INFO  o.e.m.c.i.embedder.EclipseLogger - Using 'UTF-8' encoding to copy filtered resources.
2024-10-15 13:49:59,316 [Worker-552: Building] INFO  o.e.m.c.i.embedder.EclipseLogger - skip non existing resourceDirectory /Users/happinessndubisi/Documents/obsidi/workspace-academy-java/academy-java/src/test/resources
2024-10-15 13:50:34,434 [Worker-549: Building] INFO  o.e.m.c.i.embedder.EclipseLogger - Using 'UTF-8' encoding to copy filtered resources.
2024-10-15 13:50:34,452 [Worker-549: Building] INFO  o.e.m.c.i.embedder.EclipseLogger - skip non existing resourceDirectory /Users/happinessndubisi/Documents/obsidi/workspace-academy-java/academy-java/src/main/resources
2024-10-15 13:50:34,467 [Worker-549: Building] INFO  o.e.m.c.i.embedder.EclipseLogger - Using 'UTF-8' encoding to copy filtered resources.
2024-10-15 13:50:34,467 [Worker-549: Building] INFO  o.e.m.c.i.embedder.EclipseLogger - skip non existing resourceDirectory /Users/happinessndubisi/Documents/obsidi/workspace-academy-java/academy-java/src/test/resources
2024-10-15 13:51:05,330 [main] INFO  o.e.m.jdt.internal.UnitTestSupport - Updating TextbookUnitTest from maven configuration
2024-10-15 13:51:08,053 [Worker-550: Launching TextbookUnitTest] INFO  o.e.m.c.i.embedder.EclipseLogger - Using 'UTF-8' encoding to copy filtered resources.
2024-10-15 13:51:08,054 [Worker-550: Launching TextbookUnitTest] INFO  o.e.m.c.i.embedder.EclipseLogger - skip non existing resourceDirectory /Users/happinessndubisi/Documents/obsidi/workspace-academy-java/academy-java/src/main/resources
2024-10-15 13:51:08,056 [Worker-550: Launching TextbookUnitTest] INFO  o.e.m.c.i.embedder.EclipseLogger - Using 'UTF-8' encoding to copy filtered resources.
2024-10-15 13:51:08,056 [Worker-550: Launching TextbookUnitTest] INFO  o.e.m.c.i.embedder.EclipseLogger - skip non existing resourceDirectory /Users/happinessndubisi/Documents/obsidi/workspace-academy-java/academy-java/src/test/resources
2024-10-16 09:30:35,842 [Worker-636: Launching DepartmentSystem] INFO  o.e.m.c.i.embedder.EclipseLogger - Using 'UTF-8' encoding to copy filtered resources.
2024-10-16 09:30:35,857 [Worker-636: Launching DepartmentSystem] INFO  o.e.m.c.i.embedder.EclipseLogger - skip non existing resourceDirectory /Users/happinessndubisi/Documents/obsidi/workspace-academy-java/academy-java/src/main/resources
2024-10-16 09:30:35,870 [Worker-636: Launching DepartmentSystem] INFO  o.e.m.c.i.embedder.EclipseLogger - Using 'UTF-8' encoding to copy filtered resources.
2024-10-16 09:30:35,870 [Worker-636: Launching DepartmentSystem] INFO  o.e.m.c.i.embedder.EclipseLogger - skip non existing resourceDirectory /Users/happinessndubisi/Documents/obsidi/workspace-academy-java/academy-java/src/test/resources
2024-10-16 09:31:00,287 [Worker-637: Launching DepartmentSystem] INFO  o.e.m.c.i.embedder.EclipseLogger - Using 'UTF-8' encoding to copy filtered resources.
2024-10-16 09:31:00,299 [Worker-637: Launching DepartmentSystem] INFO  o.e.m.c.i.embedder.EclipseLogger - skip non existing resourceDirectory /Users/happinessndubisi/Documents/obsidi/workspace-academy-java/academy-java/src/main/resources
2024-10-16 09:31:00,313 [Worker-637: Launching DepartmentSystem] INFO  o.e.m.c.i.embedder.EclipseLogger - Using 'UTF-8' encoding to copy filtered resources.
2024-10-16 09:31:00,314 [Worker-637: Launching DepartmentSystem] INFO  o.e.m.c.i.embedder.EclipseLogger - skip non existing resourceDirectory /Users/happinessndubisi/Documents/obsidi/workspace-academy-java/academy-java/src/test/resources
2024-10-16 09:32:09,491 [Worker-641: Launching DepartmentSystem] INFO  o.e.m.c.i.embedder.EclipseLogger - Using 'UTF-8' encoding to copy filtered resources.
2024-10-16 09:32:09,494 [Worker-641: Launching DepartmentSystem] INFO  o.e.m.c.i.embedder.EclipseLogger - skip non existing resourceDirectory /Users/happinessndubisi/Documents/obsidi/workspace-academy-java/academy-java/src/main/resources
2024-10-16 09:32:09,497 [Worker-641: Launching DepartmentSystem] INFO  o.e.m.c.i.embedder.EclipseLogger - Using 'UTF-8' encoding to copy filtered resources.
2024-10-16 09:32:09,497 [Worker-641: Launching DepartmentSystem] INFO  o.e.m.c.i.embedder.EclipseLogger - skip non existing resourceDirectory /Users/happinessndubisi/Documents/obsidi/workspace-academy-java/academy-java/src/test/resources
2024-10-16 09:34:02,425 [Worker-642: Launching DepartmentSystem] INFO  o.e.m.c.i.embedder.EclipseLogger - Using 'UTF-8' encoding to copy filtered resources.
2024-10-16 09:34:02,438 [Worker-642: Launching DepartmentSystem] INFO  o.e.m.c.i.embedder.EclipseLogger - skip non existing resourceDirectory /Users/happinessndubisi/Documents/obsidi/workspace-academy-java/academy-java/src/main/resources
2024-10-16 09:34:02,450 [Worker-642: Launching DepartmentSystem] INFO  o.e.m.c.i.embedder.EclipseLogger - Using 'UTF-8' encoding to copy filtered resources.
2024-10-16 09:34:02,451 [Worker-642: Launching DepartmentSystem] INFO  o.e.m.c.i.embedder.EclipseLogger - skip non existing resourceDirectory /Users/happinessndubisi/Documents/obsidi/workspace-academy-java/academy-java/src/test/resources
2024-10-16 09:35:54,640 [Worker-646: Launching DepartmentSystem] INFO  o.e.m.c.i.embedder.EclipseLogger - Using 'UTF-8' encoding to copy filtered resources.
2024-10-16 09:35:54,648 [Worker-646: Launching DepartmentSystem] INFO  o.e.m.c.i.embedder.EclipseLogger - skip non existing resourceDirectory /Users/happinessndubisi/Documents/obsidi/workspace-academy-java/academy-java/src/main/resources
2024-10-16 09:35:54,652 [Worker-646: Launching DepartmentSystem] INFO  o.e.m.c.i.embedder.EclipseLogger - Using 'UTF-8' encoding to copy filtered resources.
2024-10-16 09:35:54,652 [Worker-646: Launching DepartmentSystem] INFO  o.e.m.c.i.embedder.EclipseLogger - skip non existing resourceDirectory /Users/happinessndubisi/Documents/obsidi/workspace-academy-java/academy-java/src/test/resources
2024-10-16 09:40:07,587 [Worker-650: Launching DepartmentSystem] INFO  o.e.m.c.i.embedder.EclipseLogger - Using 'UTF-8' encoding to copy filtered resources.
2024-10-16 09:40:07,603 [Worker-650: Launching DepartmentSystem] INFO  o.e.m.c.i.embedder.EclipseLogger - skip non existing resourceDirectory /Users/happinessndubisi/Documents/obsidi/workspace-academy-java/academy-java/src/main/resources
2024-10-16 09:40:07,626 [Worker-650: Launching DepartmentSystem] INFO  o.e.m.c.i.embedder.EclipseLogger - Using 'UTF-8' encoding to copy filtered resources.
2024-10-16 09:40:07,626 [Worker-650: Launching DepartmentSystem] INFO  o.e.m.c.i.embedder.EclipseLogger - skip non existing resourceDirectory /Users/happinessndubisi/Documents/obsidi/workspace-academy-java/academy-java/src/test/resources
2024-10-16 09:46:25,551 [Worker-652: Launching DepartmentSystem] INFO  o.e.m.c.i.embedder.EclipseLogger - Using 'UTF-8' encoding to copy filtered resources.
2024-10-16 09:46:25,570 [Worker-652: Launching DepartmentSystem] INFO  o.e.m.c.i.embedder.EclipseLogger - skip non existing resourceDirectory /Users/happinessndubisi/Documents/obsidi/workspace-academy-java/academy-java/src/main/resources
2024-10-16 09:46:25,597 [Worker-652: Launching DepartmentSystem] INFO  o.e.m.c.i.embedder.EclipseLogger - Using 'UTF-8' encoding to copy filtered resources.
2024-10-16 09:46:25,598 [Worker-652: Launching DepartmentSystem] INFO  o.e.m.c.i.embedder.EclipseLogger - skip non existing resourceDirectory /Users/happinessndubisi/Documents/obsidi/workspace-academy-java/academy-java/src/test/resources
2024-10-16 09:52:22,504 [Worker-649: Launching DepartmentSystem] INFO  o.e.m.c.i.embedder.EclipseLogger - Using 'UTF-8' encoding to copy filtered resources.
2024-10-16 09:52:22,508 [Worker-649: Launching DepartmentSystem] INFO  o.e.m.c.i.embedder.EclipseLogger - skip non existing resourceDirectory /Users/happinessndubisi/Documents/obsidi/workspace-academy-java/academy-java/src/main/resources
2024-10-16 09:52:22,511 [Worker-649: Launching DepartmentSystem] INFO  o.e.m.c.i.embedder.EclipseLogger - Using 'UTF-8' encoding to copy filtered resources.
2024-10-16 09:52:22,511 [Worker-649: Launching DepartmentSystem] INFO  o.e.m.c.i.embedder.EclipseLogger - skip non existing resourceDirectory /Users/happinessndubisi/Documents/obsidi/workspace-academy-java/academy-java/src/test/resources
2024-10-16 09:55:03,298 [Worker-665: Launching DepartmentSystem] INFO  o.e.m.c.i.embedder.EclipseLogger - Using 'UTF-8' encoding to copy filtered resources.
2024-10-16 09:55:03,299 [Worker-665: Launching DepartmentSystem] INFO  o.e.m.c.i.embedder.EclipseLogger - skip non existing resourceDirectory /Users/happinessndubisi/Documents/obsidi/workspace-academy-java/academy-java/src/main/resources
2024-10-16 09:55:03,302 [Worker-665: Launching DepartmentSystem] INFO  o.e.m.c.i.embedder.EclipseLogger - Using 'UTF-8' encoding to copy filtered resources.
2024-10-16 09:55:03,306 [Worker-665: Launching DepartmentSystem] INFO  o.e.m.c.i.embedder.EclipseLogger - skip non existing resourceDirectory /Users/happinessndubisi/Documents/obsidi/workspace-academy-java/academy-java/src/test/resources
2024-10-16 13:09:58,493 [Worker-696: Building] INFO  o.e.m.c.i.embedder.EclipseLogger - Using 'UTF-8' encoding to copy filtered resources.
2024-10-16 13:09:58,516 [Worker-696: Building] INFO  o.e.m.c.i.embedder.EclipseLogger - skip non existing resourceDirectory /Users/happinessndubisi/Documents/obsidi/workspace-academy-java/academy-java/src/main/resources
2024-10-16 13:09:58,533 [Worker-696: Building] INFO  o.e.m.c.i.embedder.EclipseLogger - Using 'UTF-8' encoding to copy filtered resources.
2024-10-16 13:09:58,533 [Worker-696: Building] INFO  o.e.m.c.i.embedder.EclipseLogger - skip non existing resourceDirectory /Users/happinessndubisi/Documents/obsidi/workspace-academy-java/academy-java/src/test/resources
2024-10-16 13:43:42,066 [Worker-705: Building] INFO  o.e.m.c.i.embedder.EclipseLogger - Using 'UTF-8' encoding to copy filtered resources.
2024-10-16 13:43:42,086 [Worker-705: Building] INFO  o.e.m.c.i.embedder.EclipseLogger - skip non existing resourceDirectory /Users/happinessndubisi/Documents/obsidi/workspace-academy-java/academy-java/src/main/resources
2024-10-16 13:43:42,117 [Worker-705: Building] INFO  o.e.m.c.i.embedder.EclipseLogger - Using 'UTF-8' encoding to copy filtered resources.
2024-10-16 13:43:42,117 [Worker-705: Building] INFO  o.e.m.c.i.embedder.EclipseLogger - skip non existing resourceDirectory /Users/happinessndubisi/Documents/obsidi/workspace-academy-java/academy-java/src/test/resources
2024-10-17 06:59:48,363 [Worker-762: Building] INFO  o.e.m.c.i.embedder.EclipseLogger - Using 'UTF-8' encoding to copy filtered resources.
2024-10-17 06:59:48,406 [Worker-762: Building] INFO  o.e.m.c.i.embedder.EclipseLogger - skip non existing resourceDirectory /Users/happinessndubisi/Documents/obsidi/workspace-academy-java/academy-java/src/main/resources
2024-10-17 06:59:48,890 [Worker-762: Building] INFO  o.e.m.c.i.embedder.EclipseLogger - Using 'UTF-8' encoding to copy filtered resources.
2024-10-17 06:59:48,892 [Worker-762: Building] INFO  o.e.m.c.i.embedder.EclipseLogger - skip non existing resourceDirectory /Users/happinessndubisi/Documents/obsidi/workspace-academy-java/academy-java/src/test/resources
2024-10-17 07:00:44,650 [Worker-8: Loading available Gradle versions] INFO  o.e.b.c.i.u.g.PublishedGradleVersions - Gradle version information cache is out-of-date. Trying to update.
2024-10-17 07:08:52,029 [Worker-24: Enabling Maven Dependency Management] INFO  o.e.m.c.i.e.AbstractTransferListenerAdapter - Downloading https://repo.maven.apache.org/maven2/org/apache/maven/plugins/maven-surefire-plugin/3.2.5/maven-surefire-plugin-3.2.5.jar
2024-10-17 07:08:52,262 [Worker-24: Enabling Maven Dependency Management] INFO  o.e.m.c.i.e.AbstractTransferListenerAdapter - Downloaded https://repo.maven.apache.org/maven2/org/apache/maven/plugins/maven-surefire-plugin/3.2.5/maven-surefire-plugin-3.2.5.jar
2024-10-17 07:08:52,375 [Worker-24: Enabling Maven Dependency Management] INFO  o.e.m.c.i.e.AbstractTransferListenerAdapter - Downloading https://repo.maven.apache.org/maven2/org/apache/maven/plugins/maven-jar-plugin/3.4.1/maven-jar-plugin-3.4.1.jar
2024-10-17 07:08:52,403 [Worker-24: Enabling Maven Dependency Management] INFO  o.e.m.c.i.e.AbstractTransferListenerAdapter - Downloaded https://repo.maven.apache.org/maven2/org/apache/maven/plugins/maven-jar-plugin/3.4.1/maven-jar-plugin-3.4.1.jar
2024-10-17 07:08:53,359 [Worker-24: Enabling Maven Dependency Management] INFO  o.e.m.c.i.l.LifecycleMappingFactory - Using org.eclipse.m2e.jdt.JarLifecycleMapping lifecycle mapping for MavenProject: personal_project:personal_project:0.0.1-SNAPSHOT @ /Users/happinessndubisi/Documents/obsidi/project-work-space/personal_project/pom.xml.
2024-10-17 07:08:53,472 [Worker-24: Enabling Maven Dependency Management] INFO  o.e.m.c.i.e.AbstractTransferListenerAdapter - Downloading https://repo.maven.apache.org/maven2/org/apache/maven/plugins/maven-surefire-plugin/3.2.5/maven-surefire-plugin-3.2.5.pom
2024-10-17 07:08:53,477 [Worker-24: Enabling Maven Dependency Management] INFO  o.e.m.c.i.e.AbstractTransferListenerAdapter - Downloaded https://repo.maven.apache.org/maven2/org/apache/maven/plugins/maven-surefire-plugin/3.2.5/maven-surefire-plugin-3.2.5.pom
2024-10-17 07:08:53,508 [Worker-24: Enabling Maven Dependency Management] INFO  o.e.m.c.i.e.AbstractTransferListenerAdapter - Downloading https://repo.maven.apache.org/maven2/org/apache/maven/surefire/surefire/3.2.5/surefire-3.2.5.pom
2024-10-17 07:08:53,516 [Worker-24: Enabling Maven Dependency Management] INFO  o.e.m.c.i.e.AbstractTransferListenerAdapter - Downloaded https://repo.maven.apache.org/maven2/org/apache/maven/surefire/surefire/3.2.5/surefire-3.2.5.pom
2024-10-17 07:08:53,569 [Worker-24: Enabling Maven Dependency Management] INFO  o.e.m.c.i.e.AbstractTransferListenerAdapter - Downloading https://repo.maven.apache.org/maven2/org/apache/maven/plugins/maven-jar-plugin/3.4.1/maven-jar-plugin-3.4.1.pom
2024-10-17 07:08:53,572 [Worker-24: Enabling Maven Dependency Management] INFO  o.e.m.c.i.e.AbstractTransferListenerAdapter - Downloaded https://repo.maven.apache.org/maven2/org/apache/maven/plugins/maven-jar-plugin/3.4.1/maven-jar-plugin-3.4.1.pom
2024-10-17 07:08:54,698 [Worker-24: Enabling Maven Dependency Management] INFO  o.e.m.j.i.AbstractJavaProjectConfigurator - Adding source folder /personal_project/src/main/java
2024-10-17 07:08:54,701 [Worker-24: Enabling Maven Dependency Management] INFO  o.e.m.j.i.AbstractJavaProjectConfigurator - Adding resource folder /personal_project/src/main/resources
2024-10-17 07:08:54,703 [Worker-24: Enabling Maven Dependency Management] INFO  o.e.m.j.i.AbstractJavaProjectConfigurator - Adding source folder /personal_project/src/test/java
2024-10-17 07:08:54,705 [Worker-24: Enabling Maven Dependency Management] INFO  o.e.m.j.i.AbstractJavaProjectConfigurator - Adding resource folder /personal_project/src/test/resources
2024-10-17 07:08:55,247 [Worker-24: Enabling Maven Dependency Management] INFO  o.e.m.c.i.p.ProjectConfigurationManager - Update started
2024-10-17 07:08:55,481 [Worker-24: Enabling Maven Dependency Management] INFO  o.e.m.c.i.l.LifecycleMappingFactory - Using org.eclipse.m2e.jdt.JarLifecycleMapping lifecycle mapping for MavenProject: personal_project:personal_project:0.0.1-SNAPSHOT @ /Users/happinessndubisi/Documents/obsidi/project-work-space/personal_project/pom.xml.
2024-10-17 07:08:55,630 [Worker-24: Enabling Maven Dependency Management] INFO  o.e.m.j.i.AbstractJavaProjectConfigurator - Adding source folder /personal_project/src/main/java
2024-10-17 07:08:55,633 [Worker-24: Enabling Maven Dependency Management] INFO  o.e.m.j.i.AbstractJavaProjectConfigurator - Adding resource folder /personal_project/src/main/resources
2024-10-17 07:08:55,633 [Worker-24: Enabling Maven Dependency Management] INFO  o.e.m.j.i.AbstractJavaProjectConfigurator - Adding source folder /personal_project/src/test/java
2024-10-17 07:08:55,633 [Worker-24: Enabling Maven Dependency Management] INFO  o.e.m.j.i.AbstractJavaProjectConfigurator - Adding resource folder /personal_project/src/test/resources
2024-10-17 07:08:55,710 [Worker-24: Enabling Maven Dependency Management] INFO  o.e.m.c.i.p.ProjectConfigurationManager - Update completed for 1 poms: local refresh takes 0.00 sec, refresh facades takes 0.00 sec, update config takes 0.00 sec 
2024-10-17 07:08:55,836 [Worker-29: Building] WARN  o.a.m.s.f.DefaultMavenResourcesFiltering - Using platform encoding (UTF-8 actually) to copy filtered resources, i.e. build is platform dependent!
2024-10-17 07:08:55,838 [Worker-29: Building] INFO  o.a.m.s.f.DefaultMavenResourcesFiltering - skip non existing resourceDirectory /Users/happinessndubisi/Documents/obsidi/project-work-space/personal_project/src/main/resources
2024-10-17 07:08:55,842 [Worker-29: Building] WARN  o.a.m.s.f.DefaultMavenResourcesFiltering - Using platform encoding (UTF-8 actually) to copy filtered resources, i.e. build is platform dependent!
2024-10-17 07:08:55,843 [Worker-29: Building] INFO  o.a.m.s.f.DefaultMavenResourcesFiltering - skip non existing resourceDirectory /Users/happinessndubisi/Documents/obsidi/project-work-space/personal_project/src/test/resources
2024-10-17 07:30:22,733 [Worker-38: Building] WARN  o.a.m.s.f.DefaultMavenResourcesFiltering - Using platform encoding (UTF-8 actually) to copy filtered resources, i.e. build is platform dependent!
2024-10-17 07:30:22,757 [Worker-38: Building] INFO  o.a.m.s.f.DefaultMavenResourcesFiltering - Copying 0 resource from src/main/resources to target/classes
2024-10-17 07:30:22,770 [Worker-38: Building] WARN  o.a.m.s.f.DefaultMavenResourcesFiltering - Using platform encoding (UTF-8 actually) to copy filtered resources, i.e. build is platform dependent!
2024-10-17 07:30:22,773 [Worker-38: Building] INFO  o.a.m.s.f.DefaultMavenResourcesFiltering - Copying 0 resource from src/test/resources to target/test-classes
2024-10-17 07:35:28,844 [Worker-4: Loading available Gradle versions] INFO  o.e.b.c.i.u.g.PublishedGradleVersions - Gradle version information cache is up-to-date. Trying to read.
2024-10-17 07:40:18,863 [Worker-45: Building] INFO  o.e.m.c.i.l.LifecycleMappingFactory - Using org.eclipse.m2e.jdt.JarLifecycleMapping lifecycle mapping for MavenProject: personal_project:personal_project:0.0.1-SNAPSHOT @ /Users/happinessndubisi/Documents/obsidi/project-work-space/personal_project/pom.xml.
2024-10-17 07:40:21,646 [Worker-45: Building] WARN  o.a.m.s.f.DefaultMavenResourcesFiltering - Using platform encoding (UTF-8 actually) to copy filtered resources, i.e. build is platform dependent!
2024-10-17 07:40:21,655 [Worker-45: Building] INFO  o.a.m.s.f.DefaultMavenResourcesFiltering - Copying 0 resource from src/main/resources to target/classes
2024-10-17 07:40:21,677 [Worker-45: Building] WARN  o.a.m.s.f.DefaultMavenResourcesFiltering - Using platform encoding (UTF-8 actually) to copy filtered resources, i.e. build is platform dependent!
2024-10-17 07:40:21,679 [Worker-45: Building] INFO  o.a.m.s.f.DefaultMavenResourcesFiltering - Copying 0 resource from src/test/resources to target/test-classes
2024-10-17 07:40:40,967 [Worker-46: Building] WARN  o.a.m.s.f.DefaultMavenResourcesFiltering - Using platform encoding (UTF-8 actually) to copy filtered resources, i.e. build is platform dependent!
2024-10-17 07:40:40,978 [Worker-46: Building] INFO  o.a.m.s.f.DefaultMavenResourcesFiltering - Copying 0 resource from src/main/resources to target/classes
2024-10-17 07:40:40,983 [Worker-46: Building] WARN  o.a.m.s.f.DefaultMavenResourcesFiltering - Using platform encoding (UTF-8 actually) to copy filtered resources, i.e. build is platform dependent!
2024-10-17 07:40:40,985 [Worker-46: Building] INFO  o.a.m.s.f.DefaultMavenResourcesFiltering - Copying 0 resource from src/test/resources to target/test-classes
2024-10-17 07:41:07,624 [Worker-47: Building] WARN  o.a.m.s.f.DefaultMavenResourcesFiltering - Using platform encoding (UTF-8 actually) to copy filtered resources, i.e. build is platform dependent!
2024-10-17 07:41:07,629 [Worker-47: Building] INFO  o.a.m.s.f.DefaultMavenResourcesFiltering - Copying 0 resource from src/main/resources to target/classes
2024-10-17 07:41:07,636 [Worker-47: Building] WARN  o.a.m.s.f.DefaultMavenResourcesFiltering - Using platform encoding (UTF-8 actually) to copy filtered resources, i.e. build is platform dependent!
2024-10-17 07:41:07,637 [Worker-47: Building] INFO  o.a.m.s.f.DefaultMavenResourcesFiltering - Copying 0 resource from src/test/resources to target/test-classes
2024-10-17 07:53:31,708 [Worker-44: Building] WARN  o.a.m.s.f.DefaultMavenResourcesFiltering - Using platform encoding (UTF-8 actually) to copy filtered resources, i.e. build is platform dependent!
2024-10-17 07:53:31,720 [Worker-44: Building] INFO  o.a.m.s.f.DefaultMavenResourcesFiltering - Copying 0 resource from src/main/resources to target/classes
2024-10-17 07:53:31,726 [Worker-44: Building] WARN  o.a.m.s.f.DefaultMavenResourcesFiltering - Using platform encoding (UTF-8 actually) to copy filtered resources, i.e. build is platform dependent!
2024-10-17 07:53:31,728 [Worker-44: Building] INFO  o.a.m.s.f.DefaultMavenResourcesFiltering - Copying 0 resource from src/test/resources to target/test-classes
2024-10-17 07:59:26,086 [Worker-51: Building] WARN  o.a.m.s.f.DefaultMavenResourcesFiltering - Using platform encoding (UTF-8 actually) to copy filtered resources, i.e. build is platform dependent!
2024-10-17 07:59:26,100 [Worker-51: Building] INFO  o.a.m.s.f.DefaultMavenResourcesFiltering - Copying 0 resource from src/main/resources to target/classes
2024-10-17 07:59:26,136 [Worker-51: Building] WARN  o.a.m.s.f.DefaultMavenResourcesFiltering - Using platform encoding (UTF-8 actually) to copy filtered resources, i.e. build is platform dependent!
2024-10-17 07:59:26,137 [Worker-51: Building] INFO  o.a.m.s.f.DefaultMavenResourcesFiltering - Copying 0 resource from src/test/resources to target/test-classes
2024-10-17 08:00:03,659 [Worker-52: Building] WARN  o.a.m.s.f.DefaultMavenResourcesFiltering - Using platform encoding (UTF-8 actually) to copy filtered resources, i.e. build is platform dependent!
2024-10-17 08:00:03,686 [Worker-52: Building] INFO  o.a.m.s.f.DefaultMavenResourcesFiltering - Copying 0 resource from src/main/resources to target/classes
2024-10-17 08:00:03,707 [Worker-52: Building] WARN  o.a.m.s.f.DefaultMavenResourcesFiltering - Using platform encoding (UTF-8 actually) to copy filtered resources, i.e. build is platform dependent!
2024-10-17 08:00:03,721 [Worker-52: Building] INFO  o.a.m.s.f.DefaultMavenResourcesFiltering - Copying 0 resource from src/test/resources to target/test-classes
2024-10-17 12:15:44,824 [ModalContext] INFO  o.e.m.c.i.e.AbstractTransferListenerAdapter - Downloading https://repo.maven.apache.org/maven2/com/github/ywchang/maven-archetype-quickstart/1.1/maven-archetype-quickstart-1.1.pom
2024-10-17 12:15:44,871 [ModalContext] INFO  o.e.m.c.i.e.AbstractTransferListenerAdapter - Downloaded https://repo.maven.apache.org/maven2/com/github/ywchang/maven-archetype-quickstart/1.1/maven-archetype-quickstart-1.1.pom
2024-10-17 12:15:45,011 [ModalContext] INFO  o.e.m.c.i.e.AbstractTransferListenerAdapter - Downloading https://repo.maven.apache.org/maven2/com/github/ywchang/maven-archetype-quickstart/1.1/maven-archetype-quickstart-1.1.jar
2024-10-17 12:15:45,015 [ModalContext] INFO  o.e.m.c.i.e.AbstractTransferListenerAdapter - Downloaded https://repo.maven.apache.org/maven2/com/github/ywchang/maven-archetype-quickstart/1.1/maven-archetype-quickstart-1.1.jar
2024-10-17 12:18:10,085 [Worker-98: Launching mavenrun-161ec3b3-6b5a-4f63-b5ca-adb3704673dd] INFO  o.eclipse.m2e.core.internal.Bundles - getClasspathEntries(Bundle=org.eclipse.m2e.maven.runtime_3.9.900.20240824-1409 [641])
2024-10-17 12:18:10,093 [Worker-98: Launching mavenrun-161ec3b3-6b5a-4f63-b5ca-adb3704673dd] INFO  o.eclipse.m2e.core.internal.Bundles - 	Entry: /Applications/Eclipse.app/Contents/Eclipse/plugins/org.eclipse.m2e.maven.runtime_3.9.900.20240824-1409
2024-10-17 12:18:10,095 [Worker-98: Launching mavenrun-161ec3b3-6b5a-4f63-b5ca-adb3704673dd] INFO  o.eclipse.m2e.core.internal.Bundles - 	Entry: /Applications/Eclipse.app/Contents/Eclipse/plugins/org.eclipse.m2e.maven.runtime_3.9.900.20240824-1409/jars/aopalliance-1.0.jar
2024-10-17 12:18:10,096 [Worker-98: Launching mavenrun-161ec3b3-6b5a-4f63-b5ca-adb3704673dd] INFO  o.eclipse.m2e.core.internal.Bundles - 	Entry: /Applications/Eclipse.app/Contents/Eclipse/plugins/org.eclipse.m2e.maven.runtime_3.9.900.20240824-1409/jars/guice-5.1.0.jar
2024-10-17 12:18:10,096 [Worker-98: Launching mavenrun-161ec3b3-6b5a-4f63-b5ca-adb3704673dd] INFO  o.eclipse.m2e.core.internal.Bundles - 	Entry: /Applications/Eclipse.app/Contents/Eclipse/plugins/org.eclipse.m2e.maven.runtime_3.9.900.20240824-1409/jars/httpclient-4.5.14.jar
2024-10-17 12:18:10,096 [Worker-98: Launching mavenrun-161ec3b3-6b5a-4f63-b5ca-adb3704673dd] INFO  o.eclipse.m2e.core.internal.Bundles - 	Entry: /Applications/Eclipse.app/Contents/Eclipse/plugins/org.eclipse.m2e.maven.runtime_3.9.900.20240824-1409/jars/httpcore-4.4.16.jar
2024-10-17 12:18:10,096 [Worker-98: Launching mavenrun-161ec3b3-6b5a-4f63-b5ca-adb3704673dd] INFO  o.eclipse.m2e.core.internal.Bundles - 	Entry: /Applications/Eclipse.app/Contents/Eclipse/plugins/org.eclipse.m2e.maven.runtime_3.9.900.20240824-1409/jars/jansi-2.4.1.jar
2024-10-17 12:18:10,096 [Worker-98: Launching mavenrun-161ec3b3-6b5a-4f63-b5ca-adb3704673dd] INFO  o.eclipse.m2e.core.internal.Bundles - 	Entry: /Applications/Eclipse.app/Contents/Eclipse/plugins/org.eclipse.m2e.maven.runtime_3.9.900.20240824-1409/jars/jcl-over-slf4j-1.7.36.jar
2024-10-17 12:18:10,096 [Worker-98: Launching mavenrun-161ec3b3-6b5a-4f63-b5ca-adb3704673dd] INFO  o.eclipse.m2e.core.internal.Bundles - 	Entry: /Applications/Eclipse.app/Contents/Eclipse/plugins/org.eclipse.m2e.maven.runtime_3.9.900.20240824-1409/jars/maven-artifact-3.9.9.jar
2024-10-17 12:18:10,097 [Worker-98: Launching mavenrun-161ec3b3-6b5a-4f63-b5ca-adb3704673dd] INFO  o.eclipse.m2e.core.internal.Bundles - 	Entry: /Applications/Eclipse.app/Contents/Eclipse/plugins/org.eclipse.m2e.maven.runtime_3.9.900.20240824-1409/jars/maven-builder-support-3.9.9.jar
2024-10-17 12:18:10,097 [Worker-98: Launching mavenrun-161ec3b3-6b5a-4f63-b5ca-adb3704673dd] INFO  o.eclipse.m2e.core.internal.Bundles - 	Entry: /Applications/Eclipse.app/Contents/Eclipse/plugins/org.eclipse.m2e.maven.runtime_3.9.900.20240824-1409/jars/maven-compat-3.9.9.jar
2024-10-17 12:18:10,097 [Worker-98: Launching mavenrun-161ec3b3-6b5a-4f63-b5ca-adb3704673dd] INFO  o.eclipse.m2e.core.internal.Bundles - 	Entry: /Applications/Eclipse.app/Contents/Eclipse/plugins/org.eclipse.m2e.maven.runtime_3.9.900.20240824-1409/jars/maven-core-3.9.9.jar
2024-10-17 12:18:10,097 [Worker-98: Launching mavenrun-161ec3b3-6b5a-4f63-b5ca-adb3704673dd] INFO  o.eclipse.m2e.core.internal.Bundles - 	Entry: /Applications/Eclipse.app/Contents/Eclipse/plugins/org.eclipse.m2e.maven.runtime_3.9.900.20240824-1409/jars/maven-embedder-3.9.9.jar
2024-10-17 12:18:10,097 [Worker-98: Launching mavenrun-161ec3b3-6b5a-4f63-b5ca-adb3704673dd] INFO  o.eclipse.m2e.core.internal.Bundles - 	Entry: /Applications/Eclipse.app/Contents/Eclipse/plugins/org.eclipse.m2e.maven.runtime_3.9.900.20240824-1409/jars/maven-model-3.9.9.jar
2024-10-17 12:18:10,097 [Worker-98: Launching mavenrun-161ec3b3-6b5a-4f63-b5ca-adb3704673dd] INFO  o.eclipse.m2e.core.internal.Bundles - 	Entry: /Applications/Eclipse.app/Contents/Eclipse/plugins/org.eclipse.m2e.maven.runtime_3.9.900.20240824-1409/jars/maven-model-builder-3.9.9.jar
2024-10-17 12:18:10,097 [Worker-98: Launching mavenrun-161ec3b3-6b5a-4f63-b5ca-adb3704673dd] INFO  o.eclipse.m2e.core.internal.Bundles - 	Entry: /Applications/Eclipse.app/Contents/Eclipse/plugins/org.eclipse.m2e.maven.runtime_3.9.900.20240824-1409/jars/maven-plugin-api-3.9.9.jar
2024-10-17 12:18:10,097 [Worker-98: Launching mavenrun-161ec3b3-6b5a-4f63-b5ca-adb3704673dd] INFO  o.eclipse.m2e.core.internal.Bundles - 	Entry: /Applications/Eclipse.app/Contents/Eclipse/plugins/org.eclipse.m2e.maven.runtime_3.9.900.20240824-1409/jars/maven-repository-metadata-3.9.9.jar
2024-10-17 12:18:10,097 [Worker-98: Launching mavenrun-161ec3b3-6b5a-4f63-b5ca-adb3704673dd] INFO  o.eclipse.m2e.core.internal.Bundles - 	Entry: /Applications/Eclipse.app/Contents/Eclipse/plugins/org.eclipse.m2e.maven.runtime_3.9.900.20240824-1409/jars/maven-resolver-api-1.9.22.jar
2024-10-17 12:18:10,097 [Worker-98: Launching mavenrun-161ec3b3-6b5a-4f63-b5ca-adb3704673dd] INFO  o.eclipse.m2e.core.internal.Bundles - 	Entry: /Applications/Eclipse.app/Contents/Eclipse/plugins/org.eclipse.m2e.maven.runtime_3.9.900.20240824-1409/jars/maven-resolver-connector-basic-1.9.22.jar
2024-10-17 12:18:10,099 [Worker-98: Launching mavenrun-161ec3b3-6b5a-4f63-b5ca-adb3704673dd] INFO  o.eclipse.m2e.core.internal.Bundles - 	Entry: /Applications/Eclipse.app/Contents/Eclipse/plugins/org.eclipse.m2e.maven.runtime_3.9.900.20240824-1409/jars/maven-resolver-impl-1.9.22.jar
2024-10-17 12:18:10,099 [Worker-98: Launching mavenrun-161ec3b3-6b5a-4f63-b5ca-adb3704673dd] INFO  o.eclipse.m2e.core.internal.Bundles - 	Entry: /Applications/Eclipse.app/Contents/Eclipse/plugins/org.eclipse.m2e.maven.runtime_3.9.900.20240824-1409/jars/maven-resolver-named-locks-1.9.22.jar
2024-10-17 12:18:10,099 [Worker-98: Launching mavenrun-161ec3b3-6b5a-4f63-b5ca-adb3704673dd] INFO  o.eclipse.m2e.core.internal.Bundles - 	Entry: /Applications/Eclipse.app/Contents/Eclipse/plugins/org.eclipse.m2e.maven.runtime_3.9.900.20240824-1409/jars/maven-resolver-provider-3.9.9.jar
2024-10-17 12:18:10,099 [Worker-98: Launching mavenrun-161ec3b3-6b5a-4f63-b5ca-adb3704673dd] INFO  o.eclipse.m2e.core.internal.Bundles - 	Entry: /Applications/Eclipse.app/Contents/Eclipse/plugins/org.eclipse.m2e.maven.runtime_3.9.900.20240824-1409/jars/maven-resolver-spi-1.9.22.jar
2024-10-17 12:18:10,099 [Worker-98: Launching mavenrun-161ec3b3-6b5a-4f63-b5ca-adb3704673dd] INFO  o.eclipse.m2e.core.internal.Bundles - 	Entry: /Applications/Eclipse.app/Contents/Eclipse/plugins/org.eclipse.m2e.maven.runtime_3.9.900.20240824-1409/jars/maven-resolver-transport-file-1.9.22.jar
2024-10-17 12:18:10,099 [Worker-98: Launching mavenrun-161ec3b3-6b5a-4f63-b5ca-adb3704673dd] INFO  o.eclipse.m2e.core.internal.Bundles - 	Entry: /Applications/Eclipse.app/Contents/Eclipse/plugins/org.eclipse.m2e.maven.runtime_3.9.900.20240824-1409/jars/maven-resolver-transport-http-1.9.22.jar
2024-10-17 12:18:10,099 [Worker-98: Launching mavenrun-161ec3b3-6b5a-4f63-b5ca-adb3704673dd] INFO  o.eclipse.m2e.core.internal.Bundles - 	Entry: /Applications/Eclipse.app/Contents/Eclipse/plugins/org.eclipse.m2e.maven.runtime_3.9.900.20240824-1409/jars/maven-resolver-transport-wagon-1.9.22.jar
2024-10-17 12:18:10,099 [Worker-98: Launching mavenrun-161ec3b3-6b5a-4f63-b5ca-adb3704673dd] INFO  o.eclipse.m2e.core.internal.Bundles - 	Entry: /Applications/Eclipse.app/Contents/Eclipse/plugins/org.eclipse.m2e.maven.runtime_3.9.900.20240824-1409/jars/maven-resolver-util-1.9.22.jar
2024-10-17 12:18:10,099 [Worker-98: Launching mavenrun-161ec3b3-6b5a-4f63-b5ca-adb3704673dd] INFO  o.eclipse.m2e.core.internal.Bundles - 	Entry: /Applications/Eclipse.app/Contents/Eclipse/plugins/org.eclipse.m2e.maven.runtime_3.9.900.20240824-1409/jars/maven-settings-3.9.9.jar
2024-10-17 12:18:10,099 [Worker-98: Launching mavenrun-161ec3b3-6b5a-4f63-b5ca-adb3704673dd] INFO  o.eclipse.m2e.core.internal.Bundles - 	Entry: /Applications/Eclipse.app/Contents/Eclipse/plugins/org.eclipse.m2e.maven.runtime_3.9.900.20240824-1409/jars/maven-settings-builder-3.9.9.jar
2024-10-17 12:18:10,099 [Worker-98: Launching mavenrun-161ec3b3-6b5a-4f63-b5ca-adb3704673dd] INFO  o.eclipse.m2e.core.internal.Bundles - 	Entry: /Applications/Eclipse.app/Contents/Eclipse/plugins/org.eclipse.m2e.maven.runtime_3.9.900.20240824-1409/jars/maven-shared-utils-3.4.2.jar
2024-10-17 12:18:10,099 [Worker-98: Launching mavenrun-161ec3b3-6b5a-4f63-b5ca-adb3704673dd] INFO  o.eclipse.m2e.core.internal.Bundles - 	Entry: /Applications/Eclipse.app/Contents/Eclipse/plugins/org.eclipse.m2e.maven.runtime_3.9.900.20240824-1409/jars/org.eclipse.sisu.inject-0.9.0.M3.jar
2024-10-17 12:18:10,099 [Worker-98: Launching mavenrun-161ec3b3-6b5a-4f63-b5ca-adb3704673dd] INFO  o.eclipse.m2e.core.internal.Bundles - 	Entry: /Applications/Eclipse.app/Contents/Eclipse/plugins/org.eclipse.m2e.maven.runtime_3.9.900.20240824-1409/jars/org.eclipse.sisu.plexus-0.9.0.M3.jar
2024-10-17 12:18:10,100 [Worker-98: Launching mavenrun-161ec3b3-6b5a-4f63-b5ca-adb3704673dd] INFO  o.eclipse.m2e.core.internal.Bundles - 	Entry: /Applications/Eclipse.app/Contents/Eclipse/plugins/org.eclipse.m2e.maven.runtime_3.9.900.20240824-1409/jars/plexus-build-api-0.0.7.jar
2024-10-17 12:18:10,100 [Worker-98: Launching mavenrun-161ec3b3-6b5a-4f63-b5ca-adb3704673dd] INFO  o.eclipse.m2e.core.internal.Bundles - 	Entry: /Applications/Eclipse.app/Contents/Eclipse/plugins/org.eclipse.m2e.maven.runtime_3.9.900.20240824-1409/jars/plexus-build-api-1.2.0.jar
2024-10-17 12:18:10,100 [Worker-98: Launching mavenrun-161ec3b3-6b5a-4f63-b5ca-adb3704673dd] INFO  o.eclipse.m2e.core.internal.Bundles - 	Entry: /Applications/Eclipse.app/Contents/Eclipse/plugins/org.eclipse.m2e.maven.runtime_3.9.900.20240824-1409/jars/plexus-cipher-2.0.jar
2024-10-17 12:18:10,100 [Worker-98: Launching mavenrun-161ec3b3-6b5a-4f63-b5ca-adb3704673dd] INFO  o.eclipse.m2e.core.internal.Bundles - 	Entry: /Applications/Eclipse.app/Contents/Eclipse/plugins/org.eclipse.m2e.maven.runtime_3.9.900.20240824-1409/jars/plexus-classworlds-2.8.0.jar
2024-10-17 12:18:10,100 [Worker-98: Launching mavenrun-161ec3b3-6b5a-4f63-b5ca-adb3704673dd] INFO  o.eclipse.m2e.core.internal.Bundles - 	Entry: /Applications/Eclipse.app/Contents/Eclipse/plugins/org.eclipse.m2e.maven.runtime_3.9.900.20240824-1409/jars/plexus-component-annotations-2.1.0.jar
2024-10-17 12:18:10,100 [Worker-98: Launching mavenrun-161ec3b3-6b5a-4f63-b5ca-adb3704673dd] INFO  o.eclipse.m2e.core.internal.Bundles - 	Entry: /Applications/Eclipse.app/Contents/Eclipse/plugins/org.eclipse.m2e.maven.runtime_3.9.900.20240824-1409/jars/plexus-interpolation-1.27.jar
2024-10-17 12:18:10,101 [Worker-98: Launching mavenrun-161ec3b3-6b5a-4f63-b5ca-adb3704673dd] INFO  o.eclipse.m2e.core.internal.Bundles - 	Entry: /Applications/Eclipse.app/Contents/Eclipse/plugins/org.eclipse.m2e.maven.runtime_3.9.900.20240824-1409/jars/plexus-sec-dispatcher-2.0.jar
2024-10-17 12:18:10,101 [Worker-98: Launching mavenrun-161ec3b3-6b5a-4f63-b5ca-adb3704673dd] INFO  o.eclipse.m2e.core.internal.Bundles - 	Entry: /Applications/Eclipse.app/Contents/Eclipse/plugins/org.eclipse.m2e.maven.runtime_3.9.900.20240824-1409/jars/plexus-utils-3.5.1.jar
2024-10-17 12:18:10,101 [Worker-98: Launching mavenrun-161ec3b3-6b5a-4f63-b5ca-adb3704673dd] INFO  o.eclipse.m2e.core.internal.Bundles - 	Entry: /Applications/Eclipse.app/Contents/Eclipse/plugins/org.eclipse.m2e.maven.runtime_3.9.900.20240824-1409/jars/plexus-xml-3.0.1.jar
2024-10-17 12:18:10,101 [Worker-98: Launching mavenrun-161ec3b3-6b5a-4f63-b5ca-adb3704673dd] INFO  o.eclipse.m2e.core.internal.Bundles - 	Entry: /Applications/Eclipse.app/Contents/Eclipse/plugins/org.eclipse.m2e.maven.runtime_3.9.900.20240824-1409/jars/wagon-file-3.5.3.jar
2024-10-17 12:18:10,101 [Worker-98: Launching mavenrun-161ec3b3-6b5a-4f63-b5ca-adb3704673dd] INFO  o.eclipse.m2e.core.internal.Bundles - 	Entry: /Applications/Eclipse.app/Contents/Eclipse/plugins/org.eclipse.m2e.maven.runtime_3.9.900.20240824-1409/jars/wagon-http-3.5.3.jar
2024-10-17 12:18:10,101 [Worker-98: Launching mavenrun-161ec3b3-6b5a-4f63-b5ca-adb3704673dd] INFO  o.eclipse.m2e.core.internal.Bundles - 	Entry: /Applications/Eclipse.app/Contents/Eclipse/plugins/org.eclipse.m2e.maven.runtime_3.9.900.20240824-1409/jars/wagon-http-shared-3.5.3.jar
2024-10-17 12:18:10,102 [Worker-98: Launching mavenrun-161ec3b3-6b5a-4f63-b5ca-adb3704673dd] INFO  o.eclipse.m2e.core.internal.Bundles - 	Entry: /Applications/Eclipse.app/Contents/Eclipse/plugins/org.eclipse.m2e.maven.runtime_3.9.900.20240824-1409/jars/wagon-provider-api-3.5.3.jar
2024-10-17 12:18:10,104 [Worker-98: Launching mavenrun-161ec3b3-6b5a-4f63-b5ca-adb3704673dd] INFO  o.eclipse.m2e.core.internal.Bundles - getClasspathEntries(Bundle=com.google.guava_33.3.0.jre [16])
2024-10-17 12:18:10,105 [Worker-98: Launching mavenrun-161ec3b3-6b5a-4f63-b5ca-adb3704673dd] INFO  o.eclipse.m2e.core.internal.Bundles - 	Entry: /Applications/Eclipse.app/Contents/Eclipse/plugins/com.google.guava_33.3.0.jre.jar
2024-10-17 12:18:10,106 [Worker-98: Launching mavenrun-161ec3b3-6b5a-4f63-b5ca-adb3704673dd] INFO  o.eclipse.m2e.core.internal.Bundles - getClasspathEntries(Bundle=slf4j.api_2.0.16 [1006])
2024-10-17 12:18:10,106 [Worker-98: Launching mavenrun-161ec3b3-6b5a-4f63-b5ca-adb3704673dd] INFO  o.eclipse.m2e.core.internal.Bundles - 	Entry: /Applications/Eclipse.app/Contents/Eclipse/plugins/slf4j.api_2.0.16.jar
2024-10-17 12:18:10,106 [Worker-98: Launching mavenrun-161ec3b3-6b5a-4f63-b5ca-adb3704673dd] INFO  o.eclipse.m2e.core.internal.Bundles - getClasspathEntries(Bundle=jakarta.inject.jakarta.inject-api_1.0.5 [34])
2024-10-17 12:18:10,106 [Worker-98: Launching mavenrun-161ec3b3-6b5a-4f63-b5ca-adb3704673dd] INFO  o.eclipse.m2e.core.internal.Bundles - 	Entry: /Applications/Eclipse.app/Contents/Eclipse/plugins/jakarta.inject.jakarta.inject-api_1.0.5.jar
2024-10-17 12:18:10,106 [Worker-98: Launching mavenrun-161ec3b3-6b5a-4f63-b5ca-adb3704673dd] INFO  o.eclipse.m2e.core.internal.Bundles - getClasspathEntries(Bundle=jakarta.annotation-api_1.3.5 [29])
2024-10-17 12:18:10,106 [Worker-98: Launching mavenrun-161ec3b3-6b5a-4f63-b5ca-adb3704673dd] INFO  o.eclipse.m2e.core.internal.Bundles - 	Entry: /Applications/Eclipse.app/Contents/Eclipse/plugins/jakarta.annotation-api_1.3.5.jar
2024-10-17 12:18:10,106 [Worker-98: Launching mavenrun-161ec3b3-6b5a-4f63-b5ca-adb3704673dd] INFO  o.eclipse.m2e.core.internal.Bundles - getClasspathEntries(Bundle=org.apache.commons.cli_1.9.0 [78])
2024-10-17 12:18:10,106 [Worker-98: Launching mavenrun-161ec3b3-6b5a-4f63-b5ca-adb3704673dd] INFO  o.eclipse.m2e.core.internal.Bundles - 	Entry: /Applications/Eclipse.app/Contents/Eclipse/plugins/org.apache.commons.cli_1.9.0.jar
2024-10-17 12:18:10,106 [Worker-98: Launching mavenrun-161ec3b3-6b5a-4f63-b5ca-adb3704673dd] INFO  o.eclipse.m2e.core.internal.Bundles - getClasspathEntries(Bundle=org.apache.commons.commons-codec_1.16.0 [81])
2024-10-17 12:18:10,107 [Worker-98: Launching mavenrun-161ec3b3-6b5a-4f63-b5ca-adb3704673dd] INFO  o.eclipse.m2e.core.internal.Bundles - 	Entry: /Applications/Eclipse.app/Contents/Eclipse/plugins/org.apache.commons.commons-codec_1.16.0.jar
2024-10-17 12:18:10,107 [Worker-98: Launching mavenrun-161ec3b3-6b5a-4f63-b5ca-adb3704673dd] INFO  o.eclipse.m2e.core.internal.Bundles - getClasspathEntries(Bundle=com.google.guava.failureaccess_1.0.2 [17])
2024-10-17 12:18:10,107 [Worker-98: Launching mavenrun-161ec3b3-6b5a-4f63-b5ca-adb3704673dd] INFO  o.eclipse.m2e.core.internal.Bundles - 	Entry: /Applications/Eclipse.app/Contents/Eclipse/plugins/com.google.guava.failureaccess_1.0.2.jar
2024-10-17 12:18:10,111 [Worker-98: Launching mavenrun-161ec3b3-6b5a-4f63-b5ca-adb3704673dd] INFO  o.e.m.i.launch.MavenLaunchDelegate - Run build in "/var/folders/pp/_qr_x5q16tl_m1yj2gm0b1cr0000gn/T/m2e-archetypeGenerator15980226294386913439":
2024-10-17 12:18:10,119 [Worker-98: Launching mavenrun-161ec3b3-6b5a-4f63-b5ca-adb3704673dd] INFO  o.e.m.i.launch.MavenLaunchDelegate -  mvn  -DarchetypeGroupId=com.github.ywchang -DarchetypeArtifactId=maven-archetype-quickstart -DarchetypeVersion=1.1 -DgroupId=personal-project -DartifactId=myProject -Dversion=0.0.1-SNAPSHOT -Dpackage=personal_project.myProject -DoutputDirectory=/Users/happinessndubisi/Documents/obsidi/project-work-space -Dstyle.color=always -U archetype:generate
2024-10-17 12:24:22,989 [Worker-8: Loading available Gradle versions] INFO  o.e.b.c.i.u.g.PublishedGradleVersions - Gradle version information cache is up-to-date. Trying to read.
2024-10-17 12:29:38,954 [Worker-38: Launching mavenrun-ae5908be-a31f-4a22-bf10-827eb5655c14] INFO  o.eclipse.m2e.core.internal.Bundles - getClasspathEntries(Bundle=org.eclipse.m2e.maven.runtime_3.9.900.20240824-1409 [641])
2024-10-17 12:29:38,993 [Worker-38: Launching mavenrun-ae5908be-a31f-4a22-bf10-827eb5655c14] INFO  o.eclipse.m2e.core.internal.Bundles - 	Entry: /Applications/Eclipse.app/Contents/Eclipse/plugins/org.eclipse.m2e.maven.runtime_3.9.900.20240824-1409
2024-10-17 12:29:38,995 [Worker-38: Launching mavenrun-ae5908be-a31f-4a22-bf10-827eb5655c14] INFO  o.eclipse.m2e.core.internal.Bundles - 	Entry: /Applications/Eclipse.app/Contents/Eclipse/plugins/org.eclipse.m2e.maven.runtime_3.9.900.20240824-1409/jars/aopalliance-1.0.jar
2024-10-17 12:29:38,996 [Worker-38: Launching mavenrun-ae5908be-a31f-4a22-bf10-827eb5655c14] INFO  o.eclipse.m2e.core.internal.Bundles - 	Entry: /Applications/Eclipse.app/Contents/Eclipse/plugins/org.eclipse.m2e.maven.runtime_3.9.900.20240824-1409/jars/guice-5.1.0.jar
2024-10-17 12:29:38,996 [Worker-38: Launching mavenrun-ae5908be-a31f-4a22-bf10-827eb5655c14] INFO  o.eclipse.m2e.core.internal.Bundles - 	Entry: /Applications/Eclipse.app/Contents/Eclipse/plugins/org.eclipse.m2e.maven.runtime_3.9.900.20240824-1409/jars/httpclient-4.5.14.jar
2024-10-17 12:29:38,996 [Worker-38: Launching mavenrun-ae5908be-a31f-4a22-bf10-827eb5655c14] INFO  o.eclipse.m2e.core.internal.Bundles - 	Entry: /Applications/Eclipse.app/Contents/Eclipse/plugins/org.eclipse.m2e.maven.runtime_3.9.900.20240824-1409/jars/httpcore-4.4.16.jar
2024-10-17 12:29:38,996 [Worker-38: Launching mavenrun-ae5908be-a31f-4a22-bf10-827eb5655c14] INFO  o.eclipse.m2e.core.internal.Bundles - 	Entry: /Applications/Eclipse.app/Contents/Eclipse/plugins/org.eclipse.m2e.maven.runtime_3.9.900.20240824-1409/jars/jansi-2.4.1.jar
2024-10-17 12:29:38,996 [Worker-38: Launching mavenrun-ae5908be-a31f-4a22-bf10-827eb5655c14] INFO  o.eclipse.m2e.core.internal.Bundles - 	Entry: /Applications/Eclipse.app/Contents/Eclipse/plugins/org.eclipse.m2e.maven.runtime_3.9.900.20240824-1409/jars/jcl-over-slf4j-1.7.36.jar
2024-10-17 12:29:38,996 [Worker-38: Launching mavenrun-ae5908be-a31f-4a22-bf10-827eb5655c14] INFO  o.eclipse.m2e.core.internal.Bundles - 	Entry: /Applications/Eclipse.app/Contents/Eclipse/plugins/org.eclipse.m2e.maven.runtime_3.9.900.20240824-1409/jars/maven-artifact-3.9.9.jar
2024-10-17 12:29:38,996 [Worker-38: Launching mavenrun-ae5908be-a31f-4a22-bf10-827eb5655c14] INFO  o.eclipse.m2e.core.internal.Bundles - 	Entry: /Applications/Eclipse.app/Contents/Eclipse/plugins/org.eclipse.m2e.maven.runtime_3.9.900.20240824-1409/jars/maven-builder-support-3.9.9.jar
2024-10-17 12:29:38,996 [Worker-38: Launching mavenrun-ae5908be-a31f-4a22-bf10-827eb5655c14] INFO  o.eclipse.m2e.core.internal.Bundles - 	Entry: /Applications/Eclipse.app/Contents/Eclipse/plugins/org.eclipse.m2e.maven.runtime_3.9.900.20240824-1409/jars/maven-compat-3.9.9.jar
2024-10-17 12:29:38,996 [Worker-38: Launching mavenrun-ae5908be-a31f-4a22-bf10-827eb5655c14] INFO  o.eclipse.m2e.core.internal.Bundles - 	Entry: /Applications/Eclipse.app/Contents/Eclipse/plugins/org.eclipse.m2e.maven.runtime_3.9.900.20240824-1409/jars/maven-core-3.9.9.jar
2024-10-17 12:29:38,996 [Worker-38: Launching mavenrun-ae5908be-a31f-4a22-bf10-827eb5655c14] INFO  o.eclipse.m2e.core.internal.Bundles - 	Entry: /Applications/Eclipse.app/Contents/Eclipse/plugins/org.eclipse.m2e.maven.runtime_3.9.900.20240824-1409/jars/maven-embedder-3.9.9.jar
2024-10-17 12:29:38,996 [Worker-38: Launching mavenrun-ae5908be-a31f-4a22-bf10-827eb5655c14] INFO  o.eclipse.m2e.core.internal.Bundles - 	Entry: /Applications/Eclipse.app/Contents/Eclipse/plugins/org.eclipse.m2e.maven.runtime_3.9.900.20240824-1409/jars/maven-model-3.9.9.jar
2024-10-17 12:29:38,996 [Worker-38: Launching mavenrun-ae5908be-a31f-4a22-bf10-827eb5655c14] INFO  o.eclipse.m2e.core.internal.Bundles - 	Entry: /Applications/Eclipse.app/Contents/Eclipse/plugins/org.eclipse.m2e.maven.runtime_3.9.900.20240824-1409/jars/maven-model-builder-3.9.9.jar
2024-10-17 12:29:38,996 [Worker-38: Launching mavenrun-ae5908be-a31f-4a22-bf10-827eb5655c14] INFO  o.eclipse.m2e.core.internal.Bundles - 	Entry: /Applications/Eclipse.app/Contents/Eclipse/plugins/org.eclipse.m2e.maven.runtime_3.9.900.20240824-1409/jars/maven-plugin-api-3.9.9.jar
2024-10-17 12:29:38,996 [Worker-38: Launching mavenrun-ae5908be-a31f-4a22-bf10-827eb5655c14] INFO  o.eclipse.m2e.core.internal.Bundles - 	Entry: /Applications/Eclipse.app/Contents/Eclipse/plugins/org.eclipse.m2e.maven.runtime_3.9.900.20240824-1409/jars/maven-repository-metadata-3.9.9.jar
2024-10-17 12:29:38,997 [Worker-38: Launching mavenrun-ae5908be-a31f-4a22-bf10-827eb5655c14] INFO  o.eclipse.m2e.core.internal.Bundles - 	Entry: /Applications/Eclipse.app/Contents/Eclipse/plugins/org.eclipse.m2e.maven.runtime_3.9.900.20240824-1409/jars/maven-resolver-api-1.9.22.jar
2024-10-17 12:29:38,997 [Worker-38: Launching mavenrun-ae5908be-a31f-4a22-bf10-827eb5655c14] INFO  o.eclipse.m2e.core.internal.Bundles - 	Entry: /Applications/Eclipse.app/Contents/Eclipse/plugins/org.eclipse.m2e.maven.runtime_3.9.900.20240824-1409/jars/maven-resolver-connector-basic-1.9.22.jar
2024-10-17 12:29:38,997 [Worker-38: Launching mavenrun-ae5908be-a31f-4a22-bf10-827eb5655c14] INFO  o.eclipse.m2e.core.internal.Bundles - 	Entry: /Applications/Eclipse.app/Contents/Eclipse/plugins/org.eclipse.m2e.maven.runtime_3.9.900.20240824-1409/jars/maven-resolver-impl-1.9.22.jar
2024-10-17 12:29:38,997 [Worker-38: Launching mavenrun-ae5908be-a31f-4a22-bf10-827eb5655c14] INFO  o.eclipse.m2e.core.internal.Bundles - 	Entry: /Applications/Eclipse.app/Contents/Eclipse/plugins/org.eclipse.m2e.maven.runtime_3.9.900.20240824-1409/jars/maven-resolver-named-locks-1.9.22.jar
2024-10-17 12:29:38,997 [Worker-38: Launching mavenrun-ae5908be-a31f-4a22-bf10-827eb5655c14] INFO  o.eclipse.m2e.core.internal.Bundles - 	Entry: /Applications/Eclipse.app/Contents/Eclipse/plugins/org.eclipse.m2e.maven.runtime_3.9.900.20240824-1409/jars/maven-resolver-provider-3.9.9.jar
2024-10-17 12:29:38,997 [Worker-38: Launching mavenrun-ae5908be-a31f-4a22-bf10-827eb5655c14] INFO  o.eclipse.m2e.core.internal.Bundles - 	Entry: /Applications/Eclipse.app/Contents/Eclipse/plugins/org.eclipse.m2e.maven.runtime_3.9.900.20240824-1409/jars/maven-resolver-spi-1.9.22.jar
2024-10-17 12:29:38,997 [Worker-38: Launching mavenrun-ae5908be-a31f-4a22-bf10-827eb5655c14] INFO  o.eclipse.m2e.core.internal.Bundles - 	Entry: /Applications/Eclipse.app/Contents/Eclipse/plugins/org.eclipse.m2e.maven.runtime_3.9.900.20240824-1409/jars/maven-resolver-transport-file-1.9.22.jar
2024-10-17 12:29:38,997 [Worker-38: Launching mavenrun-ae5908be-a31f-4a22-bf10-827eb5655c14] INFO  o.eclipse.m2e.core.internal.Bundles - 	Entry: /Applications/Eclipse.app/Contents/Eclipse/plugins/org.eclipse.m2e.maven.runtime_3.9.900.20240824-1409/jars/maven-resolver-transport-http-1.9.22.jar
2024-10-17 12:29:38,997 [Worker-38: Launching mavenrun-ae5908be-a31f-4a22-bf10-827eb5655c14] INFO  o.eclipse.m2e.core.internal.Bundles - 	Entry: /Applications/Eclipse.app/Contents/Eclipse/plugins/org.eclipse.m2e.maven.runtime_3.9.900.20240824-1409/jars/maven-resolver-transport-wagon-1.9.22.jar
2024-10-17 12:29:38,997 [Worker-38: Launching mavenrun-ae5908be-a31f-4a22-bf10-827eb5655c14] INFO  o.eclipse.m2e.core.internal.Bundles - 	Entry: /Applications/Eclipse.app/Contents/Eclipse/plugins/org.eclipse.m2e.maven.runtime_3.9.900.20240824-1409/jars/maven-resolver-util-1.9.22.jar
2024-10-17 12:29:38,997 [Worker-38: Launching mavenrun-ae5908be-a31f-4a22-bf10-827eb5655c14] INFO  o.eclipse.m2e.core.internal.Bundles - 	Entry: /Applications/Eclipse.app/Contents/Eclipse/plugins/org.eclipse.m2e.maven.runtime_3.9.900.20240824-1409/jars/maven-settings-3.9.9.jar
2024-10-17 12:29:38,997 [Worker-38: Launching mavenrun-ae5908be-a31f-4a22-bf10-827eb5655c14] INFO  o.eclipse.m2e.core.internal.Bundles - 	Entry: /Applications/Eclipse.app/Contents/Eclipse/plugins/org.eclipse.m2e.maven.runtime_3.9.900.20240824-1409/jars/maven-settings-builder-3.9.9.jar
2024-10-17 12:29:38,997 [Worker-38: Launching mavenrun-ae5908be-a31f-4a22-bf10-827eb5655c14] INFO  o.eclipse.m2e.core.internal.Bundles - 	Entry: /Applications/Eclipse.app/Contents/Eclipse/plugins/org.eclipse.m2e.maven.runtime_3.9.900.20240824-1409/jars/maven-shared-utils-3.4.2.jar
2024-10-17 12:29:38,997 [Worker-38: Launching mavenrun-ae5908be-a31f-4a22-bf10-827eb5655c14] INFO  o.eclipse.m2e.core.internal.Bundles - 	Entry: /Applications/Eclipse.app/Contents/Eclipse/plugins/org.eclipse.m2e.maven.runtime_3.9.900.20240824-1409/jars/org.eclipse.sisu.inject-0.9.0.M3.jar
2024-10-17 12:29:38,997 [Worker-38: Launching mavenrun-ae5908be-a31f-4a22-bf10-827eb5655c14] INFO  o.eclipse.m2e.core.internal.Bundles - 	Entry: /Applications/Eclipse.app/Contents/Eclipse/plugins/org.eclipse.m2e.maven.runtime_3.9.900.20240824-1409/jars/org.eclipse.sisu.plexus-0.9.0.M3.jar
2024-10-17 12:29:38,997 [Worker-38: Launching mavenrun-ae5908be-a31f-4a22-bf10-827eb5655c14] INFO  o.eclipse.m2e.core.internal.Bundles - 	Entry: /Applications/Eclipse.app/Contents/Eclipse/plugins/org.eclipse.m2e.maven.runtime_3.9.900.20240824-1409/jars/plexus-build-api-0.0.7.jar
2024-10-17 12:29:38,997 [Worker-38: Launching mavenrun-ae5908be-a31f-4a22-bf10-827eb5655c14] INFO  o.eclipse.m2e.core.internal.Bundles - 	Entry: /Applications/Eclipse.app/Contents/Eclipse/plugins/org.eclipse.m2e.maven.runtime_3.9.900.20240824-1409/jars/plexus-build-api-1.2.0.jar
2024-10-17 12:29:38,997 [Worker-38: Launching mavenrun-ae5908be-a31f-4a22-bf10-827eb5655c14] INFO  o.eclipse.m2e.core.internal.Bundles - 	Entry: /Applications/Eclipse.app/Contents/Eclipse/plugins/org.eclipse.m2e.maven.runtime_3.9.900.20240824-1409/jars/plexus-cipher-2.0.jar
2024-10-17 12:29:38,997 [Worker-38: Launching mavenrun-ae5908be-a31f-4a22-bf10-827eb5655c14] INFO  o.eclipse.m2e.core.internal.Bundles - 	Entry: /Applications/Eclipse.app/Contents/Eclipse/plugins/org.eclipse.m2e.maven.runtime_3.9.900.20240824-1409/jars/plexus-classworlds-2.8.0.jar
2024-10-17 12:29:38,997 [Worker-38: Launching mavenrun-ae5908be-a31f-4a22-bf10-827eb5655c14] INFO  o.eclipse.m2e.core.internal.Bundles - 	Entry: /Applications/Eclipse.app/Contents/Eclipse/plugins/org.eclipse.m2e.maven.runtime_3.9.900.20240824-1409/jars/plexus-component-annotations-2.1.0.jar
2024-10-17 12:29:38,997 [Worker-38: Launching mavenrun-ae5908be-a31f-4a22-bf10-827eb5655c14] INFO  o.eclipse.m2e.core.internal.Bundles - 	Entry: /Applications/Eclipse.app/Contents/Eclipse/plugins/org.eclipse.m2e.maven.runtime_3.9.900.20240824-1409/jars/plexus-interpolation-1.27.jar
2024-10-17 12:29:38,997 [Worker-38: Launching mavenrun-ae5908be-a31f-4a22-bf10-827eb5655c14] INFO  o.eclipse.m2e.core.internal.Bundles - 	Entry: /Applications/Eclipse.app/Contents/Eclipse/plugins/org.eclipse.m2e.maven.runtime_3.9.900.20240824-1409/jars/plexus-sec-dispatcher-2.0.jar
2024-10-17 12:29:38,998 [Worker-38: Launching mavenrun-ae5908be-a31f-4a22-bf10-827eb5655c14] INFO  o.eclipse.m2e.core.internal.Bundles - 	Entry: /Applications/Eclipse.app/Contents/Eclipse/plugins/org.eclipse.m2e.maven.runtime_3.9.900.20240824-1409/jars/plexus-utils-3.5.1.jar
2024-10-17 12:29:38,998 [Worker-38: Launching mavenrun-ae5908be-a31f-4a22-bf10-827eb5655c14] INFO  o.eclipse.m2e.core.internal.Bundles - 	Entry: /Applications/Eclipse.app/Contents/Eclipse/plugins/org.eclipse.m2e.maven.runtime_3.9.900.20240824-1409/jars/plexus-xml-3.0.1.jar
2024-10-17 12:29:38,999 [Worker-38: Launching mavenrun-ae5908be-a31f-4a22-bf10-827eb5655c14] INFO  o.eclipse.m2e.core.internal.Bundles - 	Entry: /Applications/Eclipse.app/Contents/Eclipse/plugins/org.eclipse.m2e.maven.runtime_3.9.900.20240824-1409/jars/wagon-file-3.5.3.jar
2024-10-17 12:29:39,000 [Worker-38: Launching mavenrun-ae5908be-a31f-4a22-bf10-827eb5655c14] INFO  o.eclipse.m2e.core.internal.Bundles - 	Entry: /Applications/Eclipse.app/Contents/Eclipse/plugins/org.eclipse.m2e.maven.runtime_3.9.900.20240824-1409/jars/wagon-http-3.5.3.jar
2024-10-17 12:29:39,000 [Worker-38: Launching mavenrun-ae5908be-a31f-4a22-bf10-827eb5655c14] INFO  o.eclipse.m2e.core.internal.Bundles - 	Entry: /Applications/Eclipse.app/Contents/Eclipse/plugins/org.eclipse.m2e.maven.runtime_3.9.900.20240824-1409/jars/wagon-http-shared-3.5.3.jar
2024-10-17 12:29:39,000 [Worker-38: Launching mavenrun-ae5908be-a31f-4a22-bf10-827eb5655c14] INFO  o.eclipse.m2e.core.internal.Bundles - 	Entry: /Applications/Eclipse.app/Contents/Eclipse/plugins/org.eclipse.m2e.maven.runtime_3.9.900.20240824-1409/jars/wagon-provider-api-3.5.3.jar
2024-10-17 12:29:39,004 [Worker-38: Launching mavenrun-ae5908be-a31f-4a22-bf10-827eb5655c14] INFO  o.eclipse.m2e.core.internal.Bundles - getClasspathEntries(Bundle=com.google.guava_33.3.0.jre [16])
2024-10-17 12:29:39,004 [Worker-38: Launching mavenrun-ae5908be-a31f-4a22-bf10-827eb5655c14] INFO  o.eclipse.m2e.core.internal.Bundles - 	Entry: /Applications/Eclipse.app/Contents/Eclipse/plugins/com.google.guava_33.3.0.jre.jar
2024-10-17 12:29:39,004 [Worker-38: Launching mavenrun-ae5908be-a31f-4a22-bf10-827eb5655c14] INFO  o.eclipse.m2e.core.internal.Bundles - getClasspathEntries(Bundle=slf4j.api_2.0.16 [1006])
2024-10-17 12:29:39,004 [Worker-38: Launching mavenrun-ae5908be-a31f-4a22-bf10-827eb5655c14] INFO  o.eclipse.m2e.core.internal.Bundles - 	Entry: /Applications/Eclipse.app/Contents/Eclipse/plugins/slf4j.api_2.0.16.jar
2024-10-17 12:29:39,004 [Worker-38: Launching mavenrun-ae5908be-a31f-4a22-bf10-827eb5655c14] INFO  o.eclipse.m2e.core.internal.Bundles - getClasspathEntries(Bundle=jakarta.inject.jakarta.inject-api_1.0.5 [34])
2024-10-17 12:29:39,004 [Worker-38: Launching mavenrun-ae5908be-a31f-4a22-bf10-827eb5655c14] INFO  o.eclipse.m2e.core.internal.Bundles - 	Entry: /Applications/Eclipse.app/Contents/Eclipse/plugins/jakarta.inject.jakarta.inject-api_1.0.5.jar
2024-10-17 12:29:39,005 [Worker-38: Launching mavenrun-ae5908be-a31f-4a22-bf10-827eb5655c14] INFO  o.eclipse.m2e.core.internal.Bundles - getClasspathEntries(Bundle=jakarta.annotation-api_1.3.5 [29])
2024-10-17 12:29:39,005 [Worker-38: Launching mavenrun-ae5908be-a31f-4a22-bf10-827eb5655c14] INFO  o.eclipse.m2e.core.internal.Bundles - 	Entry: /Applications/Eclipse.app/Contents/Eclipse/plugins/jakarta.annotation-api_1.3.5.jar
2024-10-17 12:29:39,005 [Worker-38: Launching mavenrun-ae5908be-a31f-4a22-bf10-827eb5655c14] INFO  o.eclipse.m2e.core.internal.Bundles - getClasspathEntries(Bundle=org.apache.commons.cli_1.9.0 [78])
2024-10-17 12:29:39,005 [Worker-38: Launching mavenrun-ae5908be-a31f-4a22-bf10-827eb5655c14] INFO  o.eclipse.m2e.core.internal.Bundles - 	Entry: /Applications/Eclipse.app/Contents/Eclipse/plugins/org.apache.commons.cli_1.9.0.jar
2024-10-17 12:29:39,005 [Worker-38: Launching mavenrun-ae5908be-a31f-4a22-bf10-827eb5655c14] INFO  o.eclipse.m2e.core.internal.Bundles - getClasspathEntries(Bundle=org.apache.commons.commons-codec_1.16.0 [81])
2024-10-17 12:29:39,005 [Worker-38: Launching mavenrun-ae5908be-a31f-4a22-bf10-827eb5655c14] INFO  o.eclipse.m2e.core.internal.Bundles - 	Entry: /Applications/Eclipse.app/Contents/Eclipse/plugins/org.apache.commons.commons-codec_1.16.0.jar
2024-10-17 12:29:39,005 [Worker-38: Launching mavenrun-ae5908be-a31f-4a22-bf10-827eb5655c14] INFO  o.eclipse.m2e.core.internal.Bundles - getClasspathEntries(Bundle=com.google.guava.failureaccess_1.0.2 [17])
2024-10-17 12:29:39,005 [Worker-38: Launching mavenrun-ae5908be-a31f-4a22-bf10-827eb5655c14] INFO  o.eclipse.m2e.core.internal.Bundles - 	Entry: /Applications/Eclipse.app/Contents/Eclipse/plugins/com.google.guava.failureaccess_1.0.2.jar
2024-10-17 12:29:39,011 [Worker-38: Launching mavenrun-ae5908be-a31f-4a22-bf10-827eb5655c14] INFO  o.e.m.i.launch.MavenLaunchDelegate - Run build in "/var/folders/pp/_qr_x5q16tl_m1yj2gm0b1cr0000gn/T/m2e-archetypeGenerator7685732633214968408":
2024-10-17 12:29:39,019 [Worker-38: Launching mavenrun-ae5908be-a31f-4a22-bf10-827eb5655c14] INFO  o.e.m.i.launch.MavenLaunchDelegate -  mvn  -DarchetypeGroupId=org.apache.maven.archetypes -DarchetypeArtifactId=maven-archetype-simple -DarchetypeVersion=1.5 -DgroupId=personal-project -DartifactId=my-project -Dversion=0.0.1-SNAPSHOT -Dpackage=personal_project.my_project -DoutputDirectory=/Users/happinessndubisi/Documents/obsidi/project-work-space -Dstyle.color=always -U archetype:generate
2024-10-18 14:07:09,937 [Worker-7: Loading available Gradle versions] INFO  o.e.b.c.i.u.g.PublishedGradleVersions - Gradle version information cache is out-of-date. Trying to update.
2024-10-18 14:09:13,235 [Worker-20: Building] INFO  o.e.m.c.i.embedder.EclipseLogger - Using 'UTF-8' encoding to copy filtered resources.
2024-10-18 14:09:13,280 [Worker-20: Building] INFO  o.e.m.c.i.embedder.EclipseLogger - skip non existing resourceDirectory /Users/happinessndubisi/Documents/obsidi/workspace-academy-java/academy-java/src/main/resources
2024-10-18 14:09:13,295 [Worker-20: Building] INFO  o.e.m.c.i.embedder.EclipseLogger - Using 'UTF-8' encoding to copy filtered resources.
2024-10-18 14:09:13,295 [Worker-20: Building] INFO  o.e.m.c.i.embedder.EclipseLogger - skip non existing resourceDirectory /Users/happinessndubisi/Documents/obsidi/workspace-academy-java/academy-java/src/test/resources
2024-10-18 14:09:14,476 [Worker-20: Building] INFO  o.a.m.s.f.DefaultMavenResourcesFiltering - skip non existing resourceDirectory /Users/happinessndubisi/Documents/obsidi/workspace-academy-java/bptn.java/src/main/resources
2024-10-18 14:09:14,490 [Worker-20: Building] INFO  o.a.m.s.f.DefaultMavenResourcesFiltering - skip non existing resourceDirectory /Users/happinessndubisi/Documents/obsidi/workspace-academy-java/bptn.java/src/test/resources
2024-10-18 14:21:44,852 [Worker-29: Building] INFO  o.e.m.c.i.embedder.EclipseLogger - Using 'UTF-8' encoding to copy filtered resources.
2024-10-18 14:21:44,865 [Worker-29: Building] INFO  o.e.m.c.i.embedder.EclipseLogger - skip non existing resourceDirectory /Users/happinessndubisi/Documents/obsidi/workspace-academy-java/academy-java/src/main/resources
2024-10-18 14:21:44,870 [Worker-29: Building] INFO  o.e.m.c.i.embedder.EclipseLogger - Using 'UTF-8' encoding to copy filtered resources.
2024-10-18 14:21:44,870 [Worker-29: Building] INFO  o.e.m.c.i.embedder.EclipseLogger - skip non existing resourceDirectory /Users/happinessndubisi/Documents/obsidi/workspace-academy-java/academy-java/src/test/resources
2024-10-18 14:51:46,125 [Worker-28: Building] INFO  o.e.m.c.i.embedder.EclipseLogger - Using 'UTF-8' encoding to copy filtered resources.
2024-10-18 14:51:46,134 [Worker-28: Building] INFO  o.e.m.c.i.embedder.EclipseLogger - skip non existing resourceDirectory /Users/happinessndubisi/Documents/obsidi/workspace-academy-java/academy-java/src/main/resources
2024-10-18 14:51:46,159 [Worker-28: Building] INFO  o.e.m.c.i.embedder.EclipseLogger - Using 'UTF-8' encoding to copy filtered resources.
2024-10-18 14:51:46,159 [Worker-28: Building] INFO  o.e.m.c.i.embedder.EclipseLogger - skip non existing resourceDirectory /Users/happinessndubisi/Documents/obsidi/workspace-academy-java/academy-java/src/test/resources
2024-10-18 15:17:26,142 [Worker-43: Building] INFO  o.e.m.c.i.embedder.EclipseLogger - Using 'UTF-8' encoding to copy filtered resources.
2024-10-18 15:17:26,148 [Worker-43: Building] INFO  o.e.m.c.i.embedder.EclipseLogger - skip non existing resourceDirectory /Users/happinessndubisi/Documents/obsidi/workspace-academy-java/academy-java/src/main/resources
2024-10-18 15:17:26,161 [Worker-43: Building] INFO  o.e.m.c.i.embedder.EclipseLogger - Using 'UTF-8' encoding to copy filtered resources.
2024-10-18 15:17:26,162 [Worker-43: Building] INFO  o.e.m.c.i.embedder.EclipseLogger - skip non existing resourceDirectory /Users/happinessndubisi/Documents/obsidi/workspace-academy-java/academy-java/src/test/resources
2024-10-18 15:22:26,904 [Worker-43: Building] INFO  o.e.m.c.i.embedder.EclipseLogger - Using 'UTF-8' encoding to copy filtered resources.
2024-10-18 15:22:26,909 [Worker-43: Building] INFO  o.e.m.c.i.embedder.EclipseLogger - skip non existing resourceDirectory /Users/happinessndubisi/Documents/obsidi/workspace-academy-java/academy-java/src/main/resources
2024-10-18 15:22:26,930 [Worker-43: Building] INFO  o.e.m.c.i.embedder.EclipseLogger - Using 'UTF-8' encoding to copy filtered resources.
2024-10-18 15:22:26,930 [Worker-43: Building] INFO  o.e.m.c.i.embedder.EclipseLogger - skip non existing resourceDirectory /Users/happinessndubisi/Documents/obsidi/workspace-academy-java/academy-java/src/test/resources
2024-10-18 15:45:58,811 [Worker-54: Building] INFO  o.e.m.c.i.embedder.EclipseLogger - Using 'UTF-8' encoding to copy filtered resources.
2024-10-18 15:45:58,815 [Worker-54: Building] INFO  o.e.m.c.i.embedder.EclipseLogger - skip non existing resourceDirectory /Users/happinessndubisi/Documents/obsidi/workspace-academy-java/academy-java/src/main/resources
2024-10-18 15:45:58,827 [Worker-54: Building] INFO  o.e.m.c.i.embedder.EclipseLogger - Using 'UTF-8' encoding to copy filtered resources.
2024-10-18 15:45:58,828 [Worker-54: Building] INFO  o.e.m.c.i.embedder.EclipseLogger - skip non existing resourceDirectory /Users/happinessndubisi/Documents/obsidi/workspace-academy-java/academy-java/src/test/resources
2024-10-23 06:05:17,670 [Worker-11: Loading available Gradle versions] INFO  o.e.b.c.i.u.g.PublishedGradleVersions - Gradle version information cache is out-of-date. Trying to update.
2024-10-25 21:14:05,639 [Worker-6: Loading available Gradle versions] INFO  o.e.b.c.i.u.g.PublishedGradleVersions - Gradle version information cache is out-of-date. Trying to update.
2024-10-25 21:44:19,732 [Worker-4: Loading available Gradle versions] INFO  o.e.b.c.i.u.g.PublishedGradleVersions - Gradle version information cache is up-to-date. Trying to read.
2024-10-26 01:48:03,616 [Worker-6: Loading available Gradle versions] INFO  o.e.b.c.i.u.g.PublishedGradleVersions - Gradle version information cache is up-to-date. Trying to read.
2024-10-26 01:54:39,966 [Worker-53: Building] INFO  o.e.m.c.i.embedder.EclipseLogger - Using 'UTF-8' encoding to copy filtered resources.
2024-10-26 01:54:39,980 [Worker-53: Building] INFO  o.e.m.c.i.embedder.EclipseLogger - skip non existing resourceDirectory /Users/happinessndubisi/Documents/obsidi/workspace-academy-java/academy-java/src/main/resources
2024-10-26 01:54:40,014 [Worker-53: Building] INFO  o.e.m.c.i.embedder.EclipseLogger - Using 'UTF-8' encoding to copy filtered resources.
2024-10-26 01:54:40,014 [Worker-53: Building] INFO  o.e.m.c.i.embedder.EclipseLogger - skip non existing resourceDirectory /Users/happinessndubisi/Documents/obsidi/workspace-academy-java/academy-java/src/test/resources
2024-10-26 01:54:43,123 [Worker-53: Building] INFO  o.a.m.s.f.DefaultMavenResourcesFiltering - skip non existing resourceDirectory /Users/happinessndubisi/Documents/obsidi/workspace-academy-java/bptn.java/src/main/resources
2024-10-26 01:54:43,136 [Worker-53: Building] INFO  o.a.m.s.f.DefaultMavenResourcesFiltering - skip non existing resourceDirectory /Users/happinessndubisi/Documents/obsidi/workspace-academy-java/bptn.java/src/test/resources
2024-10-29 13:09:16,515 [Worker-7: Loading available Gradle versions] INFO  o.e.b.c.i.u.g.PublishedGradleVersions - Gradle version information cache is out-of-date. Trying to update.
2024-10-29 13:11:36,410 [Worker-30: Updating Maven Project] INFO  o.e.m.c.i.p.ProjectConfigurationManager - Update started
2024-10-29 13:11:37,600 [Worker-30: Updating Maven Project] INFO  o.e.m.c.i.l.LifecycleMappingFactory - Using org.eclipse.m2e.jdt.JarLifecycleMapping lifecycle mapping for MavenProject: com.bptn:academy-java:0.0.1-SNAPSHOT @ /Users/happinessndubisi/Documents/obsidi/workspace-academy-java/academy-java/pom.xml.
2024-10-29 13:11:38,094 [Worker-30: Updating Maven Project] INFO  o.e.m.j.i.AbstractJavaProjectConfigurator - Adding source folder /academy-java/src/main/java
2024-10-29 13:11:38,097 [Worker-30: Updating Maven Project] INFO  o.e.m.j.i.AbstractJavaProjectConfigurator - Adding resource folder /academy-java/src/main/resources
2024-10-29 13:11:38,098 [Worker-30: Updating Maven Project] INFO  o.e.m.j.i.AbstractJavaProjectConfigurator - Adding source folder /academy-java/src/test/java
2024-10-29 13:11:38,098 [Worker-30: Updating Maven Project] INFO  o.e.m.j.i.AbstractJavaProjectConfigurator - Adding resource folder /academy-java/src/test/resources
2024-10-29 13:11:38,157 [Worker-30: Updating Maven Project] INFO  o.e.m.jdt.internal.UnitTestSupport - Reset launch configuration name: CalculatorDemoTest
2024-10-29 13:11:38,158 [Worker-30: Updating Maven Project] INFO  o.e.m.jdt.internal.UnitTestSupport - Updating CalculatorDemoTest from maven configuration
2024-10-29 13:11:39,302 [Worker-30: Updating Maven Project] INFO  o.e.m.jdt.internal.UnitTestSupport - Reset launch configuration name: LeapYearTest
2024-10-29 13:11:39,305 [Worker-30: Updating Maven Project] INFO  o.e.m.jdt.internal.UnitTestSupport - Updating LeapYearTest from maven configuration
2024-10-29 13:11:39,335 [Worker-30: Updating Maven Project] INFO  o.e.m.jdt.internal.UnitTestSupport - Reset launch configuration name: TextbookUnitTest
2024-10-29 13:11:39,335 [Worker-30: Updating Maven Project] INFO  o.e.m.jdt.internal.UnitTestSupport - Updating TextbookUnitTest from maven configuration
2024-10-29 13:11:39,901 [Worker-30: Updating Maven Project] INFO  o.e.m.c.i.p.ProjectConfigurationManager - Update completed for 1 poms: local refresh takes 0.00 sec, refresh facades takes 1.00 sec, update config takes 1.00 sec 
2024-10-29 13:11:42,052 [Worker-6: Building] INFO  o.e.m.c.i.embedder.EclipseLogger - Using 'UTF-8' encoding to copy filtered resources.
2024-10-29 13:11:42,053 [Worker-6: Building] INFO  o.e.m.c.i.embedder.EclipseLogger - skip non existing resourceDirectory /Users/happinessndubisi/Documents/obsidi/workspace-academy-java/academy-java/src/main/resources
2024-10-29 13:11:42,060 [Worker-6: Building] INFO  o.e.m.c.i.embedder.EclipseLogger - Using 'UTF-8' encoding to copy filtered resources.
2024-10-29 13:11:42,060 [Worker-6: Building] INFO  o.e.m.c.i.embedder.EclipseLogger - skip non existing resourceDirectory /Users/happinessndubisi/Documents/obsidi/workspace-academy-java/academy-java/src/test/resources
2024-10-29 13:20:49,301 [Worker-0: Building] INFO  o.e.m.c.i.embedder.EclipseLogger - Using 'UTF-8' encoding to copy filtered resources.
2024-10-29 13:20:49,307 [Worker-0: Building] INFO  o.e.m.c.i.embedder.EclipseLogger - skip non existing resourceDirectory /Users/happinessndubisi/Documents/obsidi/workspace-academy-java/academy-java/src/main/resources
2024-10-29 13:20:49,318 [Worker-0: Building] INFO  o.e.m.c.i.embedder.EclipseLogger - Using 'UTF-8' encoding to copy filtered resources.
2024-10-29 13:20:49,319 [Worker-0: Building] INFO  o.e.m.c.i.embedder.EclipseLogger - skip non existing resourceDirectory /Users/happinessndubisi/Documents/obsidi/workspace-academy-java/academy-java/src/test/resources
2024-10-29 13:52:02,430 [Worker-0: Building] INFO  o.e.m.c.i.embedder.EclipseLogger - Using 'UTF-8' encoding to copy filtered resources.
2024-10-29 13:52:02,436 [Worker-0: Building] INFO  o.e.m.c.i.embedder.EclipseLogger - skip non existing resourceDirectory /Users/happinessndubisi/Documents/obsidi/workspace-academy-java/academy-java/src/main/resources
2024-10-29 13:52:02,451 [Worker-0: Building] INFO  o.e.m.c.i.embedder.EclipseLogger - Using 'UTF-8' encoding to copy filtered resources.
2024-10-29 13:52:02,453 [Worker-0: Building] INFO  o.e.m.c.i.embedder.EclipseLogger - skip non existing resourceDirectory /Users/happinessndubisi/Documents/obsidi/workspace-academy-java/academy-java/src/test/resources
2024-10-29 13:55:14,401 [Worker-0: Launching Main (1)] INFO  o.e.m.c.i.l.LifecycleMappingFactory - Using org.eclipse.m2e.jdt.JarLifecycleMapping lifecycle mapping for MavenProject: com.bptn:academy-java:0.0.1-SNAPSHOT @ /Users/happinessndubisi/Documents/obsidi/workspace-academy-java/academy-java/pom.xml.
2024-10-29 13:55:14,999 [Worker-0: Launching Main (1)] INFO  o.e.m.c.i.e.AbstractTransferListenerAdapter - Downloading https://repo.maven.apache.org/maven2/org/postgresql/postgresql/42.7.3/postgresql-42.7.3.pom
2024-10-29 13:55:15,036 [Worker-0: Launching Main (1)] INFO  o.e.m.c.i.e.AbstractTransferListenerAdapter - Downloaded https://repo.maven.apache.org/maven2/org/postgresql/postgresql/42.7.3/postgresql-42.7.3.pom
2024-10-29 13:55:15,087 [Worker-0: Launching Main (1)] INFO  o.e.m.c.i.e.AbstractTransferListenerAdapter - Downloading https://repo.maven.apache.org/maven2/org/checkerframework/checker-qual/3.42.0/checker-qual-3.42.0.pom
2024-10-29 13:55:15,093 [Worker-0: Launching Main (1)] INFO  o.e.m.c.i.e.AbstractTransferListenerAdapter - Downloaded https://repo.maven.apache.org/maven2/org/checkerframework/checker-qual/3.42.0/checker-qual-3.42.0.pom
2024-10-29 13:55:15,138 [Worker-0: Launching Main (1)] INFO  o.e.m.c.i.e.AbstractTransferListenerAdapter - Downloading https://repo.maven.apache.org/maven2/org/postgresql/postgresql/42.7.3/postgresql-42.7.3.jar
2024-10-29 13:55:15,260 [Worker-0: Launching Main (1)] INFO  o.e.m.c.i.e.AbstractTransferListenerAdapter - Downloaded https://repo.maven.apache.org/maven2/org/postgresql/postgresql/42.7.3/postgresql-42.7.3.jar
2024-10-29 13:55:15,287 [BasicRepositoryConnector-repo.maven.apache.org-0-0] INFO  o.e.m.c.i.e.AbstractTransferListenerAdapter - Downloading https://repo.maven.apache.org/maven2/org/checkerframework/checker-qual/3.42.0/checker-qual-3.42.0.jar
2024-10-29 13:55:15,299 [BasicRepositoryConnector-repo.maven.apache.org-0-0] INFO  o.e.m.c.i.e.AbstractTransferListenerAdapter - Downloaded https://repo.maven.apache.org/maven2/org/checkerframework/checker-qual/3.42.0/checker-qual-3.42.0.jar
2024-10-29 13:55:15,753 [Worker-0: Launching Main (1)] INFO  o.e.m.c.i.embedder.EclipseLogger - Using 'UTF-8' encoding to copy filtered resources.
2024-10-29 13:55:15,754 [Worker-0: Launching Main (1)] INFO  o.e.m.c.i.embedder.EclipseLogger - skip non existing resourceDirectory /Users/happinessndubisi/Documents/obsidi/workspace-academy-java/academy-java/src/main/resources
2024-10-29 13:55:15,765 [Worker-0: Launching Main (1)] INFO  o.e.m.c.i.embedder.EclipseLogger - Using 'UTF-8' encoding to copy filtered resources.
2024-10-29 13:55:15,766 [Worker-0: Launching Main (1)] INFO  o.e.m.c.i.embedder.EclipseLogger - skip non existing resourceDirectory /Users/happinessndubisi/Documents/obsidi/workspace-academy-java/academy-java/src/test/resources
2024-10-29 13:55:16,720 [Worker-49: Download sources and javadoc] INFO  o.e.m.c.i.e.AbstractTransferListenerAdapter - Downloading https://repo.maven.apache.org/maven2/org/postgresql/postgresql/42.7.3/postgresql-42.7.3-sources.jar
2024-10-29 13:55:16,858 [Worker-49: Download sources and javadoc] INFO  o.e.m.c.i.e.AbstractTransferListenerAdapter - Downloaded https://repo.maven.apache.org/maven2/org/postgresql/postgresql/42.7.3/postgresql-42.7.3-sources.jar
2024-10-29 13:55:16,897 [Worker-49: Download sources and javadoc] INFO  o.e.m.j.internal.DownloadSourcesJob - Downloaded sources for org.postgresql:postgresql:42.7.3
2024-10-29 13:55:17,056 [Worker-49: Download sources and javadoc] INFO  o.e.m.c.i.e.AbstractTransferListenerAdapter - Downloading https://repo.maven.apache.org/maven2/org/checkerframework/checker-qual/3.42.0/checker-qual-3.42.0-sources.jar
2024-10-29 13:55:17,117 [Worker-49: Download sources and javadoc] INFO  o.e.m.c.i.e.AbstractTransferListenerAdapter - Downloaded https://repo.maven.apache.org/maven2/org/checkerframework/checker-qual/3.42.0/checker-qual-3.42.0-sources.jar
2024-10-29 13:55:17,124 [Worker-49: Download sources and javadoc] INFO  o.e.m.j.internal.DownloadSourcesJob - Downloaded sources for org.checkerframework:checker-qual:3.42.0
2024-10-29 13:55:20,768 [Worker-51: Building] INFO  o.e.m.c.i.embedder.EclipseLogger - Using 'UTF-8' encoding to copy filtered resources.
2024-10-29 13:55:20,818 [Worker-51: Building] INFO  o.e.m.c.i.embedder.EclipseLogger - skip non existing resourceDirectory /Users/happinessndubisi/Documents/obsidi/workspace-academy-java/academy-java/src/main/resources
2024-10-29 13:55:20,870 [Worker-51: Building] INFO  o.e.m.c.i.embedder.EclipseLogger - Using 'UTF-8' encoding to copy filtered resources.
2024-10-29 13:55:20,870 [Worker-51: Building] INFO  o.e.m.c.i.embedder.EclipseLogger - skip non existing resourceDirectory /Users/happinessndubisi/Documents/obsidi/workspace-academy-java/academy-java/src/test/resources
2024-10-29 14:00:12,701 [Worker-54: Launching Main (1)] INFO  o.e.m.c.i.embedder.EclipseLogger - Using 'UTF-8' encoding to copy filtered resources.
2024-10-29 14:00:12,706 [Worker-54: Launching Main (1)] INFO  o.e.m.c.i.embedder.EclipseLogger - skip non existing resourceDirectory /Users/happinessndubisi/Documents/obsidi/workspace-academy-java/academy-java/src/main/resources
2024-10-29 14:00:12,719 [Worker-54: Launching Main (1)] INFO  o.e.m.c.i.embedder.EclipseLogger - Using 'UTF-8' encoding to copy filtered resources.
2024-10-29 14:00:12,719 [Worker-54: Launching Main (1)] INFO  o.e.m.c.i.embedder.EclipseLogger - skip non existing resourceDirectory /Users/happinessndubisi/Documents/obsidi/workspace-academy-java/academy-java/src/test/resources
2024-10-29 15:40:22,767 [Worker-53: Building] INFO  o.e.m.c.i.embedder.EclipseLogger - Using 'UTF-8' encoding to copy filtered resources.
2024-10-29 15:40:22,775 [Worker-53: Building] INFO  o.e.m.c.i.embedder.EclipseLogger - skip non existing resourceDirectory /Users/happinessndubisi/Documents/obsidi/workspace-academy-java/academy-java/src/main/resources
2024-10-29 15:40:22,785 [Worker-53: Building] INFO  o.e.m.c.i.embedder.EclipseLogger - Using 'UTF-8' encoding to copy filtered resources.
2024-10-29 15:40:22,785 [Worker-53: Building] INFO  o.e.m.c.i.embedder.EclipseLogger - skip non existing resourceDirectory /Users/happinessndubisi/Documents/obsidi/workspace-academy-java/academy-java/src/test/resources
2024-10-29 19:43:33,094 [Worker-95: Building Workspace] INFO  o.e.m.c.i.embedder.EclipseLogger - Using 'UTF-8' encoding to copy filtered resources.
2024-10-29 19:43:33,101 [Worker-95: Building Workspace] INFO  o.e.m.c.i.embedder.EclipseLogger - skip non existing resourceDirectory /Users/happinessndubisi/Documents/obsidi/workspace-academy-java/academy-java/src/main/resources
2024-10-29 19:43:33,120 [Worker-95: Building Workspace] INFO  o.e.m.c.i.embedder.EclipseLogger - Using 'UTF-8' encoding to copy filtered resources.
2024-10-29 19:43:33,121 [Worker-95: Building Workspace] INFO  o.e.m.c.i.embedder.EclipseLogger - skip non existing resourceDirectory /Users/happinessndubisi/Documents/obsidi/workspace-academy-java/academy-java/src/test/resources
2024-10-29 19:47:11,764 [Worker-87: Building] INFO  o.e.m.c.i.embedder.EclipseLogger - Using 'UTF-8' encoding to copy filtered resources.
2024-10-29 19:47:11,767 [Worker-87: Building] INFO  o.e.m.c.i.embedder.EclipseLogger - skip non existing resourceDirectory /Users/happinessndubisi/Documents/obsidi/workspace-academy-java/academy-java/src/main/resources
2024-10-29 19:47:11,780 [Worker-87: Building] INFO  o.e.m.c.i.embedder.EclipseLogger - Using 'UTF-8' encoding to copy filtered resources.
2024-10-29 19:47:11,781 [Worker-87: Building] INFO  o.e.m.c.i.embedder.EclipseLogger - skip non existing resourceDirectory /Users/happinessndubisi/Documents/obsidi/workspace-academy-java/academy-java/src/test/resources
2024-10-29 19:47:29,992 [Worker-87: Building] INFO  o.e.m.c.i.embedder.EclipseLogger - Using 'UTF-8' encoding to copy filtered resources.
2024-10-29 19:47:29,993 [Worker-87: Building] INFO  o.e.m.c.i.embedder.EclipseLogger - skip non existing resourceDirectory /Users/happinessndubisi/Documents/obsidi/workspace-academy-java/academy-java/src/main/resources
2024-10-29 19:47:30,014 [Worker-87: Building] INFO  o.e.m.c.i.embedder.EclipseLogger - Using 'UTF-8' encoding to copy filtered resources.
2024-10-29 19:47:30,014 [Worker-87: Building] INFO  o.e.m.c.i.embedder.EclipseLogger - skip non existing resourceDirectory /Users/happinessndubisi/Documents/obsidi/workspace-academy-java/academy-java/src/test/resources
2024-10-29 19:48:10,017 [Worker-83: Building] INFO  o.e.m.c.i.embedder.EclipseLogger - Using 'UTF-8' encoding to copy filtered resources.
2024-10-29 19:48:10,018 [Worker-83: Building] INFO  o.e.m.c.i.embedder.EclipseLogger - skip non existing resourceDirectory /Users/happinessndubisi/Documents/obsidi/workspace-academy-java/academy-java/src/main/resources
2024-10-29 19:48:10,030 [Worker-83: Building] INFO  o.e.m.c.i.embedder.EclipseLogger - Using 'UTF-8' encoding to copy filtered resources.
2024-10-29 19:48:10,031 [Worker-83: Building] INFO  o.e.m.c.i.embedder.EclipseLogger - skip non existing resourceDirectory /Users/happinessndubisi/Documents/obsidi/workspace-academy-java/academy-java/src/test/resources
2024-10-29 19:53:37,299 [Worker-92: Building] INFO  o.e.m.c.i.embedder.EclipseLogger - Using 'UTF-8' encoding to copy filtered resources.
2024-10-29 19:53:37,308 [Worker-92: Building] INFO  o.e.m.c.i.embedder.EclipseLogger - skip non existing resourceDirectory /Users/happinessndubisi/Documents/obsidi/workspace-academy-java/academy-java/src/main/resources
2024-10-29 19:53:37,319 [Worker-92: Building] INFO  o.e.m.c.i.embedder.EclipseLogger - Using 'UTF-8' encoding to copy filtered resources.
2024-10-29 19:53:37,321 [Worker-92: Building] INFO  o.e.m.c.i.embedder.EclipseLogger - skip non existing resourceDirectory /Users/happinessndubisi/Documents/obsidi/workspace-academy-java/academy-java/src/test/resources
2024-10-29 19:59:02,494 [Worker-99: Building] INFO  o.e.m.c.i.embedder.EclipseLogger - Using 'UTF-8' encoding to copy filtered resources.
2024-10-29 19:59:02,500 [Worker-99: Building] INFO  o.e.m.c.i.embedder.EclipseLogger - skip non existing resourceDirectory /Users/happinessndubisi/Documents/obsidi/workspace-academy-java/academy-java/src/main/resources
2024-10-29 19:59:02,510 [Worker-99: Building] INFO  o.e.m.c.i.embedder.EclipseLogger - Using 'UTF-8' encoding to copy filtered resources.
2024-10-29 19:59:02,510 [Worker-99: Building] INFO  o.e.m.c.i.embedder.EclipseLogger - skip non existing resourceDirectory /Users/happinessndubisi/Documents/obsidi/workspace-academy-java/academy-java/src/test/resources
2024-10-29 20:00:29,039 [Worker-90: Building] INFO  o.e.m.c.i.embedder.EclipseLogger - Using 'UTF-8' encoding to copy filtered resources.
2024-10-29 20:00:29,041 [Worker-90: Building] INFO  o.e.m.c.i.embedder.EclipseLogger - skip non existing resourceDirectory /Users/happinessndubisi/Documents/obsidi/workspace-academy-java/academy-java/src/main/resources
2024-10-29 20:00:29,047 [Worker-90: Building] INFO  o.e.m.c.i.embedder.EclipseLogger - Using 'UTF-8' encoding to copy filtered resources.
2024-10-29 20:00:29,047 [Worker-90: Building] INFO  o.e.m.c.i.embedder.EclipseLogger - skip non existing resourceDirectory /Users/happinessndubisi/Documents/obsidi/workspace-academy-java/academy-java/src/test/resources
2024-10-29 20:02:03,376 [Worker-87: Building] INFO  o.e.m.c.i.embedder.EclipseLogger - Using 'UTF-8' encoding to copy filtered resources.
2024-10-29 20:02:03,381 [Worker-87: Building] INFO  o.e.m.c.i.embedder.EclipseLogger - skip non existing resourceDirectory /Users/happinessndubisi/Documents/obsidi/workspace-academy-java/academy-java/src/main/resources
2024-10-29 20:02:03,386 [Worker-87: Building] INFO  o.e.m.c.i.embedder.EclipseLogger - Using 'UTF-8' encoding to copy filtered resources.
2024-10-29 20:02:03,386 [Worker-87: Building] INFO  o.e.m.c.i.embedder.EclipseLogger - skip non existing resourceDirectory /Users/happinessndubisi/Documents/obsidi/workspace-academy-java/academy-java/src/test/resources
2024-10-29 20:20:27,687 [Worker-105: Building] INFO  o.e.m.c.i.embedder.EclipseLogger - Using 'UTF-8' encoding to copy filtered resources.
2024-10-29 20:20:27,699 [Worker-105: Building] INFO  o.e.m.c.i.embedder.EclipseLogger - skip non existing resourceDirectory /Users/happinessndubisi/Documents/obsidi/workspace-academy-java/academy-java/src/main/resources
2024-10-29 20:20:27,709 [Worker-105: Building] INFO  o.e.m.c.i.embedder.EclipseLogger - Using 'UTF-8' encoding to copy filtered resources.
2024-10-29 20:20:27,709 [Worker-105: Building] INFO  o.e.m.c.i.embedder.EclipseLogger - skip non existing resourceDirectory /Users/happinessndubisi/Documents/obsidi/workspace-academy-java/academy-java/src/test/resources
2024-10-29 20:22:03,892 [Worker-104: Building] INFO  o.e.m.c.i.embedder.EclipseLogger - Using 'UTF-8' encoding to copy filtered resources.
2024-10-29 20:22:03,899 [Worker-104: Building] INFO  o.e.m.c.i.embedder.EclipseLogger - skip non existing resourceDirectory /Users/happinessndubisi/Documents/obsidi/workspace-academy-java/academy-java/src/main/resources
2024-10-29 20:22:03,907 [Worker-104: Building] INFO  o.e.m.c.i.embedder.EclipseLogger - Using 'UTF-8' encoding to copy filtered resources.
2024-10-29 20:22:03,908 [Worker-104: Building] INFO  o.e.m.c.i.embedder.EclipseLogger - skip non existing resourceDirectory /Users/happinessndubisi/Documents/obsidi/workspace-academy-java/academy-java/src/test/resources
2024-10-29 20:25:15,335 [Worker-103: Building] INFO  o.e.m.c.i.embedder.EclipseLogger - Using 'UTF-8' encoding to copy filtered resources.
2024-10-29 20:25:15,342 [Worker-103: Building] INFO  o.e.m.c.i.embedder.EclipseLogger - skip non existing resourceDirectory /Users/happinessndubisi/Documents/obsidi/workspace-academy-java/academy-java/src/main/resources
2024-10-29 20:25:15,350 [Worker-103: Building] INFO  o.e.m.c.i.embedder.EclipseLogger - Using 'UTF-8' encoding to copy filtered resources.
2024-10-29 20:25:15,351 [Worker-103: Building] INFO  o.e.m.c.i.embedder.EclipseLogger - skip non existing resourceDirectory /Users/happinessndubisi/Documents/obsidi/workspace-academy-java/academy-java/src/test/resources
2024-10-29 20:25:34,043 [Worker-90: Updating Maven Project] INFO  o.e.m.c.i.p.ProjectConfigurationManager - Update started
2024-10-29 20:25:36,036 [Worker-90: Updating Maven Project] INFO  o.e.m.c.i.l.LifecycleMappingFactory - Using org.eclipse.m2e.jdt.JarLifecycleMapping lifecycle mapping for MavenProject: com.bptn:academy-java:0.0.1-SNAPSHOT @ /Users/happinessndubisi/Documents/obsidi/workspace-academy-java/academy-java/pom.xml.
2024-10-29 20:25:36,597 [Worker-90: Updating Maven Project] INFO  o.e.m.j.i.AbstractJavaProjectConfigurator - Adding source folder /academy-java/src/main/java
2024-10-29 20:25:36,599 [Worker-90: Updating Maven Project] INFO  o.e.m.j.i.AbstractJavaProjectConfigurator - Adding resource folder /academy-java/src/main/resources
2024-10-29 20:25:36,600 [Worker-90: Updating Maven Project] INFO  o.e.m.j.i.AbstractJavaProjectConfigurator - Adding source folder /academy-java/src/test/java
2024-10-29 20:25:36,600 [Worker-90: Updating Maven Project] INFO  o.e.m.j.i.AbstractJavaProjectConfigurator - Adding resource folder /academy-java/src/test/resources
2024-10-29 20:25:36,681 [Worker-90: Updating Maven Project] INFO  o.e.m.jdt.internal.UnitTestSupport - Reset launch configuration name: CalculatorDemoTest
2024-10-29 20:25:36,681 [Worker-90: Updating Maven Project] INFO  o.e.m.jdt.internal.UnitTestSupport - Updating CalculatorDemoTest from maven configuration
2024-10-29 20:25:36,995 [Worker-90: Updating Maven Project] INFO  o.e.m.jdt.internal.UnitTestSupport - Reset launch configuration name: LeapYearTest
2024-10-29 20:25:36,995 [Worker-90: Updating Maven Project] INFO  o.e.m.jdt.internal.UnitTestSupport - Updating LeapYearTest from maven configuration
2024-10-29 20:25:37,005 [Worker-90: Updating Maven Project] INFO  o.e.m.jdt.internal.UnitTestSupport - Reset launch configuration name: TextbookUnitTest
2024-10-29 20:25:37,005 [Worker-90: Updating Maven Project] INFO  o.e.m.jdt.internal.UnitTestSupport - Updating TextbookUnitTest from maven configuration
2024-10-29 20:25:37,160 [Worker-90: Updating Maven Project] INFO  o.e.m.c.i.p.ProjectConfigurationManager - Update completed for 1 poms: local refresh takes 0.00 sec, refresh facades takes 2.00 sec, update config takes 0.00 sec 
2024-10-29 20:25:39,040 [Worker-105: Building] INFO  o.e.m.c.i.embedder.EclipseLogger - Using 'UTF-8' encoding to copy filtered resources.
2024-10-29 20:25:39,041 [Worker-105: Building] INFO  o.e.m.c.i.embedder.EclipseLogger - skip non existing resourceDirectory /Users/happinessndubisi/Documents/obsidi/workspace-academy-java/academy-java/src/main/resources
2024-10-29 20:25:39,048 [Worker-105: Building] INFO  o.e.m.c.i.embedder.EclipseLogger - Using 'UTF-8' encoding to copy filtered resources.
2024-10-29 20:25:39,048 [Worker-105: Building] INFO  o.e.m.c.i.embedder.EclipseLogger - skip non existing resourceDirectory /Users/happinessndubisi/Documents/obsidi/workspace-academy-java/academy-java/src/test/resources
2024-10-29 20:26:27,222 [Worker-100: Building] INFO  o.e.m.c.i.embedder.EclipseLogger - Using 'UTF-8' encoding to copy filtered resources.
2024-10-29 20:26:27,224 [Worker-100: Building] INFO  o.e.m.c.i.embedder.EclipseLogger - skip non existing resourceDirectory /Users/happinessndubisi/Documents/obsidi/workspace-academy-java/academy-java/src/main/resources
2024-10-29 20:26:27,229 [Worker-100: Building] INFO  o.e.m.c.i.embedder.EclipseLogger - Using 'UTF-8' encoding to copy filtered resources.
2024-10-29 20:26:27,230 [Worker-100: Building] INFO  o.e.m.c.i.embedder.EclipseLogger - skip non existing resourceDirectory /Users/happinessndubisi/Documents/obsidi/workspace-academy-java/academy-java/src/test/resources
2024-10-29 20:29:47,729 [Worker-104: Building] INFO  o.e.m.c.i.embedder.EclipseLogger - Using 'UTF-8' encoding to copy filtered resources.
2024-10-29 20:29:47,737 [Worker-104: Building] INFO  o.e.m.c.i.embedder.EclipseLogger - skip non existing resourceDirectory /Users/happinessndubisi/Documents/obsidi/workspace-academy-java/academy-java/src/main/resources
2024-10-29 20:29:47,746 [Worker-104: Building] INFO  o.e.m.c.i.embedder.EclipseLogger - Using 'UTF-8' encoding to copy filtered resources.
2024-10-29 20:29:47,747 [Worker-104: Building] INFO  o.e.m.c.i.embedder.EclipseLogger - skip non existing resourceDirectory /Users/happinessndubisi/Documents/obsidi/workspace-academy-java/academy-java/src/test/resources
2024-10-29 20:35:56,733 [Worker-108: Updating Maven Project] INFO  o.e.m.c.i.p.ProjectConfigurationManager - Update started
2024-10-29 20:35:57,532 [Worker-108: Updating Maven Project] INFO  o.e.m.c.i.l.LifecycleMappingFactory - Using org.eclipse.m2e.jdt.JarLifecycleMapping lifecycle mapping for MavenProject: com.bptn:academy-java:0.0.1-SNAPSHOT @ /Users/happinessndubisi/Documents/obsidi/workspace-academy-java/academy-java/pom.xml.
2024-10-29 20:35:57,851 [Worker-108: Updating Maven Project] INFO  o.e.m.j.i.AbstractJavaProjectConfigurator - Adding source folder /academy-java/src/main/java
2024-10-29 20:35:57,852 [Worker-108: Updating Maven Project] INFO  o.e.m.j.i.AbstractJavaProjectConfigurator - Adding resource folder /academy-java/src/main/resources
2024-10-29 20:35:57,853 [Worker-108: Updating Maven Project] INFO  o.e.m.j.i.AbstractJavaProjectConfigurator - Adding source folder /academy-java/src/test/java
2024-10-29 20:35:57,853 [Worker-108: Updating Maven Project] INFO  o.e.m.j.i.AbstractJavaProjectConfigurator - Adding resource folder /academy-java/src/test/resources
2024-10-29 20:35:57,922 [Worker-108: Updating Maven Project] INFO  o.e.m.jdt.internal.UnitTestSupport - Reset launch configuration name: CalculatorDemoTest
2024-10-29 20:35:57,922 [Worker-108: Updating Maven Project] INFO  o.e.m.jdt.internal.UnitTestSupport - Updating CalculatorDemoTest from maven configuration
2024-10-29 20:35:58,151 [Worker-108: Updating Maven Project] INFO  o.e.m.jdt.internal.UnitTestSupport - Reset launch configuration name: LeapYearTest
2024-10-29 20:35:58,151 [Worker-108: Updating Maven Project] INFO  o.e.m.jdt.internal.UnitTestSupport - Updating LeapYearTest from maven configuration
2024-10-29 20:35:58,160 [Worker-108: Updating Maven Project] INFO  o.e.m.jdt.internal.UnitTestSupport - Reset launch configuration name: TextbookUnitTest
2024-10-29 20:35:58,160 [Worker-108: Updating Maven Project] INFO  o.e.m.jdt.internal.UnitTestSupport - Updating TextbookUnitTest from maven configuration
2024-10-29 20:35:58,283 [Worker-108: Updating Maven Project] INFO  o.e.m.c.i.p.ProjectConfigurationManager - Update completed for 1 poms: local refresh takes 0.00 sec, refresh facades takes 0.00 sec, update config takes 0.00 sec 
2024-10-29 20:35:59,687 [Worker-110: Building] INFO  o.e.m.c.i.embedder.EclipseLogger - Using 'UTF-8' encoding to copy filtered resources.
2024-10-29 20:35:59,688 [Worker-110: Building] INFO  o.e.m.c.i.embedder.EclipseLogger - skip non existing resourceDirectory /Users/happinessndubisi/Documents/obsidi/workspace-academy-java/academy-java/src/main/resources
2024-10-29 20:35:59,693 [Worker-110: Building] INFO  o.e.m.c.i.embedder.EclipseLogger - Using 'UTF-8' encoding to copy filtered resources.
2024-10-29 20:35:59,693 [Worker-110: Building] INFO  o.e.m.c.i.embedder.EclipseLogger - skip non existing resourceDirectory /Users/happinessndubisi/Documents/obsidi/workspace-academy-java/academy-java/src/test/resources
2024-10-29 20:59:52,305 [Worker-110: Building] INFO  o.e.m.c.i.embedder.EclipseLogger - Using 'UTF-8' encoding to copy filtered resources.
2024-10-29 20:59:52,314 [Worker-110: Building] INFO  o.e.m.c.i.embedder.EclipseLogger - skip non existing resourceDirectory /Users/happinessndubisi/Documents/obsidi/workspace-academy-java/academy-java/src/main/resources
2024-10-29 20:59:52,327 [Worker-110: Building] INFO  o.e.m.c.i.embedder.EclipseLogger - Using 'UTF-8' encoding to copy filtered resources.
2024-10-29 20:59:52,327 [Worker-110: Building] INFO  o.e.m.c.i.embedder.EclipseLogger - skip non existing resourceDirectory /Users/happinessndubisi/Documents/obsidi/workspace-academy-java/academy-java/src/test/resources
2024-10-29 21:01:12,021 [Worker-108: Building] INFO  o.e.m.c.i.embedder.EclipseLogger - Using 'UTF-8' encoding to copy filtered resources.
2024-10-29 21:01:12,024 [Worker-108: Building] INFO  o.e.m.c.i.embedder.EclipseLogger - skip non existing resourceDirectory /Users/happinessndubisi/Documents/obsidi/workspace-academy-java/academy-java/src/main/resources
2024-10-29 21:01:12,068 [Worker-108: Building] INFO  o.e.m.c.i.embedder.EclipseLogger - Using 'UTF-8' encoding to copy filtered resources.
2024-10-29 21:01:12,068 [Worker-108: Building] INFO  o.e.m.c.i.embedder.EclipseLogger - skip non existing resourceDirectory /Users/happinessndubisi/Documents/obsidi/workspace-academy-java/academy-java/src/test/resources
2024-10-29 21:03:28,400 [Worker-108: Building] INFO  o.e.m.c.i.embedder.EclipseLogger - Using 'UTF-8' encoding to copy filtered resources.
2024-10-29 21:03:28,407 [Worker-108: Building] INFO  o.e.m.c.i.embedder.EclipseLogger - skip non existing resourceDirectory /Users/happinessndubisi/Documents/obsidi/workspace-academy-java/academy-java/src/main/resources
2024-10-29 21:03:28,415 [Worker-108: Building] INFO  o.e.m.c.i.embedder.EclipseLogger - Using 'UTF-8' encoding to copy filtered resources.
2024-10-29 21:03:28,415 [Worker-108: Building] INFO  o.e.m.c.i.embedder.EclipseLogger - skip non existing resourceDirectory /Users/happinessndubisi/Documents/obsidi/workspace-academy-java/academy-java/src/test/resources
2024-10-29 21:03:30,891 [Worker-110: Launching Main (3)] INFO  o.e.m.c.i.embedder.EclipseLogger - Using 'UTF-8' encoding to copy filtered resources.
2024-10-29 21:03:30,900 [Worker-110: Launching Main (3)] INFO  o.e.m.c.i.embedder.EclipseLogger - skip non existing resourceDirectory /Users/happinessndubisi/Documents/obsidi/workspace-academy-java/academy-java/src/main/resources
2024-10-29 21:03:30,909 [Worker-110: Launching Main (3)] INFO  o.e.m.c.i.embedder.EclipseLogger - Using 'UTF-8' encoding to copy filtered resources.
2024-10-29 21:03:30,909 [Worker-110: Launching Main (3)] INFO  o.e.m.c.i.embedder.EclipseLogger - skip non existing resourceDirectory /Users/happinessndubisi/Documents/obsidi/workspace-academy-java/academy-java/src/test/resources
2024-10-29 21:06:28,516 [Worker-104: Building] INFO  o.e.m.c.i.embedder.EclipseLogger - Using 'UTF-8' encoding to copy filtered resources.
2024-10-29 21:06:28,520 [Worker-104: Building] INFO  o.e.m.c.i.embedder.EclipseLogger - skip non existing resourceDirectory /Users/happinessndubisi/Documents/obsidi/workspace-academy-java/academy-java/src/main/resources
2024-10-29 21:06:28,523 [Worker-104: Building] INFO  o.e.m.c.i.embedder.EclipseLogger - Using 'UTF-8' encoding to copy filtered resources.
2024-10-29 21:06:28,524 [Worker-104: Building] INFO  o.e.m.c.i.embedder.EclipseLogger - skip non existing resourceDirectory /Users/happinessndubisi/Documents/obsidi/workspace-academy-java/academy-java/src/test/resources
2024-10-29 21:07:45,461 [Worker-113: Launching Main (3)] INFO  o.e.m.c.i.embedder.EclipseLogger - Using 'UTF-8' encoding to copy filtered resources.
2024-10-29 21:07:45,470 [Worker-113: Launching Main (3)] INFO  o.e.m.c.i.embedder.EclipseLogger - skip non existing resourceDirectory /Users/happinessndubisi/Documents/obsidi/workspace-academy-java/academy-java/src/main/resources
2024-10-29 21:07:45,478 [Worker-113: Launching Main (3)] INFO  o.e.m.c.i.embedder.EclipseLogger - Using 'UTF-8' encoding to copy filtered resources.
2024-10-29 21:07:45,479 [Worker-113: Launching Main (3)] INFO  o.e.m.c.i.embedder.EclipseLogger - skip non existing resourceDirectory /Users/happinessndubisi/Documents/obsidi/workspace-academy-java/academy-java/src/test/resources
2024-10-29 21:09:40,370 [Worker-116: Launching Main (3)] INFO  o.e.m.c.i.embedder.EclipseLogger - Using 'UTF-8' encoding to copy filtered resources.
2024-10-29 21:09:40,384 [Worker-116: Launching Main (3)] INFO  o.e.m.c.i.embedder.EclipseLogger - skip non existing resourceDirectory /Users/happinessndubisi/Documents/obsidi/workspace-academy-java/academy-java/src/main/resources
2024-10-29 21:09:40,394 [Worker-116: Launching Main (3)] INFO  o.e.m.c.i.embedder.EclipseLogger - Using 'UTF-8' encoding to copy filtered resources.
2024-10-29 21:09:40,394 [Worker-116: Launching Main (3)] INFO  o.e.m.c.i.embedder.EclipseLogger - skip non existing resourceDirectory /Users/happinessndubisi/Documents/obsidi/workspace-academy-java/academy-java/src/test/resources
2024-10-30 15:38:02,370 [Worker-8: Loading available Gradle versions] INFO  o.e.b.c.i.u.g.PublishedGradleVersions - Gradle version information cache is out-of-date. Trying to update.
2024-10-30 15:40:50,326 [Worker-7: Launching Main (2)] INFO  o.e.m.c.i.embedder.EclipseLogger - Using 'UTF-8' encoding to copy filtered resources.
2024-10-30 15:40:50,354 [Worker-7: Launching Main (2)] INFO  o.e.m.c.i.embedder.EclipseLogger - skip non existing resourceDirectory /Users/happinessndubisi/Documents/obsidi/workspace-academy-java/academy-java/src/main/resources
2024-10-30 15:40:50,365 [Worker-7: Launching Main (2)] INFO  o.e.m.c.i.embedder.EclipseLogger - Using 'UTF-8' encoding to copy filtered resources.
2024-10-30 15:40:50,365 [Worker-7: Launching Main (2)] INFO  o.e.m.c.i.embedder.EclipseLogger - skip non existing resourceDirectory /Users/happinessndubisi/Documents/obsidi/workspace-academy-java/academy-java/src/test/resources
2024-10-30 15:42:54,103 [Worker-36: Launching Main (2)] INFO  o.e.m.c.i.embedder.EclipseLogger - Using 'UTF-8' encoding to copy filtered resources.
2024-10-30 15:42:54,105 [Worker-36: Launching Main (2)] INFO  o.e.m.c.i.embedder.EclipseLogger - skip non existing resourceDirectory /Users/happinessndubisi/Documents/obsidi/workspace-academy-java/academy-java/src/main/resources
2024-10-30 15:42:54,108 [Worker-36: Launching Main (2)] INFO  o.e.m.c.i.embedder.EclipseLogger - Using 'UTF-8' encoding to copy filtered resources.
2024-10-30 15:42:54,108 [Worker-36: Launching Main (2)] INFO  o.e.m.c.i.embedder.EclipseLogger - skip non existing resourceDirectory /Users/happinessndubisi/Documents/obsidi/workspace-academy-java/academy-java/src/test/resources
2024-10-30 15:45:55,107 [Worker-18: Building] INFO  o.e.m.c.i.embedder.EclipseLogger - Using 'UTF-8' encoding to copy filtered resources.
2024-10-30 15:45:55,109 [Worker-18: Building] INFO  o.e.m.c.i.embedder.EclipseLogger - skip non existing resourceDirectory /Users/happinessndubisi/Documents/obsidi/workspace-academy-java/academy-java/src/main/resources
2024-10-30 15:45:55,126 [Worker-18: Building] INFO  o.e.m.c.i.embedder.EclipseLogger - Using 'UTF-8' encoding to copy filtered resources.
2024-10-30 15:45:55,126 [Worker-18: Building] INFO  o.e.m.c.i.embedder.EclipseLogger - skip non existing resourceDirectory /Users/happinessndubisi/Documents/obsidi/workspace-academy-java/academy-java/src/test/resources
2024-10-30 15:46:09,195 [Worker-16: Building] INFO  o.e.m.c.i.embedder.EclipseLogger - Using 'UTF-8' encoding to copy filtered resources.
2024-10-30 15:46:09,197 [Worker-16: Building] INFO  o.e.m.c.i.embedder.EclipseLogger - skip non existing resourceDirectory /Users/happinessndubisi/Documents/obsidi/workspace-academy-java/academy-java/src/main/resources
2024-10-30 15:46:09,204 [Worker-16: Building] INFO  o.e.m.c.i.embedder.EclipseLogger - Using 'UTF-8' encoding to copy filtered resources.
2024-10-30 15:46:09,205 [Worker-16: Building] INFO  o.e.m.c.i.embedder.EclipseLogger - skip non existing resourceDirectory /Users/happinessndubisi/Documents/obsidi/workspace-academy-java/academy-java/src/test/resources
2024-10-31 11:11:30,533 [Worker-7: Loading available Gradle versions] INFO  o.e.b.c.i.u.g.PublishedGradleVersions - Gradle version information cache is up-to-date. Trying to read.
2024-10-31 11:40:10,543 [Worker-40: Building] INFO  o.e.m.c.i.embedder.EclipseLogger - Using 'UTF-8' encoding to copy filtered resources.
2024-10-31 11:40:10,587 [Worker-40: Building] INFO  o.e.m.c.i.embedder.EclipseLogger - skip non existing resourceDirectory /Users/happinessndubisi/Documents/obsidi/workspace-academy-java/academy-java/src/main/resources
2024-10-31 11:40:10,608 [Worker-40: Building] INFO  o.e.m.c.i.embedder.EclipseLogger - Using 'UTF-8' encoding to copy filtered resources.
2024-10-31 11:40:10,608 [Worker-40: Building] INFO  o.e.m.c.i.embedder.EclipseLogger - skip non existing resourceDirectory /Users/happinessndubisi/Documents/obsidi/workspace-academy-java/academy-java/src/test/resources
2024-10-31 11:41:10,147 [Worker-36: Building] INFO  o.e.m.c.i.embedder.EclipseLogger - Using 'UTF-8' encoding to copy filtered resources.
2024-10-31 11:41:10,150 [Worker-36: Building] INFO  o.e.m.c.i.embedder.EclipseLogger - skip non existing resourceDirectory /Users/happinessndubisi/Documents/obsidi/workspace-academy-java/academy-java/src/main/resources
2024-10-31 11:41:10,155 [Worker-36: Building] INFO  o.e.m.c.i.embedder.EclipseLogger - Using 'UTF-8' encoding to copy filtered resources.
2024-10-31 11:41:10,155 [Worker-36: Building] INFO  o.e.m.c.i.embedder.EclipseLogger - skip non existing resourceDirectory /Users/happinessndubisi/Documents/obsidi/workspace-academy-java/academy-java/src/test/resources
2024-10-31 12:22:47,469 [Worker-47: Building] INFO  o.e.m.c.i.embedder.EclipseLogger - Using 'UTF-8' encoding to copy filtered resources.
2024-10-31 12:22:47,474 [Worker-47: Building] INFO  o.e.m.c.i.embedder.EclipseLogger - skip non existing resourceDirectory /Users/happinessndubisi/Documents/obsidi/workspace-academy-java/academy-java/src/main/resources
2024-10-31 12:22:47,483 [Worker-47: Building] INFO  o.e.m.c.i.embedder.EclipseLogger - Using 'UTF-8' encoding to copy filtered resources.
2024-10-31 12:22:47,483 [Worker-47: Building] INFO  o.e.m.c.i.embedder.EclipseLogger - skip non existing resourceDirectory /Users/happinessndubisi/Documents/obsidi/workspace-academy-java/academy-java/src/test/resources
2024-10-31 12:23:27,389 [Worker-52: Building] INFO  o.e.m.c.i.embedder.EclipseLogger - Using 'UTF-8' encoding to copy filtered resources.
2024-10-31 12:23:27,390 [Worker-52: Building] INFO  o.e.m.c.i.embedder.EclipseLogger - skip non existing resourceDirectory /Users/happinessndubisi/Documents/obsidi/workspace-academy-java/academy-java/src/main/resources
2024-10-31 12:23:27,394 [Worker-52: Building] INFO  o.e.m.c.i.embedder.EclipseLogger - Using 'UTF-8' encoding to copy filtered resources.
2024-10-31 12:23:27,395 [Worker-52: Building] INFO  o.e.m.c.i.embedder.EclipseLogger - skip non existing resourceDirectory /Users/happinessndubisi/Documents/obsidi/workspace-academy-java/academy-java/src/test/resources
2024-11-01 10:46:31,548 [Worker-6: Loading available Gradle versions] INFO  o.e.b.c.i.u.g.PublishedGradleVersions - Gradle version information cache is out-of-date. Trying to update.
2024-11-01 11:03:25,190 [Worker-7: Loading available Gradle versions] INFO  o.e.b.c.i.u.g.PublishedGradleVersions - Gradle version information cache is up-to-date. Trying to read.
2024-11-01 11:21:49,863 [Worker-4: Loading available Gradle versions] INFO  o.e.b.c.i.u.g.PublishedGradleVersions - Gradle version information cache is up-to-date. Trying to read.
2024-11-01 11:43:07,215 [Worker-49: Building] INFO  o.e.m.c.i.embedder.EclipseLogger - Using 'UTF-8' encoding to copy filtered resources.
2024-11-01 11:43:07,251 [Worker-49: Building] INFO  o.e.m.c.i.embedder.EclipseLogger - skip non existing resourceDirectory /Users/happinessndubisi/Documents/obsidi/workspace-academy-java/academy-java/src/main/resources
2024-11-01 11:43:07,265 [Worker-49: Building] INFO  o.e.m.c.i.embedder.EclipseLogger - Using 'UTF-8' encoding to copy filtered resources.
2024-11-01 11:43:07,266 [Worker-49: Building] INFO  o.e.m.c.i.embedder.EclipseLogger - skip non existing resourceDirectory /Users/happinessndubisi/Documents/obsidi/workspace-academy-java/academy-java/src/test/resources
2024-11-01 11:43:08,594 [Worker-43: Building] INFO  o.a.m.s.f.DefaultMavenResourcesFiltering - skip non existing resourceDirectory /Users/happinessndubisi/Documents/obsidi/workspace-academy-java/bptn.java/src/main/resources
2024-11-01 11:43:08,604 [Worker-43: Building] INFO  o.a.m.s.f.DefaultMavenResourcesFiltering - skip non existing resourceDirectory /Users/happinessndubisi/Documents/obsidi/workspace-academy-java/bptn.java/src/test/resources
2024-11-01 11:51:21,885 [Worker-49: Import Getting Started Content] INFO  o.e.m.c.i.e.AbstractTransferListenerAdapter - Downloading https://repo.maven.apache.org/maven2/org/springframework/boot/spring-boot-starter-parent/3.3.5/spring-boot-starter-parent-3.3.5.pom
2024-11-01 11:51:21,913 [Worker-49: Import Getting Started Content] INFO  o.e.m.c.i.e.AbstractTransferListenerAdapter - Downloaded https://repo.maven.apache.org/maven2/org/springframework/boot/spring-boot-starter-parent/3.3.5/spring-boot-starter-parent-3.3.5.pom
2024-11-01 11:51:21,959 [Worker-49: Import Getting Started Content] INFO  o.e.m.c.i.e.AbstractTransferListenerAdapter - Downloading https://repo.maven.apache.org/maven2/org/springframework/boot/spring-boot-dependencies/3.3.5/spring-boot-dependencies-3.3.5.pom
2024-11-01 11:51:21,996 [Worker-49: Import Getting Started Content] INFO  o.e.m.c.i.e.AbstractTransferListenerAdapter - Downloaded https://repo.maven.apache.org/maven2/org/springframework/boot/spring-boot-dependencies/3.3.5/spring-boot-dependencies-3.3.5.pom
2024-11-01 11:51:22,077 [Worker-49: Import Getting Started Content] INFO  o.e.m.c.i.e.AbstractTransferListenerAdapter - Downloading https://repo.maven.apache.org/maven2/org/apache/activemq/activemq-bom/6.1.3/activemq-bom-6.1.3.pom
2024-11-01 11:51:22,080 [Worker-49: Import Getting Started Content] INFO  o.e.m.c.i.e.AbstractTransferListenerAdapter - Downloaded https://repo.maven.apache.org/maven2/org/apache/activemq/activemq-bom/6.1.3/activemq-bom-6.1.3.pom
2024-11-01 11:51:22,114 [Worker-49: Import Getting Started Content] INFO  o.e.m.c.i.e.AbstractTransferListenerAdapter - Downloading https://repo.maven.apache.org/maven2/org/apache/activemq/artemis-bom/2.33.0/artemis-bom-2.33.0.pom
2024-11-01 11:51:22,116 [Worker-49: Import Getting Started Content] INFO  o.e.m.c.i.e.AbstractTransferListenerAdapter - Downloaded https://repo.maven.apache.org/maven2/org/apache/activemq/artemis-bom/2.33.0/artemis-bom-2.33.0.pom
2024-11-01 11:51:22,168 [Worker-49: Import Getting Started Content] INFO  o.e.m.c.i.e.AbstractTransferListenerAdapter - Downloading https://repo.maven.apache.org/maven2/org/apache/activemq/artemis-project/2.33.0/artemis-project-2.33.0.pom
2024-11-01 11:51:22,172 [Worker-49: Import Getting Started Content] INFO  o.e.m.c.i.e.AbstractTransferListenerAdapter - Downloaded https://repo.maven.apache.org/maven2/org/apache/activemq/artemis-project/2.33.0/artemis-project-2.33.0.pom
2024-11-01 11:51:22,238 [Worker-49: Import Getting Started Content] INFO  o.e.m.c.i.e.AbstractTransferListenerAdapter - Downloading https://repo.maven.apache.org/maven2/org/assertj/assertj-bom/3.25.3/assertj-bom-3.25.3.pom
2024-11-01 11:51:22,240 [Worker-49: Import Getting Started Content] INFO  o.e.m.c.i.e.AbstractTransferListenerAdapter - Downloaded https://repo.maven.apache.org/maven2/org/assertj/assertj-bom/3.25.3/assertj-bom-3.25.3.pom
2024-11-01 11:51:22,282 [Worker-49: Import Getting Started Content] INFO  o.e.m.c.i.e.AbstractTransferListenerAdapter - Downloading https://repo.maven.apache.org/maven2/io/zipkin/reporter2/zipkin-reporter-bom/3.4.2/zipkin-reporter-bom-3.4.2.pom
2024-11-01 11:51:22,284 [Worker-49: Import Getting Started Content] INFO  o.e.m.c.i.e.AbstractTransferListenerAdapter - Downloaded https://repo.maven.apache.org/maven2/io/zipkin/reporter2/zipkin-reporter-bom/3.4.2/zipkin-reporter-bom-3.4.2.pom
2024-11-01 11:51:22,314 [Worker-49: Import Getting Started Content] INFO  o.e.m.c.i.e.AbstractTransferListenerAdapter - Downloading https://repo.maven.apache.org/maven2/io/zipkin/brave/brave-bom/6.0.3/brave-bom-6.0.3.pom
2024-11-01 11:51:22,318 [Worker-49: Import Getting Started Content] INFO  o.e.m.c.i.e.AbstractTransferListenerAdapter - Downloaded https://repo.maven.apache.org/maven2/io/zipkin/brave/brave-bom/6.0.3/brave-bom-6.0.3.pom
2024-11-01 11:51:22,348 [Worker-49: Import Getting Started Content] INFO  o.e.m.c.i.e.AbstractTransferListenerAdapter - Downloading https://repo.maven.apache.org/maven2/org/apache/cassandra/java-driver-bom/4.18.1/java-driver-bom-4.18.1.pom
2024-11-01 11:51:22,349 [Worker-49: Import Getting Started Content] INFO  o.e.m.c.i.e.AbstractTransferListenerAdapter - Downloaded https://repo.maven.apache.org/maven2/org/apache/cassandra/java-driver-bom/4.18.1/java-driver-bom-4.18.1.pom
2024-11-01 11:51:22,389 [Worker-49: Import Getting Started Content] INFO  o.e.m.c.i.e.AbstractTransferListenerAdapter - Downloading https://repo.maven.apache.org/maven2/org/glassfish/jaxb/jaxb-bom/4.0.5/jaxb-bom-4.0.5.pom
2024-11-01 11:51:22,392 [Worker-49: Import Getting Started Content] INFO  o.e.m.c.i.e.AbstractTransferListenerAdapter - Downloaded https://repo.maven.apache.org/maven2/org/glassfish/jaxb/jaxb-bom/4.0.5/jaxb-bom-4.0.5.pom
2024-11-01 11:51:22,416 [Worker-49: Import Getting Started Content] INFO  o.e.m.c.i.e.AbstractTransferListenerAdapter - Downloading https://repo.maven.apache.org/maven2/org/eclipse/ee4j/project/1.0.9/project-1.0.9.pom
2024-11-01 11:51:22,420 [Worker-49: Import Getting Started Content] INFO  o.e.m.c.i.e.AbstractTransferListenerAdapter - Downloaded https://repo.maven.apache.org/maven2/org/eclipse/ee4j/project/1.0.9/project-1.0.9.pom
2024-11-01 11:51:22,464 [Worker-49: Import Getting Started Content] INFO  o.e.m.c.i.e.AbstractTransferListenerAdapter - Downloading https://repo.maven.apache.org/maven2/org/infinispan/infinispan-bom/15.0.10.Final/infinispan-bom-15.0.10.Final.pom
2024-11-01 11:51:22,483 [Worker-49: Import Getting Started Content] INFO  o.e.m.c.i.e.AbstractTransferListenerAdapter - Downloaded https://repo.maven.apache.org/maven2/org/infinispan/infinispan-bom/15.0.10.Final/infinispan-bom-15.0.10.Final.pom
2024-11-01 11:51:22,524 [Worker-49: Import Getting Started Content] INFO  o.e.m.c.i.e.AbstractTransferListenerAdapter - Downloading https://repo.maven.apache.org/maven2/org/infinispan/infinispan-build-configuration-parent/15.0.10.Final/infinispan-build-configuration-parent-15.0.10.Final.pom
2024-11-01 11:51:22,527 [Worker-49: Import Getting Started Content] INFO  o.e.m.c.i.e.AbstractTransferListenerAdapter - Downloaded https://repo.maven.apache.org/maven2/org/infinispan/infinispan-build-configuration-parent/15.0.10.Final/infinispan-build-configuration-parent-15.0.10.Final.pom
2024-11-01 11:51:22,565 [Worker-49: Import Getting Started Content] INFO  o.e.m.c.i.e.AbstractTransferListenerAdapter - Downloading https://repo.maven.apache.org/maven2/org/jboss/jboss-parent/43/jboss-parent-43.pom
2024-11-01 11:51:22,578 [Worker-49: Import Getting Started Content] INFO  o.e.m.c.i.e.AbstractTransferListenerAdapter - Downloaded https://repo.maven.apache.org/maven2/org/jboss/jboss-parent/43/jboss-parent-43.pom
2024-11-01 11:51:22,633 [Worker-49: Import Getting Started Content] INFO  o.e.m.c.i.e.AbstractTransferListenerAdapter - Downloading https://repo.maven.apache.org/maven2/com/fasterxml/jackson/jackson-bom/2.17.2/jackson-bom-2.17.2.pom
2024-11-01 11:51:22,635 [Worker-49: Import Getting Started Content] INFO  o.e.m.c.i.e.AbstractTransferListenerAdapter - Downloaded https://repo.maven.apache.org/maven2/com/fasterxml/jackson/jackson-bom/2.17.2/jackson-bom-2.17.2.pom
2024-11-01 11:51:22,669 [Worker-49: Import Getting Started Content] INFO  o.e.m.c.i.e.AbstractTransferListenerAdapter - Downloading https://repo.maven.apache.org/maven2/com/fasterxml/jackson/jackson-parent/2.17/jackson-parent-2.17.pom
2024-11-01 11:51:22,673 [Worker-49: Import Getting Started Content] INFO  o.e.m.c.i.e.AbstractTransferListenerAdapter - Downloaded https://repo.maven.apache.org/maven2/com/fasterxml/jackson/jackson-parent/2.17/jackson-parent-2.17.pom
2024-11-01 11:51:22,704 [Worker-49: Import Getting Started Content] INFO  o.e.m.c.i.e.AbstractTransferListenerAdapter - Downloading https://repo.maven.apache.org/maven2/com/fasterxml/oss-parent/58/oss-parent-58.pom
2024-11-01 11:51:22,710 [Worker-49: Import Getting Started Content] INFO  o.e.m.c.i.e.AbstractTransferListenerAdapter - Downloaded https://repo.maven.apache.org/maven2/com/fasterxml/oss-parent/58/oss-parent-58.pom
2024-11-01 11:51:22,744 [Worker-49: Import Getting Started Content] INFO  o.e.m.c.i.e.AbstractTransferListenerAdapter - Downloading https://repo.maven.apache.org/maven2/org/glassfish/jersey/jersey-bom/3.1.9/jersey-bom-3.1.9.pom
2024-11-01 11:51:22,749 [Worker-49: Import Getting Started Content] INFO  o.e.m.c.i.e.AbstractTransferListenerAdapter - Downloaded https://repo.maven.apache.org/maven2/org/glassfish/jersey/jersey-bom/3.1.9/jersey-bom-3.1.9.pom
2024-11-01 11:51:22,778 [Worker-49: Import Getting Started Content] INFO  o.e.m.c.i.e.AbstractTransferListenerAdapter - Downloading https://repo.maven.apache.org/maven2/org/eclipse/jetty/ee10/jetty-ee10-bom/12.0.14/jetty-ee10-bom-12.0.14.pom
2024-11-01 11:51:22,780 [Worker-49: Import Getting Started Content] INFO  o.e.m.c.i.e.AbstractTransferListenerAdapter - Downloaded https://repo.maven.apache.org/maven2/org/eclipse/jetty/ee10/jetty-ee10-bom/12.0.14/jetty-ee10-bom-12.0.14.pom
2024-11-01 11:51:22,811 [Worker-49: Import Getting Started Content] INFO  o.e.m.c.i.e.AbstractTransferListenerAdapter - Downloading https://repo.maven.apache.org/maven2/org/eclipse/jetty/jetty-bom/12.0.14/jetty-bom-12.0.14.pom
2024-11-01 11:51:22,814 [Worker-49: Import Getting Started Content] INFO  o.e.m.c.i.e.AbstractTransferListenerAdapter - Downloaded https://repo.maven.apache.org/maven2/org/eclipse/jetty/jetty-bom/12.0.14/jetty-bom-12.0.14.pom
2024-11-01 11:51:22,848 [Worker-49: Import Getting Started Content] INFO  o.e.m.c.i.e.AbstractTransferListenerAdapter - Downloading https://repo.maven.apache.org/maven2/org/junit/junit-bom/5.10.5/junit-bom-5.10.5.pom
2024-11-01 11:51:22,850 [Worker-49: Import Getting Started Content] INFO  o.e.m.c.i.e.AbstractTransferListenerAdapter - Downloaded https://repo.maven.apache.org/maven2/org/junit/junit-bom/5.10.5/junit-bom-5.10.5.pom
2024-11-01 11:51:22,946 [Worker-49: Import Getting Started Content] INFO  o.e.m.c.i.e.AbstractTransferListenerAdapter - Downloading https://repo.maven.apache.org/maven2/org/jetbrains/kotlin/kotlin-bom/1.9.25/kotlin-bom-1.9.25.pom
2024-11-01 11:51:22,951 [Worker-49: Import Getting Started Content] INFO  o.e.m.c.i.e.AbstractTransferListenerAdapter - Downloaded https://repo.maven.apache.org/maven2/org/jetbrains/kotlin/kotlin-bom/1.9.25/kotlin-bom-1.9.25.pom
2024-11-01 11:51:22,994 [Worker-49: Import Getting Started Content] INFO  o.e.m.c.i.e.AbstractTransferListenerAdapter - Downloading https://repo.maven.apache.org/maven2/org/jetbrains/kotlinx/kotlinx-coroutines-bom/1.8.1/kotlinx-coroutines-bom-1.8.1.pom
2024-11-01 11:51:22,998 [Worker-49: Import Getting Started Content] INFO  o.e.m.c.i.e.AbstractTransferListenerAdapter - Downloaded https://repo.maven.apache.org/maven2/org/jetbrains/kotlinx/kotlinx-coroutines-bom/1.8.1/kotlinx-coroutines-bom-1.8.1.pom
2024-11-01 11:51:23,031 [Worker-49: Import Getting Started Content] INFO  o.e.m.c.i.e.AbstractTransferListenerAdapter - Downloading https://repo.maven.apache.org/maven2/org/jetbrains/kotlinx/kotlinx-serialization-bom/1.6.3/kotlinx-serialization-bom-1.6.3.pom
2024-11-01 11:51:23,033 [Worker-49: Import Getting Started Content] INFO  o.e.m.c.i.e.AbstractTransferListenerAdapter - Downloaded https://repo.maven.apache.org/maven2/org/jetbrains/kotlinx/kotlinx-serialization-bom/1.6.3/kotlinx-serialization-bom-1.6.3.pom
2024-11-01 11:51:23,073 [Worker-49: Import Getting Started Content] INFO  o.e.m.c.i.e.AbstractTransferListenerAdapter - Downloading https://repo.maven.apache.org/maven2/org/apache/logging/log4j/log4j-bom/2.23.1/log4j-bom-2.23.1.pom
2024-11-01 11:51:23,078 [Worker-49: Import Getting Started Content] INFO  o.e.m.c.i.e.AbstractTransferListenerAdapter - Downloaded https://repo.maven.apache.org/maven2/org/apache/logging/log4j/log4j-bom/2.23.1/log4j-bom-2.23.1.pom
2024-11-01 11:51:23,109 [Worker-49: Import Getting Started Content] INFO  o.e.m.c.i.e.AbstractTransferListenerAdapter - Downloading https://repo.maven.apache.org/maven2/org/apache/logging/logging-parent/10.6.0/logging-parent-10.6.0.pom
2024-11-01 11:51:23,115 [Worker-49: Import Getting Started Content] INFO  o.e.m.c.i.e.AbstractTransferListenerAdapter - Downloaded https://repo.maven.apache.org/maven2/org/apache/logging/logging-parent/10.6.0/logging-parent-10.6.0.pom
2024-11-01 11:51:23,154 [Worker-49: Import Getting Started Content] INFO  o.e.m.c.i.e.AbstractTransferListenerAdapter - Downloading https://repo.maven.apache.org/maven2/io/micrometer/micrometer-bom/1.13.6/micrometer-bom-1.13.6.pom
2024-11-01 11:51:23,156 [Worker-49: Import Getting Started Content] INFO  o.e.m.c.i.e.AbstractTransferListenerAdapter - Downloaded https://repo.maven.apache.org/maven2/io/micrometer/micrometer-bom/1.13.6/micrometer-bom-1.13.6.pom
2024-11-01 11:51:23,180 [Worker-49: Import Getting Started Content] INFO  o.e.m.c.i.e.AbstractTransferListenerAdapter - Downloading https://repo.maven.apache.org/maven2/io/micrometer/micrometer-tracing-bom/1.3.5/micrometer-tracing-bom-1.3.5.pom
2024-11-01 11:51:23,184 [Worker-49: Import Getting Started Content] INFO  o.e.m.c.i.e.AbstractTransferListenerAdapter - Downloaded https://repo.maven.apache.org/maven2/io/micrometer/micrometer-tracing-bom/1.3.5/micrometer-tracing-bom-1.3.5.pom
2024-11-01 11:51:23,206 [Worker-49: Import Getting Started Content] INFO  o.e.m.c.i.e.AbstractTransferListenerAdapter - Downloading https://repo.maven.apache.org/maven2/org/mockito/mockito-bom/5.11.0/mockito-bom-5.11.0.pom
2024-11-01 11:51:23,210 [Worker-49: Import Getting Started Content] INFO  o.e.m.c.i.e.AbstractTransferListenerAdapter - Downloaded https://repo.maven.apache.org/maven2/org/mockito/mockito-bom/5.11.0/mockito-bom-5.11.0.pom
2024-11-01 11:51:23,241 [Worker-49: Import Getting Started Content] INFO  o.e.m.c.i.e.AbstractTransferListenerAdapter - Downloading https://repo.maven.apache.org/maven2/io/netty/netty-bom/4.1.114.Final/netty-bom-4.1.114.Final.pom
2024-11-01 11:51:23,244 [Worker-49: Import Getting Started Content] INFO  o.e.m.c.i.e.AbstractTransferListenerAdapter - Downloaded https://repo.maven.apache.org/maven2/io/netty/netty-bom/4.1.114.Final/netty-bom-4.1.114.Final.pom
2024-11-01 11:51:23,269 [Worker-49: Import Getting Started Content] INFO  o.e.m.c.i.e.AbstractTransferListenerAdapter - Downloading https://repo.maven.apache.org/maven2/org/sonatype/oss/oss-parent/7/oss-parent-7.pom
2024-11-01 11:51:23,271 [Worker-49: Import Getting Started Content] INFO  o.e.m.c.i.e.AbstractTransferListenerAdapter - Downloaded https://repo.maven.apache.org/maven2/org/sonatype/oss/oss-parent/7/oss-parent-7.pom
2024-11-01 11:51:23,308 [Worker-49: Import Getting Started Content] INFO  o.e.m.c.i.e.AbstractTransferListenerAdapter - Downloading https://repo.maven.apache.org/maven2/com/squareup/okhttp3/okhttp-bom/4.12.0/okhttp-bom-4.12.0.pom
2024-11-01 11:51:23,310 [Worker-49: Import Getting Started Content] INFO  o.e.m.c.i.e.AbstractTransferListenerAdapter - Downloaded https://repo.maven.apache.org/maven2/com/squareup/okhttp3/okhttp-bom/4.12.0/okhttp-bom-4.12.0.pom
2024-11-01 11:51:23,337 [Worker-49: Import Getting Started Content] INFO  o.e.m.c.i.e.AbstractTransferListenerAdapter - Downloading https://repo.maven.apache.org/maven2/io/opentelemetry/opentelemetry-bom/1.37.0/opentelemetry-bom-1.37.0.pom
2024-11-01 11:51:23,339 [Worker-49: Import Getting Started Content] INFO  o.e.m.c.i.e.AbstractTransferListenerAdapter - Downloaded https://repo.maven.apache.org/maven2/io/opentelemetry/opentelemetry-bom/1.37.0/opentelemetry-bom-1.37.0.pom
2024-11-01 11:51:23,371 [Worker-49: Import Getting Started Content] INFO  o.e.m.c.i.e.AbstractTransferListenerAdapter - Downloading https://repo.maven.apache.org/maven2/io/prometheus/prometheus-metrics-bom/1.2.1/prometheus-metrics-bom-1.2.1.pom
2024-11-01 11:51:23,373 [Worker-49: Import Getting Started Content] INFO  o.e.m.c.i.e.AbstractTransferListenerAdapter - Downloaded https://repo.maven.apache.org/maven2/io/prometheus/prometheus-metrics-bom/1.2.1/prometheus-metrics-bom-1.2.1.pom
2024-11-01 11:51:23,394 [Worker-49: Import Getting Started Content] INFO  o.e.m.c.i.e.AbstractTransferListenerAdapter - Downloading https://repo.maven.apache.org/maven2/io/prometheus/client_java/1.2.1/client_java-1.2.1.pom
2024-11-01 11:51:23,397 [Worker-49: Import Getting Started Content] INFO  o.e.m.c.i.e.AbstractTransferListenerAdapter - Downloaded https://repo.maven.apache.org/maven2/io/prometheus/client_java/1.2.1/client_java-1.2.1.pom
2024-11-01 11:51:23,426 [Worker-49: Import Getting Started Content] INFO  o.e.m.c.i.e.AbstractTransferListenerAdapter - Downloading https://repo.maven.apache.org/maven2/io/prometheus/simpleclient_bom/0.16.0/simpleclient_bom-0.16.0.pom
2024-11-01 11:51:23,428 [Worker-49: Import Getting Started Content] INFO  o.e.m.c.i.e.AbstractTransferListenerAdapter - Downloaded https://repo.maven.apache.org/maven2/io/prometheus/simpleclient_bom/0.16.0/simpleclient_bom-0.16.0.pom
2024-11-01 11:51:23,452 [Worker-49: Import Getting Started Content] INFO  o.e.m.c.i.e.AbstractTransferListenerAdapter - Downloading https://repo.maven.apache.org/maven2/io/prometheus/parent/0.16.0/parent-0.16.0.pom
2024-11-01 11:51:23,455 [Worker-49: Import Getting Started Content] INFO  o.e.m.c.i.e.AbstractTransferListenerAdapter - Downloaded https://repo.maven.apache.org/maven2/io/prometheus/parent/0.16.0/parent-0.16.0.pom
2024-11-01 11:51:23,490 [Worker-49: Import Getting Started Content] INFO  o.e.m.c.i.e.AbstractTransferListenerAdapter - Downloading https://repo.maven.apache.org/maven2/org/apache/pulsar/pulsar-bom/3.2.4/pulsar-bom-3.2.4.pom
2024-11-01 11:51:23,498 [Worker-49: Import Getting Started Content] INFO  o.e.m.c.i.e.AbstractTransferListenerAdapter - Downloaded https://repo.maven.apache.org/maven2/org/apache/pulsar/pulsar-bom/3.2.4/pulsar-bom-3.2.4.pom
2024-11-01 11:51:23,552 [Worker-49: Import Getting Started Content] INFO  o.e.m.c.i.e.AbstractTransferListenerAdapter - Downloading https://repo.maven.apache.org/maven2/com/querydsl/querydsl-bom/5.1.0/querydsl-bom-5.1.0.pom
2024-11-01 11:51:23,556 [Worker-49: Import Getting Started Content] INFO  o.e.m.c.i.e.AbstractTransferListenerAdapter - Downloaded https://repo.maven.apache.org/maven2/com/querydsl/querydsl-bom/5.1.0/querydsl-bom-5.1.0.pom
2024-11-01 11:51:23,590 [Worker-49: Import Getting Started Content] INFO  o.e.m.c.i.e.AbstractTransferListenerAdapter - Downloading https://repo.maven.apache.org/maven2/io/projectreactor/reactor-bom/2023.0.11/reactor-bom-2023.0.11.pom
2024-11-01 11:51:23,593 [Worker-49: Import Getting Started Content] INFO  o.e.m.c.i.e.AbstractTransferListenerAdapter - Downloaded https://repo.maven.apache.org/maven2/io/projectreactor/reactor-bom/2023.0.11/reactor-bom-2023.0.11.pom
2024-11-01 11:51:23,623 [Worker-49: Import Getting Started Content] INFO  o.e.m.c.i.e.AbstractTransferListenerAdapter - Downloading https://repo.maven.apache.org/maven2/io/rest-assured/rest-assured-bom/5.4.0/rest-assured-bom-5.4.0.pom
2024-11-01 11:51:23,639 [Worker-49: Import Getting Started Content] INFO  o.e.m.c.i.e.AbstractTransferListenerAdapter - Downloaded https://repo.maven.apache.org/maven2/io/rest-assured/rest-assured-bom/5.4.0/rest-assured-bom-5.4.0.pom
2024-11-01 11:51:23,676 [Worker-49: Import Getting Started Content] INFO  o.e.m.c.i.e.AbstractTransferListenerAdapter - Downloading https://repo.maven.apache.org/maven2/io/rsocket/rsocket-bom/1.1.3/rsocket-bom-1.1.3.pom
2024-11-01 11:51:23,678 [Worker-49: Import Getting Started Content] INFO  o.e.m.c.i.e.AbstractTransferListenerAdapter - Downloaded https://repo.maven.apache.org/maven2/io/rsocket/rsocket-bom/1.1.3/rsocket-bom-1.1.3.pom
2024-11-01 11:51:23,705 [Worker-49: Import Getting Started Content] INFO  o.e.m.c.i.e.AbstractTransferListenerAdapter - Downloading https://repo.maven.apache.org/maven2/org/seleniumhq/selenium/selenium-bom/4.19.1/selenium-bom-4.19.1.pom
2024-11-01 11:51:23,707 [Worker-49: Import Getting Started Content] INFO  o.e.m.c.i.e.AbstractTransferListenerAdapter - Downloaded https://repo.maven.apache.org/maven2/org/seleniumhq/selenium/selenium-bom/4.19.1/selenium-bom-4.19.1.pom
2024-11-01 11:51:23,744 [Worker-49: Import Getting Started Content] INFO  o.e.m.c.i.e.AbstractTransferListenerAdapter - Downloading https://repo.maven.apache.org/maven2/org/springframework/amqp/spring-amqp-bom/3.1.7/spring-amqp-bom-3.1.7.pom
2024-11-01 11:51:23,745 [Worker-49: Import Getting Started Content] INFO  o.e.m.c.i.e.AbstractTransferListenerAdapter - Downloaded https://repo.maven.apache.org/maven2/org/springframework/amqp/spring-amqp-bom/3.1.7/spring-amqp-bom-3.1.7.pom
2024-11-01 11:51:23,773 [Worker-49: Import Getting Started Content] INFO  o.e.m.c.i.e.AbstractTransferListenerAdapter - Downloading https://repo.maven.apache.org/maven2/org/springframework/batch/spring-batch-bom/5.1.2/spring-batch-bom-5.1.2.pom
2024-11-01 11:51:23,777 [Worker-49: Import Getting Started Content] INFO  o.e.m.c.i.e.AbstractTransferListenerAdapter - Downloaded https://repo.maven.apache.org/maven2/org/springframework/batch/spring-batch-bom/5.1.2/spring-batch-bom-5.1.2.pom
2024-11-01 11:51:23,817 [Worker-49: Import Getting Started Content] INFO  o.e.m.c.i.e.AbstractTransferListenerAdapter - Downloading https://repo.maven.apache.org/maven2/org/springframework/data/spring-data-bom/2024.0.5/spring-data-bom-2024.0.5.pom
2024-11-01 11:51:23,819 [Worker-49: Import Getting Started Content] INFO  o.e.m.c.i.e.AbstractTransferListenerAdapter - Downloaded https://repo.maven.apache.org/maven2/org/springframework/data/spring-data-bom/2024.0.5/spring-data-bom-2024.0.5.pom
2024-11-01 11:51:23,846 [Worker-49: Import Getting Started Content] INFO  o.e.m.c.i.e.AbstractTransferListenerAdapter - Downloading https://repo.maven.apache.org/maven2/org/springframework/spring-framework-bom/6.1.14/spring-framework-bom-6.1.14.pom
2024-11-01 11:51:23,847 [Worker-49: Import Getting Started Content] INFO  o.e.m.c.i.e.AbstractTransferListenerAdapter - Downloaded https://repo.maven.apache.org/maven2/org/springframework/spring-framework-bom/6.1.14/spring-framework-bom-6.1.14.pom
2024-11-01 11:51:23,873 [Worker-49: Import Getting Started Content] INFO  o.e.m.c.i.e.AbstractTransferListenerAdapter - Downloading https://repo.maven.apache.org/maven2/org/springframework/integration/spring-integration-bom/6.3.5/spring-integration-bom-6.3.5.pom
2024-11-01 11:51:23,878 [Worker-49: Import Getting Started Content] INFO  o.e.m.c.i.e.AbstractTransferListenerAdapter - Downloaded https://repo.maven.apache.org/maven2/org/springframework/integration/spring-integration-bom/6.3.5/spring-integration-bom-6.3.5.pom
2024-11-01 11:51:23,918 [Worker-49: Import Getting Started Content] INFO  o.e.m.c.i.e.AbstractTransferListenerAdapter - Downloading https://repo.maven.apache.org/maven2/org/springframework/pulsar/spring-pulsar-bom/1.1.5/spring-pulsar-bom-1.1.5.pom
2024-11-01 11:51:23,920 [Worker-49: Import Getting Started Content] INFO  o.e.m.c.i.e.AbstractTransferListenerAdapter - Downloaded https://repo.maven.apache.org/maven2/org/springframework/pulsar/spring-pulsar-bom/1.1.5/spring-pulsar-bom-1.1.5.pom
2024-11-01 11:51:23,945 [Worker-49: Import Getting Started Content] INFO  o.e.m.c.i.e.AbstractTransferListenerAdapter - Downloading https://repo.maven.apache.org/maven2/org/springframework/restdocs/spring-restdocs-bom/3.0.2/spring-restdocs-bom-3.0.2.pom
2024-11-01 11:51:23,948 [Worker-49: Import Getting Started Content] INFO  o.e.m.c.i.e.AbstractTransferListenerAdapter - Downloaded https://repo.maven.apache.org/maven2/org/springframework/restdocs/spring-restdocs-bom/3.0.2/spring-restdocs-bom-3.0.2.pom
2024-11-01 11:51:23,974 [Worker-49: Import Getting Started Content] INFO  o.e.m.c.i.e.AbstractTransferListenerAdapter - Downloading https://repo.maven.apache.org/maven2/org/springframework/security/spring-security-bom/6.3.4/spring-security-bom-6.3.4.pom
2024-11-01 11:51:23,981 [Worker-49: Import Getting Started Content] INFO  o.e.m.c.i.e.AbstractTransferListenerAdapter - Downloaded https://repo.maven.apache.org/maven2/org/springframework/security/spring-security-bom/6.3.4/spring-security-bom-6.3.4.pom
2024-11-01 11:51:24,014 [Worker-49: Import Getting Started Content] INFO  o.e.m.c.i.e.AbstractTransferListenerAdapter - Downloading https://repo.maven.apache.org/maven2/org/springframework/session/spring-session-bom/3.3.3/spring-session-bom-3.3.3.pom
2024-11-01 11:51:24,018 [Worker-49: Import Getting Started Content] INFO  o.e.m.c.i.e.AbstractTransferListenerAdapter - Downloaded https://repo.maven.apache.org/maven2/org/springframework/session/spring-session-bom/3.3.3/spring-session-bom-3.3.3.pom
2024-11-01 11:51:24,044 [Worker-49: Import Getting Started Content] INFO  o.e.m.c.i.e.AbstractTransferListenerAdapter - Downloading https://repo.maven.apache.org/maven2/org/springframework/ws/spring-ws-bom/4.0.11/spring-ws-bom-4.0.11.pom
2024-11-01 11:51:24,046 [Worker-49: Import Getting Started Content] INFO  o.e.m.c.i.e.AbstractTransferListenerAdapter - Downloaded https://repo.maven.apache.org/maven2/org/springframework/ws/spring-ws-bom/4.0.11/spring-ws-bom-4.0.11.pom
2024-11-01 11:51:24,079 [Worker-49: Import Getting Started Content] INFO  o.e.m.c.i.e.AbstractTransferListenerAdapter - Downloading https://repo.maven.apache.org/maven2/org/testcontainers/testcontainers-bom/1.19.8/testcontainers-bom-1.19.8.pom
2024-11-01 11:51:24,085 [Worker-49: Import Getting Started Content] INFO  o.e.m.c.i.e.AbstractTransferListenerAdapter - Downloaded https://repo.maven.apache.org/maven2/org/testcontainers/testcontainers-bom/1.19.8/testcontainers-bom-1.19.8.pom
2024-11-01 11:51:24,744 [Worker-49: Import Getting Started Content] INFO  o.e.m.c.i.e.AbstractTransferListenerAdapter - Downloading https://repo.maven.apache.org/maven2/org/springframework/boot/spring-boot-maven-plugin/3.3.5/spring-boot-maven-plugin-3.3.5.pom
2024-11-01 11:51:24,752 [Worker-49: Import Getting Started Content] INFO  o.e.m.c.i.e.AbstractTransferListenerAdapter - Downloaded https://repo.maven.apache.org/maven2/org/springframework/boot/spring-boot-maven-plugin/3.3.5/spring-boot-maven-plugin-3.3.5.pom
2024-11-01 11:51:24,814 [Worker-49: Import Getting Started Content] INFO  o.e.m.c.i.e.AbstractTransferListenerAdapter - Downloading https://repo.maven.apache.org/maven2/org/springframework/boot/spring-boot-maven-plugin/3.3.5/spring-boot-maven-plugin-3.3.5.jar
2024-11-01 11:51:24,829 [Worker-49: Import Getting Started Content] INFO  o.e.m.c.i.e.AbstractTransferListenerAdapter - Downloaded https://repo.maven.apache.org/maven2/org/springframework/boot/spring-boot-maven-plugin/3.3.5/spring-boot-maven-plugin-3.3.5.jar
2024-11-01 11:51:24,936 [Worker-49: Import Getting Started Content] INFO  o.e.m.c.i.e.AbstractTransferListenerAdapter - Downloading https://repo.maven.apache.org/maven2/org/apache/maven/plugins/maven-clean-plugin/3.3.2/maven-clean-plugin-3.3.2.jar
2024-11-01 11:51:24,938 [Worker-49: Import Getting Started Content] INFO  o.e.m.c.i.e.AbstractTransferListenerAdapter - Downloaded https://repo.maven.apache.org/maven2/org/apache/maven/plugins/maven-clean-plugin/3.3.2/maven-clean-plugin-3.3.2.jar
2024-11-01 11:51:24,990 [Worker-49: Import Getting Started Content] INFO  o.e.m.c.i.e.AbstractTransferListenerAdapter - Downloading https://repo.maven.apache.org/maven2/org/apache/maven/plugins/maven-install-plugin/3.1.3/maven-install-plugin-3.1.3.jar
2024-11-01 11:51:24,994 [Worker-49: Import Getting Started Content] INFO  o.e.m.c.i.e.AbstractTransferListenerAdapter - Downloaded https://repo.maven.apache.org/maven2/org/apache/maven/plugins/maven-install-plugin/3.1.3/maven-install-plugin-3.1.3.jar
2024-11-01 11:51:25,031 [Worker-49: Import Getting Started Content] INFO  o.e.m.c.i.e.AbstractTransferListenerAdapter - Downloading https://repo.maven.apache.org/maven2/org/apache/maven/plugins/maven-deploy-plugin/3.1.3/maven-deploy-plugin-3.1.3.jar
2024-11-01 11:51:25,036 [Worker-49: Import Getting Started Content] INFO  o.e.m.c.i.e.AbstractTransferListenerAdapter - Downloaded https://repo.maven.apache.org/maven2/org/apache/maven/plugins/maven-deploy-plugin/3.1.3/maven-deploy-plugin-3.1.3.jar
2024-11-01 11:51:25,365 [Worker-49: Import Getting Started Content] INFO  o.e.m.c.i.l.LifecycleMappingFactory - Using org.eclipse.m2e.jdt.JarLifecycleMapping lifecycle mapping for MavenProject: com.example:feedApp:0.0.1-SNAPSHOT @ /Users/happinessndubisi/Documents/obsidi/workspace-academy-java/feedApp/pom.xml.
2024-11-01 11:51:25,414 [Worker-49: Import Getting Started Content] INFO  o.e.m.c.i.e.AbstractTransferListenerAdapter - Downloading https://repo.maven.apache.org/maven2/org/springframework/boot/spring-boot-starter-web/3.3.5/spring-boot-starter-web-3.3.5.pom
2024-11-01 11:51:25,420 [Worker-49: Import Getting Started Content] INFO  o.e.m.c.i.e.AbstractTransferListenerAdapter - Downloaded https://repo.maven.apache.org/maven2/org/springframework/boot/spring-boot-starter-web/3.3.5/spring-boot-starter-web-3.3.5.pom
2024-11-01 11:51:25,455 [Worker-49: Import Getting Started Content] INFO  o.e.m.c.i.e.AbstractTransferListenerAdapter - Downloading https://repo.maven.apache.org/maven2/org/springframework/boot/spring-boot-starter/3.3.5/spring-boot-starter-3.3.5.pom
2024-11-01 11:51:25,457 [Worker-49: Import Getting Started Content] INFO  o.e.m.c.i.e.AbstractTransferListenerAdapter - Downloaded https://repo.maven.apache.org/maven2/org/springframework/boot/spring-boot-starter/3.3.5/spring-boot-starter-3.3.5.pom
2024-11-01 11:51:25,482 [Worker-49: Import Getting Started Content] INFO  o.e.m.c.i.e.AbstractTransferListenerAdapter - Downloading https://repo.maven.apache.org/maven2/org/springframework/boot/spring-boot/3.3.5/spring-boot-3.3.5.pom
2024-11-01 11:51:25,485 [Worker-49: Import Getting Started Content] INFO  o.e.m.c.i.e.AbstractTransferListenerAdapter - Downloaded https://repo.maven.apache.org/maven2/org/springframework/boot/spring-boot/3.3.5/spring-boot-3.3.5.pom
2024-11-01 11:51:25,506 [Worker-49: Import Getting Started Content] INFO  o.e.m.c.i.e.AbstractTransferListenerAdapter - Downloading https://repo.maven.apache.org/maven2/org/springframework/spring-core/6.1.14/spring-core-6.1.14.pom
2024-11-01 11:51:25,508 [Worker-49: Import Getting Started Content] INFO  o.e.m.c.i.e.AbstractTransferListenerAdapter - Downloaded https://repo.maven.apache.org/maven2/org/springframework/spring-core/6.1.14/spring-core-6.1.14.pom
2024-11-01 11:51:25,532 [Worker-49: Import Getting Started Content] INFO  o.e.m.c.i.e.AbstractTransferListenerAdapter - Downloading https://repo.maven.apache.org/maven2/org/springframework/spring-jcl/6.1.14/spring-jcl-6.1.14.pom
2024-11-01 11:51:25,535 [Worker-49: Import Getting Started Content] INFO  o.e.m.c.i.e.AbstractTransferListenerAdapter - Downloaded https://repo.maven.apache.org/maven2/org/springframework/spring-jcl/6.1.14/spring-jcl-6.1.14.pom
2024-11-01 11:51:25,560 [Worker-49: Import Getting Started Content] INFO  o.e.m.c.i.e.AbstractTransferListenerAdapter - Downloading https://repo.maven.apache.org/maven2/org/springframework/spring-context/6.1.14/spring-context-6.1.14.pom
2024-11-01 11:51:25,562 [Worker-49: Import Getting Started Content] INFO  o.e.m.c.i.e.AbstractTransferListenerAdapter - Downloaded https://repo.maven.apache.org/maven2/org/springframework/spring-context/6.1.14/spring-context-6.1.14.pom
2024-11-01 11:51:25,589 [Worker-49: Import Getting Started Content] INFO  o.e.m.c.i.e.AbstractTransferListenerAdapter - Downloading https://repo.maven.apache.org/maven2/org/springframework/spring-aop/6.1.14/spring-aop-6.1.14.pom
2024-11-01 11:51:25,590 [Worker-49: Import Getting Started Content] INFO  o.e.m.c.i.e.AbstractTransferListenerAdapter - Downloaded https://repo.maven.apache.org/maven2/org/springframework/spring-aop/6.1.14/spring-aop-6.1.14.pom
2024-11-01 11:51:25,620 [Worker-49: Import Getting Started Content] INFO  o.e.m.c.i.e.AbstractTransferListenerAdapter - Downloading https://repo.maven.apache.org/maven2/org/springframework/spring-beans/6.1.14/spring-beans-6.1.14.pom
2024-11-01 11:51:25,622 [Worker-49: Import Getting Started Content] INFO  o.e.m.c.i.e.AbstractTransferListenerAdapter - Downloaded https://repo.maven.apache.org/maven2/org/springframework/spring-beans/6.1.14/spring-beans-6.1.14.pom
2024-11-01 11:51:25,647 [Worker-49: Import Getting Started Content] INFO  o.e.m.c.i.e.AbstractTransferListenerAdapter - Downloading https://repo.maven.apache.org/maven2/org/springframework/spring-expression/6.1.14/spring-expression-6.1.14.pom
2024-11-01 11:51:25,649 [Worker-49: Import Getting Started Content] INFO  o.e.m.c.i.e.AbstractTransferListenerAdapter - Downloaded https://repo.maven.apache.org/maven2/org/springframework/spring-expression/6.1.14/spring-expression-6.1.14.pom
2024-11-01 11:51:25,674 [Worker-49: Import Getting Started Content] INFO  o.e.m.c.i.e.AbstractTransferListenerAdapter - Downloading https://repo.maven.apache.org/maven2/io/micrometer/micrometer-observation/1.13.6/micrometer-observation-1.13.6.pom
2024-11-01 11:51:25,679 [Worker-49: Import Getting Started Content] INFO  o.e.m.c.i.e.AbstractTransferListenerAdapter - Downloaded https://repo.maven.apache.org/maven2/io/micrometer/micrometer-observation/1.13.6/micrometer-observation-1.13.6.pom
2024-11-01 11:51:25,708 [Worker-49: Import Getting Started Content] INFO  o.e.m.c.i.e.AbstractTransferListenerAdapter - Downloading https://repo.maven.apache.org/maven2/io/micrometer/micrometer-commons/1.13.6/micrometer-commons-1.13.6.pom
2024-11-01 11:51:25,710 [Worker-49: Import Getting Started Content] INFO  o.e.m.c.i.e.AbstractTransferListenerAdapter - Downloaded https://repo.maven.apache.org/maven2/io/micrometer/micrometer-commons/1.13.6/micrometer-commons-1.13.6.pom
2024-11-01 11:51:25,733 [Worker-49: Import Getting Started Content] INFO  o.e.m.c.i.e.AbstractTransferListenerAdapter - Downloading https://repo.maven.apache.org/maven2/org/springframework/boot/spring-boot-autoconfigure/3.3.5/spring-boot-autoconfigure-3.3.5.pom
2024-11-01 11:51:25,735 [Worker-49: Import Getting Started Content] INFO  o.e.m.c.i.e.AbstractTransferListenerAdapter - Downloaded https://repo.maven.apache.org/maven2/org/springframework/boot/spring-boot-autoconfigure/3.3.5/spring-boot-autoconfigure-3.3.5.pom
2024-11-01 11:51:25,766 [Worker-49: Import Getting Started Content] INFO  o.e.m.c.i.e.AbstractTransferListenerAdapter - Downloading https://repo.maven.apache.org/maven2/org/springframework/boot/spring-boot-starter-logging/3.3.5/spring-boot-starter-logging-3.3.5.pom
2024-11-01 11:51:25,771 [Worker-49: Import Getting Started Content] INFO  o.e.m.c.i.e.AbstractTransferListenerAdapter - Downloaded https://repo.maven.apache.org/maven2/org/springframework/boot/spring-boot-starter-logging/3.3.5/spring-boot-starter-logging-3.3.5.pom
2024-11-01 11:51:25,797 [Worker-49: Import Getting Started Content] INFO  o.e.m.c.i.e.AbstractTransferListenerAdapter - Downloading https://repo.maven.apache.org/maven2/ch/qos/logback/logback-classic/1.5.11/logback-classic-1.5.11.pom
2024-11-01 11:51:25,799 [Worker-49: Import Getting Started Content] INFO  o.e.m.c.i.e.AbstractTransferListenerAdapter - Downloaded https://repo.maven.apache.org/maven2/ch/qos/logback/logback-classic/1.5.11/logback-classic-1.5.11.pom
2024-11-01 11:51:25,831 [Worker-49: Import Getting Started Content] INFO  o.e.m.c.i.e.AbstractTransferListenerAdapter - Downloading https://repo.maven.apache.org/maven2/ch/qos/logback/logback-parent/1.5.11/logback-parent-1.5.11.pom
2024-11-01 11:51:25,832 [Worker-49: Import Getting Started Content] INFO  o.e.m.c.i.e.AbstractTransferListenerAdapter - Downloaded https://repo.maven.apache.org/maven2/ch/qos/logback/logback-parent/1.5.11/logback-parent-1.5.11.pom
2024-11-01 11:51:25,865 [Worker-49: Import Getting Started Content] INFO  o.e.m.c.i.e.AbstractTransferListenerAdapter - Downloading https://repo.maven.apache.org/maven2/ch/qos/logback/logback-core/1.5.11/logback-core-1.5.11.pom
2024-11-01 11:51:25,868 [Worker-49: Import Getting Started Content] INFO  o.e.m.c.i.e.AbstractTransferListenerAdapter - Downloaded https://repo.maven.apache.org/maven2/ch/qos/logback/logback-core/1.5.11/logback-core-1.5.11.pom
2024-11-01 11:51:25,894 [Worker-49: Import Getting Started Content] INFO  o.e.m.c.i.e.AbstractTransferListenerAdapter - Downloading https://repo.maven.apache.org/maven2/org/slf4j/slf4j-api/2.0.16/slf4j-api-2.0.16.pom
2024-11-01 11:51:25,895 [Worker-49: Import Getting Started Content] INFO  o.e.m.c.i.e.AbstractTransferListenerAdapter - Downloaded https://repo.maven.apache.org/maven2/org/slf4j/slf4j-api/2.0.16/slf4j-api-2.0.16.pom
2024-11-01 11:51:25,920 [Worker-49: Import Getting Started Content] INFO  o.e.m.c.i.e.AbstractTransferListenerAdapter - Downloading https://repo.maven.apache.org/maven2/org/slf4j/slf4j-parent/2.0.16/slf4j-parent-2.0.16.pom
2024-11-01 11:51:25,923 [Worker-49: Import Getting Started Content] INFO  o.e.m.c.i.e.AbstractTransferListenerAdapter - Downloaded https://repo.maven.apache.org/maven2/org/slf4j/slf4j-parent/2.0.16/slf4j-parent-2.0.16.pom
2024-11-01 11:51:25,943 [Worker-49: Import Getting Started Content] INFO  o.e.m.c.i.e.AbstractTransferListenerAdapter - Downloading https://repo.maven.apache.org/maven2/org/slf4j/slf4j-bom/2.0.16/slf4j-bom-2.0.16.pom
2024-11-01 11:51:25,945 [Worker-49: Import Getting Started Content] INFO  o.e.m.c.i.e.AbstractTransferListenerAdapter - Downloaded https://repo.maven.apache.org/maven2/org/slf4j/slf4j-bom/2.0.16/slf4j-bom-2.0.16.pom
2024-11-01 11:51:25,985 [Worker-49: Import Getting Started Content] INFO  o.e.m.c.i.e.AbstractTransferListenerAdapter - Downloading https://repo.maven.apache.org/maven2/org/apache/logging/log4j/log4j-to-slf4j/2.23.1/log4j-to-slf4j-2.23.1.pom
2024-11-01 11:51:25,986 [Worker-49: Import Getting Started Content] INFO  o.e.m.c.i.e.AbstractTransferListenerAdapter - Downloaded https://repo.maven.apache.org/maven2/org/apache/logging/log4j/log4j-to-slf4j/2.23.1/log4j-to-slf4j-2.23.1.pom
2024-11-01 11:51:26,016 [Worker-49: Import Getting Started Content] INFO  o.e.m.c.i.e.AbstractTransferListenerAdapter - Downloading https://repo.maven.apache.org/maven2/org/apache/logging/log4j/log4j/2.23.1/log4j-2.23.1.pom
2024-11-01 11:51:26,019 [Worker-49: Import Getting Started Content] INFO  o.e.m.c.i.e.AbstractTransferListenerAdapter - Downloaded https://repo.maven.apache.org/maven2/org/apache/logging/log4j/log4j/2.23.1/log4j-2.23.1.pom
2024-11-01 11:51:26,076 [Worker-49: Import Getting Started Content] INFO  o.e.m.c.i.e.AbstractTransferListenerAdapter - Downloading https://repo.maven.apache.org/maven2/org/codehaus/groovy/groovy-bom/3.0.21/groovy-bom-3.0.21.pom
2024-11-01 11:51:26,084 [Worker-49: Import Getting Started Content] INFO  o.e.m.c.i.e.AbstractTransferListenerAdapter - Downloaded https://repo.maven.apache.org/maven2/org/codehaus/groovy/groovy-bom/3.0.21/groovy-bom-3.0.21.pom
2024-11-01 11:51:26,112 [Worker-49: Import Getting Started Content] INFO  o.e.m.c.i.e.AbstractTransferListenerAdapter - Downloading https://repo.maven.apache.org/maven2/com/fasterxml/jackson/jackson-bom/2.16.1/jackson-bom-2.16.1.pom
2024-11-01 11:51:26,114 [Worker-49: Import Getting Started Content] INFO  o.e.m.c.i.e.AbstractTransferListenerAdapter - Downloaded https://repo.maven.apache.org/maven2/com/fasterxml/jackson/jackson-bom/2.16.1/jackson-bom-2.16.1.pom
2024-11-01 11:51:26,142 [Worker-49: Import Getting Started Content] INFO  o.e.m.c.i.e.AbstractTransferListenerAdapter - Downloading https://repo.maven.apache.org/maven2/com/fasterxml/jackson/jackson-parent/2.16/jackson-parent-2.16.pom
2024-11-01 11:51:26,146 [Worker-49: Import Getting Started Content] INFO  o.e.m.c.i.e.AbstractTransferListenerAdapter - Downloaded https://repo.maven.apache.org/maven2/com/fasterxml/jackson/jackson-parent/2.16/jackson-parent-2.16.pom
2024-11-01 11:51:26,180 [Worker-49: Import Getting Started Content] INFO  o.e.m.c.i.e.AbstractTransferListenerAdapter - Downloading https://repo.maven.apache.org/maven2/com/fasterxml/oss-parent/56/oss-parent-56.pom
2024-11-01 11:51:26,183 [Worker-49: Import Getting Started Content] INFO  o.e.m.c.i.e.AbstractTransferListenerAdapter - Downloaded https://repo.maven.apache.org/maven2/com/fasterxml/oss-parent/56/oss-parent-56.pom
2024-11-01 11:51:26,208 [Worker-49: Import Getting Started Content] INFO  o.e.m.c.i.e.AbstractTransferListenerAdapter - Downloading https://repo.maven.apache.org/maven2/jakarta/platform/jakarta.jakartaee-bom/9.1.0/jakarta.jakartaee-bom-9.1.0.pom
2024-11-01 11:51:26,212 [Worker-49: Import Getting Started Content] INFO  o.e.m.c.i.e.AbstractTransferListenerAdapter - Downloaded https://repo.maven.apache.org/maven2/jakarta/platform/jakarta.jakartaee-bom/9.1.0/jakarta.jakartaee-bom-9.1.0.pom
2024-11-01 11:51:26,243 [Worker-49: Import Getting Started Content] INFO  o.e.m.c.i.e.AbstractTransferListenerAdapter - Downloading https://repo.maven.apache.org/maven2/jakarta/platform/jakartaee-api-parent/9.1.0/jakartaee-api-parent-9.1.0.pom
2024-11-01 11:51:26,245 [Worker-49: Import Getting Started Content] INFO  o.e.m.c.i.e.AbstractTransferListenerAdapter - Downloaded https://repo.maven.apache.org/maven2/jakarta/platform/jakartaee-api-parent/9.1.0/jakartaee-api-parent-9.1.0.pom
2024-11-01 11:51:26,273 [Worker-49: Import Getting Started Content] INFO  o.e.m.c.i.e.AbstractTransferListenerAdapter - Downloading https://repo.maven.apache.org/maven2/org/eclipse/ee4j/project/1.0.7/project-1.0.7.pom
2024-11-01 11:51:26,279 [Worker-49: Import Getting Started Content] INFO  o.e.m.c.i.e.AbstractTransferListenerAdapter - Downloaded https://repo.maven.apache.org/maven2/org/eclipse/ee4j/project/1.0.7/project-1.0.7.pom
2024-11-01 11:51:26,317 [Worker-49: Import Getting Started Content] INFO  o.e.m.c.i.e.AbstractTransferListenerAdapter - Downloading https://repo.maven.apache.org/maven2/org/eclipse/jetty/jetty-bom/9.4.54.v20240208/jetty-bom-9.4.54.v20240208.pom
2024-11-01 11:51:26,318 [Worker-49: Import Getting Started Content] INFO  o.e.m.c.i.e.AbstractTransferListenerAdapter - Downloaded https://repo.maven.apache.org/maven2/org/eclipse/jetty/jetty-bom/9.4.54.v20240208/jetty-bom-9.4.54.v20240208.pom
2024-11-01 11:51:26,345 [Worker-49: Import Getting Started Content] INFO  o.e.m.c.i.e.AbstractTransferListenerAdapter - Downloading https://repo.maven.apache.org/maven2/io/fabric8/kubernetes-client-bom/5.12.4/kubernetes-client-bom-5.12.4.pom
2024-11-01 11:51:26,348 [Worker-49: Import Getting Started Content] INFO  o.e.m.c.i.e.AbstractTransferListenerAdapter - Downloaded https://repo.maven.apache.org/maven2/io/fabric8/kubernetes-client-bom/5.12.4/kubernetes-client-bom-5.12.4.pom
2024-11-01 11:51:26,375 [Worker-49: Import Getting Started Content] INFO  o.e.m.c.i.e.AbstractTransferListenerAdapter - Downloading https://repo.maven.apache.org/maven2/org/mockito/mockito-bom/4.11.0/mockito-bom-4.11.0.pom
2024-11-01 11:51:26,377 [Worker-49: Import Getting Started Content] INFO  o.e.m.c.i.e.AbstractTransferListenerAdapter - Downloaded https://repo.maven.apache.org/maven2/org/mockito/mockito-bom/4.11.0/mockito-bom-4.11.0.pom
2024-11-01 11:51:26,402 [Worker-49: Import Getting Started Content] INFO  o.e.m.c.i.e.AbstractTransferListenerAdapter - Downloading https://repo.maven.apache.org/maven2/io/netty/netty-bom/4.1.107.Final/netty-bom-4.1.107.Final.pom
2024-11-01 11:51:26,405 [Worker-49: Import Getting Started Content] INFO  o.e.m.c.i.e.AbstractTransferListenerAdapter - Downloaded https://repo.maven.apache.org/maven2/io/netty/netty-bom/4.1.107.Final/netty-bom-4.1.107.Final.pom
2024-11-01 11:51:26,431 [Worker-49: Import Getting Started Content] INFO  o.e.m.c.i.e.AbstractTransferListenerAdapter - Downloading https://repo.maven.apache.org/maven2/org/springframework/spring-framework-bom/5.3.32/spring-framework-bom-5.3.32.pom
2024-11-01 11:51:26,433 [Worker-49: Import Getting Started Content] INFO  o.e.m.c.i.e.AbstractTransferListenerAdapter - Downloaded https://repo.maven.apache.org/maven2/org/springframework/spring-framework-bom/5.3.32/spring-framework-bom-5.3.32.pom
2024-11-01 11:51:26,477 [Worker-49: Import Getting Started Content] INFO  o.e.m.c.i.e.AbstractTransferListenerAdapter - Downloading https://repo.maven.apache.org/maven2/org/apache/logging/log4j/log4j-api/2.23.1/log4j-api-2.23.1.pom
2024-11-01 11:51:26,479 [Worker-49: Import Getting Started Content] INFO  o.e.m.c.i.e.AbstractTransferListenerAdapter - Downloaded https://repo.maven.apache.org/maven2/org/apache/logging/log4j/log4j-api/2.23.1/log4j-api-2.23.1.pom
2024-11-01 11:51:26,519 [Worker-49: Import Getting Started Content] INFO  o.e.m.c.i.e.AbstractTransferListenerAdapter - Downloading https://repo.maven.apache.org/maven2/org/slf4j/jul-to-slf4j/2.0.16/jul-to-slf4j-2.0.16.pom
2024-11-01 11:51:26,521 [Worker-49: Import Getting Started Content] INFO  o.e.m.c.i.e.AbstractTransferListenerAdapter - Downloaded https://repo.maven.apache.org/maven2/org/slf4j/jul-to-slf4j/2.0.16/jul-to-slf4j-2.0.16.pom
2024-11-01 11:51:26,556 [Worker-49: Import Getting Started Content] INFO  o.e.m.c.i.e.AbstractTransferListenerAdapter - Downloading https://repo.maven.apache.org/maven2/jakarta/annotation/jakarta.annotation-api/2.1.1/jakarta.annotation-api-2.1.1.pom
2024-11-01 11:51:26,558 [Worker-49: Import Getting Started Content] INFO  o.e.m.c.i.e.AbstractTransferListenerAdapter - Downloaded https://repo.maven.apache.org/maven2/jakarta/annotation/jakarta.annotation-api/2.1.1/jakarta.annotation-api-2.1.1.pom
2024-11-01 11:51:26,586 [Worker-49: Import Getting Started Content] INFO  o.e.m.c.i.e.AbstractTransferListenerAdapter - Downloading https://repo.maven.apache.org/maven2/org/yaml/snakeyaml/2.2/snakeyaml-2.2.pom
2024-11-01 11:51:26,588 [Worker-49: Import Getting Started Content] INFO  o.e.m.c.i.e.AbstractTransferListenerAdapter - Downloaded https://repo.maven.apache.org/maven2/org/yaml/snakeyaml/2.2/snakeyaml-2.2.pom
2024-11-01 11:51:26,616 [Worker-49: Import Getting Started Content] INFO  o.e.m.c.i.e.AbstractTransferListenerAdapter - Downloading https://repo.maven.apache.org/maven2/org/springframework/boot/spring-boot-starter-json/3.3.5/spring-boot-starter-json-3.3.5.pom
2024-11-01 11:51:26,618 [Worker-49: Import Getting Started Content] INFO  o.e.m.c.i.e.AbstractTransferListenerAdapter - Downloaded https://repo.maven.apache.org/maven2/org/springframework/boot/spring-boot-starter-json/3.3.5/spring-boot-starter-json-3.3.5.pom
2024-11-01 11:51:26,649 [Worker-49: Import Getting Started Content] INFO  o.e.m.c.i.e.AbstractTransferListenerAdapter - Downloading https://repo.maven.apache.org/maven2/org/springframework/spring-web/6.1.14/spring-web-6.1.14.pom
2024-11-01 11:51:26,651 [Worker-49: Import Getting Started Content] INFO  o.e.m.c.i.e.AbstractTransferListenerAdapter - Downloaded https://repo.maven.apache.org/maven2/org/springframework/spring-web/6.1.14/spring-web-6.1.14.pom
2024-11-01 11:51:26,673 [Worker-49: Import Getting Started Content] INFO  o.e.m.c.i.e.AbstractTransferListenerAdapter - Downloading https://repo.maven.apache.org/maven2/com/fasterxml/jackson/core/jackson-databind/2.17.2/jackson-databind-2.17.2.pom
2024-11-01 11:51:26,677 [Worker-49: Import Getting Started Content] INFO  o.e.m.c.i.e.AbstractTransferListenerAdapter - Downloaded https://repo.maven.apache.org/maven2/com/fasterxml/jackson/core/jackson-databind/2.17.2/jackson-databind-2.17.2.pom
2024-11-01 11:51:26,707 [Worker-49: Import Getting Started Content] INFO  o.e.m.c.i.e.AbstractTransferListenerAdapter - Downloading https://repo.maven.apache.org/maven2/com/fasterxml/jackson/jackson-base/2.17.2/jackson-base-2.17.2.pom
2024-11-01 11:51:26,708 [Worker-49: Import Getting Started Content] INFO  o.e.m.c.i.e.AbstractTransferListenerAdapter - Downloaded https://repo.maven.apache.org/maven2/com/fasterxml/jackson/jackson-base/2.17.2/jackson-base-2.17.2.pom
2024-11-01 11:51:26,751 [Worker-49: Import Getting Started Content] INFO  o.e.m.c.i.e.AbstractTransferListenerAdapter - Downloading https://repo.maven.apache.org/maven2/com/fasterxml/jackson/core/jackson-annotations/2.17.2/jackson-annotations-2.17.2.pom
2024-11-01 11:51:26,752 [Worker-49: Import Getting Started Content] INFO  o.e.m.c.i.e.AbstractTransferListenerAdapter - Downloaded https://repo.maven.apache.org/maven2/com/fasterxml/jackson/core/jackson-annotations/2.17.2/jackson-annotations-2.17.2.pom
2024-11-01 11:51:26,778 [Worker-49: Import Getting Started Content] INFO  o.e.m.c.i.e.AbstractTransferListenerAdapter - Downloading https://repo.maven.apache.org/maven2/com/fasterxml/jackson/core/jackson-core/2.17.2/jackson-core-2.17.2.pom
2024-11-01 11:51:26,781 [Worker-49: Import Getting Started Content] INFO  o.e.m.c.i.e.AbstractTransferListenerAdapter - Downloaded https://repo.maven.apache.org/maven2/com/fasterxml/jackson/core/jackson-core/2.17.2/jackson-core-2.17.2.pom
2024-11-01 11:51:26,811 [Worker-49: Import Getting Started Content] INFO  o.e.m.c.i.e.AbstractTransferListenerAdapter - Downloading https://repo.maven.apache.org/maven2/com/fasterxml/jackson/datatype/jackson-datatype-jdk8/2.17.2/jackson-datatype-jdk8-2.17.2.pom
2024-11-01 11:51:26,814 [Worker-49: Import Getting Started Content] INFO  o.e.m.c.i.e.AbstractTransferListenerAdapter - Downloaded https://repo.maven.apache.org/maven2/com/fasterxml/jackson/datatype/jackson-datatype-jdk8/2.17.2/jackson-datatype-jdk8-2.17.2.pom
2024-11-01 11:51:26,841 [Worker-49: Import Getting Started Content] INFO  o.e.m.c.i.e.AbstractTransferListenerAdapter - Downloading https://repo.maven.apache.org/maven2/com/fasterxml/jackson/module/jackson-modules-java8/2.17.2/jackson-modules-java8-2.17.2.pom
2024-11-01 11:51:26,843 [Worker-49: Import Getting Started Content] INFO  o.e.m.c.i.e.AbstractTransferListenerAdapter - Downloaded https://repo.maven.apache.org/maven2/com/fasterxml/jackson/module/jackson-modules-java8/2.17.2/jackson-modules-java8-2.17.2.pom
2024-11-01 11:51:26,879 [Worker-49: Import Getting Started Content] INFO  o.e.m.c.i.e.AbstractTransferListenerAdapter - Downloading https://repo.maven.apache.org/maven2/com/fasterxml/jackson/datatype/jackson-datatype-jsr310/2.17.2/jackson-datatype-jsr310-2.17.2.pom
2024-11-01 11:51:26,884 [Worker-49: Import Getting Started Content] INFO  o.e.m.c.i.e.AbstractTransferListenerAdapter - Downloaded https://repo.maven.apache.org/maven2/com/fasterxml/jackson/datatype/jackson-datatype-jsr310/2.17.2/jackson-datatype-jsr310-2.17.2.pom
2024-11-01 11:51:26,918 [Worker-49: Import Getting Started Content] INFO  o.e.m.c.i.e.AbstractTransferListenerAdapter - Downloading https://repo.maven.apache.org/maven2/com/fasterxml/jackson/module/jackson-module-parameter-names/2.17.2/jackson-module-parameter-names-2.17.2.pom
2024-11-01 11:51:26,920 [Worker-49: Import Getting Started Content] INFO  o.e.m.c.i.e.AbstractTransferListenerAdapter - Downloaded https://repo.maven.apache.org/maven2/com/fasterxml/jackson/module/jackson-module-parameter-names/2.17.2/jackson-module-parameter-names-2.17.2.pom
2024-11-01 11:51:26,947 [Worker-49: Import Getting Started Content] INFO  o.e.m.c.i.e.AbstractTransferListenerAdapter - Downloading https://repo.maven.apache.org/maven2/org/springframework/boot/spring-boot-starter-tomcat/3.3.5/spring-boot-starter-tomcat-3.3.5.pom
2024-11-01 11:51:26,949 [Worker-49: Import Getting Started Content] INFO  o.e.m.c.i.e.AbstractTransferListenerAdapter - Downloaded https://repo.maven.apache.org/maven2/org/springframework/boot/spring-boot-starter-tomcat/3.3.5/spring-boot-starter-tomcat-3.3.5.pom
2024-11-01 11:51:26,977 [Worker-49: Import Getting Started Content] INFO  o.e.m.c.i.e.AbstractTransferListenerAdapter - Downloading https://repo.maven.apache.org/maven2/org/apache/tomcat/embed/tomcat-embed-core/10.1.31/tomcat-embed-core-10.1.31.pom
2024-11-01 11:51:26,979 [Worker-49: Import Getting Started Content] INFO  o.e.m.c.i.e.AbstractTransferListenerAdapter - Downloaded https://repo.maven.apache.org/maven2/org/apache/tomcat/embed/tomcat-embed-core/10.1.31/tomcat-embed-core-10.1.31.pom
2024-11-01 11:51:27,011 [Worker-49: Import Getting Started Content] INFO  o.e.m.c.i.e.AbstractTransferListenerAdapter - Downloading https://repo.maven.apache.org/maven2/org/apache/tomcat/embed/tomcat-embed-el/10.1.31/tomcat-embed-el-10.1.31.pom
2024-11-01 11:51:27,013 [Worker-49: Import Getting Started Content] INFO  o.e.m.c.i.e.AbstractTransferListenerAdapter - Downloaded https://repo.maven.apache.org/maven2/org/apache/tomcat/embed/tomcat-embed-el/10.1.31/tomcat-embed-el-10.1.31.pom
2024-11-01 11:51:27,041 [Worker-49: Import Getting Started Content] INFO  o.e.m.c.i.e.AbstractTransferListenerAdapter - Downloading https://repo.maven.apache.org/maven2/org/apache/tomcat/embed/tomcat-embed-websocket/10.1.31/tomcat-embed-websocket-10.1.31.pom
2024-11-01 11:51:27,044 [Worker-49: Import Getting Started Content] INFO  o.e.m.c.i.e.AbstractTransferListenerAdapter - Downloaded https://repo.maven.apache.org/maven2/org/apache/tomcat/embed/tomcat-embed-websocket/10.1.31/tomcat-embed-websocket-10.1.31.pom
2024-11-01 11:51:27,073 [Worker-49: Import Getting Started Content] INFO  o.e.m.c.i.e.AbstractTransferListenerAdapter - Downloading https://repo.maven.apache.org/maven2/org/springframework/spring-webmvc/6.1.14/spring-webmvc-6.1.14.pom
2024-11-01 11:51:27,075 [Worker-49: Import Getting Started Content] INFO  o.e.m.c.i.e.AbstractTransferListenerAdapter - Downloaded https://repo.maven.apache.org/maven2/org/springframework/spring-webmvc/6.1.14/spring-webmvc-6.1.14.pom
2024-11-01 11:51:27,101 [Worker-49: Import Getting Started Content] INFO  o.e.m.c.i.e.AbstractTransferListenerAdapter - Downloading https://repo.maven.apache.org/maven2/org/springframework/boot/spring-boot-devtools/3.3.5/spring-boot-devtools-3.3.5.pom
2024-11-01 11:51:27,103 [Worker-49: Import Getting Started Content] INFO  o.e.m.c.i.e.AbstractTransferListenerAdapter - Downloaded https://repo.maven.apache.org/maven2/org/springframework/boot/spring-boot-devtools/3.3.5/spring-boot-devtools-3.3.5.pom
2024-11-01 11:51:27,137 [Worker-49: Import Getting Started Content] INFO  o.e.m.c.i.e.AbstractTransferListenerAdapter - Downloading https://repo.maven.apache.org/maven2/org/springframework/boot/spring-boot-configuration-processor/3.3.5/spring-boot-configuration-processor-3.3.5.pom
2024-11-01 11:51:27,138 [Worker-49: Import Getting Started Content] INFO  o.e.m.c.i.e.AbstractTransferListenerAdapter - Downloaded https://repo.maven.apache.org/maven2/org/springframework/boot/spring-boot-configuration-processor/3.3.5/spring-boot-configuration-processor-3.3.5.pom
2024-11-01 11:51:27,160 [Worker-49: Import Getting Started Content] INFO  o.e.m.c.i.e.AbstractTransferListenerAdapter - Downloading https://repo.maven.apache.org/maven2/org/springframework/boot/spring-boot-starter-test/3.3.5/spring-boot-starter-test-3.3.5.pom
2024-11-01 11:51:27,161 [Worker-49: Import Getting Started Content] INFO  o.e.m.c.i.e.AbstractTransferListenerAdapter - Downloaded https://repo.maven.apache.org/maven2/org/springframework/boot/spring-boot-starter-test/3.3.5/spring-boot-starter-test-3.3.5.pom
2024-11-01 11:51:27,190 [Worker-49: Import Getting Started Content] INFO  o.e.m.c.i.e.AbstractTransferListenerAdapter - Downloading https://repo.maven.apache.org/maven2/org/springframework/boot/spring-boot-test/3.3.5/spring-boot-test-3.3.5.pom
2024-11-01 11:51:27,193 [Worker-49: Import Getting Started Content] INFO  o.e.m.c.i.e.AbstractTransferListenerAdapter - Downloaded https://repo.maven.apache.org/maven2/org/springframework/boot/spring-boot-test/3.3.5/spring-boot-test-3.3.5.pom
2024-11-01 11:51:27,217 [Worker-49: Import Getting Started Content] INFO  o.e.m.c.i.e.AbstractTransferListenerAdapter - Downloading https://repo.maven.apache.org/maven2/org/springframework/spring-test/6.1.14/spring-test-6.1.14.pom
2024-11-01 11:51:27,219 [Worker-49: Import Getting Started Content] INFO  o.e.m.c.i.e.AbstractTransferListenerAdapter - Downloaded https://repo.maven.apache.org/maven2/org/springframework/spring-test/6.1.14/spring-test-6.1.14.pom
2024-11-01 11:51:27,242 [Worker-49: Import Getting Started Content] INFO  o.e.m.c.i.e.AbstractTransferListenerAdapter - Downloading https://repo.maven.apache.org/maven2/org/springframework/boot/spring-boot-test-autoconfigure/3.3.5/spring-boot-test-autoconfigure-3.3.5.pom
2024-11-01 11:51:27,244 [Worker-49: Import Getting Started Content] INFO  o.e.m.c.i.e.AbstractTransferListenerAdapter - Downloaded https://repo.maven.apache.org/maven2/org/springframework/boot/spring-boot-test-autoconfigure/3.3.5/spring-boot-test-autoconfigure-3.3.5.pom
2024-11-01 11:51:27,283 [Worker-49: Import Getting Started Content] INFO  o.e.m.c.i.e.AbstractTransferListenerAdapter - Downloading https://repo.maven.apache.org/maven2/com/jayway/jsonpath/json-path/2.9.0/json-path-2.9.0.pom
2024-11-01 11:51:27,285 [Worker-49: Import Getting Started Content] INFO  o.e.m.c.i.e.AbstractTransferListenerAdapter - Downloaded https://repo.maven.apache.org/maven2/com/jayway/jsonpath/json-path/2.9.0/json-path-2.9.0.pom
2024-11-01 11:51:27,315 [Worker-49: Import Getting Started Content] INFO  o.e.m.c.i.e.AbstractTransferListenerAdapter - Downloading https://repo.maven.apache.org/maven2/net/minidev/json-smart/2.5.1/json-smart-2.5.1.pom
2024-11-01 11:51:27,316 [Worker-49: Import Getting Started Content] INFO  o.e.m.c.i.e.AbstractTransferListenerAdapter - Downloaded https://repo.maven.apache.org/maven2/net/minidev/json-smart/2.5.1/json-smart-2.5.1.pom
2024-11-01 11:51:27,462 [Worker-49: Import Getting Started Content] INFO  o.e.m.c.i.e.AbstractTransferListenerAdapter - Downloading https://repo.maven.apache.org/maven2/net/minidev/accessors-smart/2.5.1/accessors-smart-2.5.1.pom
2024-11-01 11:51:27,464 [Worker-49: Import Getting Started Content] INFO  o.e.m.c.i.e.AbstractTransferListenerAdapter - Downloaded https://repo.maven.apache.org/maven2/net/minidev/accessors-smart/2.5.1/accessors-smart-2.5.1.pom
2024-11-01 11:51:27,550 [Worker-49: Import Getting Started Content] INFO  o.e.m.c.i.e.AbstractTransferListenerAdapter - Downloading https://repo.maven.apache.org/maven2/jakarta/xml/bind/jakarta.xml.bind-api/4.0.2/jakarta.xml.bind-api-4.0.2.pom
2024-11-01 11:51:27,553 [Worker-49: Import Getting Started Content] INFO  o.e.m.c.i.e.AbstractTransferListenerAdapter - Downloaded https://repo.maven.apache.org/maven2/jakarta/xml/bind/jakarta.xml.bind-api/4.0.2/jakarta.xml.bind-api-4.0.2.pom
2024-11-01 11:51:27,578 [Worker-49: Import Getting Started Content] INFO  o.e.m.c.i.e.AbstractTransferListenerAdapter - Downloading https://repo.maven.apache.org/maven2/jakarta/xml/bind/jakarta.xml.bind-api-parent/4.0.2/jakarta.xml.bind-api-parent-4.0.2.pom
2024-11-01 11:51:27,579 [Worker-49: Import Getting Started Content] INFO  o.e.m.c.i.e.AbstractTransferListenerAdapter - Downloaded https://repo.maven.apache.org/maven2/jakarta/xml/bind/jakarta.xml.bind-api-parent/4.0.2/jakarta.xml.bind-api-parent-4.0.2.pom
2024-11-01 11:51:27,622 [Worker-49: Import Getting Started Content] INFO  o.e.m.c.i.e.AbstractTransferListenerAdapter - Downloading https://repo.maven.apache.org/maven2/jakarta/activation/jakarta.activation-api/2.1.3/jakarta.activation-api-2.1.3.pom
2024-11-01 11:51:27,626 [Worker-49: Import Getting Started Content] INFO  o.e.m.c.i.e.AbstractTransferListenerAdapter - Downloaded https://repo.maven.apache.org/maven2/jakarta/activation/jakarta.activation-api/2.1.3/jakarta.activation-api-2.1.3.pom
2024-11-01 11:51:27,653 [Worker-49: Import Getting Started Content] INFO  o.e.m.c.i.e.AbstractTransferListenerAdapter - Downloading https://repo.maven.apache.org/maven2/org/assertj/assertj-core/3.25.3/assertj-core-3.25.3.pom
2024-11-01 11:51:27,655 [Worker-49: Import Getting Started Content] INFO  o.e.m.c.i.e.AbstractTransferListenerAdapter - Downloaded https://repo.maven.apache.org/maven2/org/assertj/assertj-core/3.25.3/assertj-core-3.25.3.pom
2024-11-01 11:51:27,683 [Worker-49: Import Getting Started Content] INFO  o.e.m.c.i.e.AbstractTransferListenerAdapter - Downloading https://repo.maven.apache.org/maven2/net/bytebuddy/byte-buddy/1.14.19/byte-buddy-1.14.19.pom
2024-11-01 11:51:27,687 [Worker-49: Import Getting Started Content] INFO  o.e.m.c.i.e.AbstractTransferListenerAdapter - Downloaded https://repo.maven.apache.org/maven2/net/bytebuddy/byte-buddy/1.14.19/byte-buddy-1.14.19.pom
2024-11-01 11:51:27,715 [Worker-49: Import Getting Started Content] INFO  o.e.m.c.i.e.AbstractTransferListenerAdapter - Downloading https://repo.maven.apache.org/maven2/net/bytebuddy/byte-buddy-parent/1.14.19/byte-buddy-parent-1.14.19.pom
2024-11-01 11:51:27,719 [Worker-49: Import Getting Started Content] INFO  o.e.m.c.i.e.AbstractTransferListenerAdapter - Downloaded https://repo.maven.apache.org/maven2/net/bytebuddy/byte-buddy-parent/1.14.19/byte-buddy-parent-1.14.19.pom
2024-11-01 11:51:27,748 [Worker-49: Import Getting Started Content] INFO  o.e.m.c.i.e.AbstractTransferListenerAdapter - Downloading https://repo.maven.apache.org/maven2/org/awaitility/awaitility/4.2.2/awaitility-4.2.2.pom
2024-11-01 11:51:27,749 [Worker-49: Import Getting Started Content] INFO  o.e.m.c.i.e.AbstractTransferListenerAdapter - Downloaded https://repo.maven.apache.org/maven2/org/awaitility/awaitility/4.2.2/awaitility-4.2.2.pom
2024-11-01 11:51:27,774 [Worker-49: Import Getting Started Content] INFO  o.e.m.c.i.e.AbstractTransferListenerAdapter - Downloading https://repo.maven.apache.org/maven2/org/awaitility/awaitility-parent/4.2.2/awaitility-parent-4.2.2.pom
2024-11-01 11:51:27,776 [Worker-49: Import Getting Started Content] INFO  o.e.m.c.i.e.AbstractTransferListenerAdapter - Downloaded https://repo.maven.apache.org/maven2/org/awaitility/awaitility-parent/4.2.2/awaitility-parent-4.2.2.pom
2024-11-01 11:51:27,805 [Worker-49: Import Getting Started Content] INFO  o.e.m.c.i.e.AbstractTransferListenerAdapter - Downloading https://repo.maven.apache.org/maven2/org/hamcrest/hamcrest/2.2/hamcrest-2.2.pom
2024-11-01 11:51:27,807 [Worker-49: Import Getting Started Content] INFO  o.e.m.c.i.e.AbstractTransferListenerAdapter - Downloaded https://repo.maven.apache.org/maven2/org/hamcrest/hamcrest/2.2/hamcrest-2.2.pom
2024-11-01 11:51:27,833 [Worker-49: Import Getting Started Content] INFO  o.e.m.c.i.e.AbstractTransferListenerAdapter - Downloading https://repo.maven.apache.org/maven2/org/junit/jupiter/junit-jupiter/5.10.5/junit-jupiter-5.10.5.pom
2024-11-01 11:51:27,835 [Worker-49: Import Getting Started Content] INFO  o.e.m.c.i.e.AbstractTransferListenerAdapter - Downloaded https://repo.maven.apache.org/maven2/org/junit/jupiter/junit-jupiter/5.10.5/junit-jupiter-5.10.5.pom
2024-11-01 11:51:27,859 [Worker-49: Import Getting Started Content] INFO  o.e.m.c.i.e.AbstractTransferListenerAdapter - Downloading https://repo.maven.apache.org/maven2/org/junit/jupiter/junit-jupiter-api/5.10.5/junit-jupiter-api-5.10.5.pom
2024-11-01 11:51:27,860 [Worker-49: Import Getting Started Content] INFO  o.e.m.c.i.e.AbstractTransferListenerAdapter - Downloaded https://repo.maven.apache.org/maven2/org/junit/jupiter/junit-jupiter-api/5.10.5/junit-jupiter-api-5.10.5.pom
2024-11-01 11:51:27,888 [Worker-49: Import Getting Started Content] INFO  o.e.m.c.i.e.AbstractTransferListenerAdapter - Downloading https://repo.maven.apache.org/maven2/org/junit/platform/junit-platform-commons/1.10.5/junit-platform-commons-1.10.5.pom
2024-11-01 11:51:27,889 [Worker-49: Import Getting Started Content] INFO  o.e.m.c.i.e.AbstractTransferListenerAdapter - Downloaded https://repo.maven.apache.org/maven2/org/junit/platform/junit-platform-commons/1.10.5/junit-platform-commons-1.10.5.pom
2024-11-01 11:51:27,916 [Worker-49: Import Getting Started Content] INFO  o.e.m.c.i.e.AbstractTransferListenerAdapter - Downloading https://repo.maven.apache.org/maven2/org/junit/jupiter/junit-jupiter-params/5.10.5/junit-jupiter-params-5.10.5.pom
2024-11-01 11:51:27,922 [Worker-49: Import Getting Started Content] INFO  o.e.m.c.i.e.AbstractTransferListenerAdapter - Downloaded https://repo.maven.apache.org/maven2/org/junit/jupiter/junit-jupiter-params/5.10.5/junit-jupiter-params-5.10.5.pom
2024-11-01 11:51:27,951 [Worker-49: Import Getting Started Content] INFO  o.e.m.c.i.e.AbstractTransferListenerAdapter - Downloading https://repo.maven.apache.org/maven2/org/junit/jupiter/junit-jupiter-engine/5.10.5/junit-jupiter-engine-5.10.5.pom
2024-11-01 11:51:27,953 [Worker-49: Import Getting Started Content] INFO  o.e.m.c.i.e.AbstractTransferListenerAdapter - Downloaded https://repo.maven.apache.org/maven2/org/junit/jupiter/junit-jupiter-engine/5.10.5/junit-jupiter-engine-5.10.5.pom
2024-11-01 11:51:27,983 [Worker-49: Import Getting Started Content] INFO  o.e.m.c.i.e.AbstractTransferListenerAdapter - Downloading https://repo.maven.apache.org/maven2/org/junit/platform/junit-platform-engine/1.10.5/junit-platform-engine-1.10.5.pom
2024-11-01 11:51:27,986 [Worker-49: Import Getting Started Content] INFO  o.e.m.c.i.e.AbstractTransferListenerAdapter - Downloaded https://repo.maven.apache.org/maven2/org/junit/platform/junit-platform-engine/1.10.5/junit-platform-engine-1.10.5.pom
2024-11-01 11:51:28,017 [Worker-49: Import Getting Started Content] INFO  o.e.m.c.i.e.AbstractTransferListenerAdapter - Downloading https://repo.maven.apache.org/maven2/org/mockito/mockito-core/5.11.0/mockito-core-5.11.0.pom
2024-11-01 11:51:28,019 [Worker-49: Import Getting Started Content] INFO  o.e.m.c.i.e.AbstractTransferListenerAdapter - Downloaded https://repo.maven.apache.org/maven2/org/mockito/mockito-core/5.11.0/mockito-core-5.11.0.pom
2024-11-01 11:51:28,045 [Worker-49: Import Getting Started Content] INFO  o.e.m.c.i.e.AbstractTransferListenerAdapter - Downloading https://repo.maven.apache.org/maven2/net/bytebuddy/byte-buddy-agent/1.14.19/byte-buddy-agent-1.14.19.pom
2024-11-01 11:51:28,048 [Worker-49: Import Getting Started Content] INFO  o.e.m.c.i.e.AbstractTransferListenerAdapter - Downloaded https://repo.maven.apache.org/maven2/net/bytebuddy/byte-buddy-agent/1.14.19/byte-buddy-agent-1.14.19.pom
2024-11-01 11:51:28,072 [Worker-49: Import Getting Started Content] INFO  o.e.m.c.i.e.AbstractTransferListenerAdapter - Downloading https://repo.maven.apache.org/maven2/org/objenesis/objenesis/3.3/objenesis-3.3.pom
2024-11-01 11:51:28,074 [Worker-49: Import Getting Started Content] INFO  o.e.m.c.i.e.AbstractTransferListenerAdapter - Downloaded https://repo.maven.apache.org/maven2/org/objenesis/objenesis/3.3/objenesis-3.3.pom
2024-11-01 11:51:28,101 [Worker-49: Import Getting Started Content] INFO  o.e.m.c.i.e.AbstractTransferListenerAdapter - Downloading https://repo.maven.apache.org/maven2/org/objenesis/objenesis-parent/3.3/objenesis-parent-3.3.pom
2024-11-01 11:51:28,103 [Worker-49: Import Getting Started Content] INFO  o.e.m.c.i.e.AbstractTransferListenerAdapter - Downloaded https://repo.maven.apache.org/maven2/org/objenesis/objenesis-parent/3.3/objenesis-parent-3.3.pom
2024-11-01 11:51:28,133 [Worker-49: Import Getting Started Content] INFO  o.e.m.c.i.e.AbstractTransferListenerAdapter - Downloading https://repo.maven.apache.org/maven2/org/mockito/mockito-junit-jupiter/5.11.0/mockito-junit-jupiter-5.11.0.pom
2024-11-01 11:51:28,134 [Worker-49: Import Getting Started Content] INFO  o.e.m.c.i.e.AbstractTransferListenerAdapter - Downloaded https://repo.maven.apache.org/maven2/org/mockito/mockito-junit-jupiter/5.11.0/mockito-junit-jupiter-5.11.0.pom
2024-11-01 11:51:28,158 [Worker-49: Import Getting Started Content] INFO  o.e.m.c.i.e.AbstractTransferListenerAdapter - Downloading https://repo.maven.apache.org/maven2/org/skyscreamer/jsonassert/1.5.3/jsonassert-1.5.3.pom
2024-11-01 11:51:28,159 [Worker-49: Import Getting Started Content] INFO  o.e.m.c.i.e.AbstractTransferListenerAdapter - Downloaded https://repo.maven.apache.org/maven2/org/skyscreamer/jsonassert/1.5.3/jsonassert-1.5.3.pom
2024-11-01 11:51:28,188 [Worker-49: Import Getting Started Content] INFO  o.e.m.c.i.e.AbstractTransferListenerAdapter - Downloading https://repo.maven.apache.org/maven2/com/vaadin/external/google/android-json/0.0.20131108.vaadin1/android-json-0.0.20131108.vaadin1.pom
2024-11-01 11:51:28,190 [Worker-49: Import Getting Started Content] INFO  o.e.m.c.i.e.AbstractTransferListenerAdapter - Downloaded https://repo.maven.apache.org/maven2/com/vaadin/external/google/android-json/0.0.20131108.vaadin1/android-json-0.0.20131108.vaadin1.pom
2024-11-01 11:51:28,214 [Worker-49: Import Getting Started Content] INFO  o.e.m.c.i.e.AbstractTransferListenerAdapter - Downloading https://repo.maven.apache.org/maven2/org/xmlunit/xmlunit-core/2.9.1/xmlunit-core-2.9.1.pom
2024-11-01 11:51:28,216 [Worker-49: Import Getting Started Content] INFO  o.e.m.c.i.e.AbstractTransferListenerAdapter - Downloaded https://repo.maven.apache.org/maven2/org/xmlunit/xmlunit-core/2.9.1/xmlunit-core-2.9.1.pom
2024-11-01 11:51:28,239 [Worker-49: Import Getting Started Content] INFO  o.e.m.c.i.e.AbstractTransferListenerAdapter - Downloading https://repo.maven.apache.org/maven2/org/xmlunit/xmlunit-parent/2.9.1/xmlunit-parent-2.9.1.pom
2024-11-01 11:51:28,241 [Worker-49: Import Getting Started Content] INFO  o.e.m.c.i.e.AbstractTransferListenerAdapter - Downloaded https://repo.maven.apache.org/maven2/org/xmlunit/xmlunit-parent/2.9.1/xmlunit-parent-2.9.1.pom
2024-11-01 11:51:28,306 [Worker-49: Import Getting Started Content] INFO  o.e.m.c.i.e.AbstractTransferListenerAdapter - Downloading https://repo.maven.apache.org/maven2/org/springframework/boot/spring-boot-starter-web/3.3.5/spring-boot-starter-web-3.3.5.jar
2024-11-01 11:51:28,307 [Worker-49: Import Getting Started Content] INFO  o.e.m.c.i.e.AbstractTransferListenerAdapter - Downloaded https://repo.maven.apache.org/maven2/org/springframework/boot/spring-boot-starter-web/3.3.5/spring-boot-starter-web-3.3.5.jar
2024-11-01 11:51:28,333 [BasicRepositoryConnector-repo.maven.apache.org-0-0] INFO  o.e.m.c.i.e.AbstractTransferListenerAdapter - Downloading https://repo.maven.apache.org/maven2/org/springframework/boot/spring-boot-starter/3.3.5/spring-boot-starter-3.3.5.jar
2024-11-01 11:51:28,345 [BasicRepositoryConnector-repo.maven.apache.org-0-0] INFO  o.e.m.c.i.e.AbstractTransferListenerAdapter - Downloaded https://repo.maven.apache.org/maven2/org/springframework/boot/spring-boot-starter/3.3.5/spring-boot-starter-3.3.5.jar
2024-11-01 11:51:28,372 [BasicRepositoryConnector-repo.maven.apache.org-0-0] INFO  o.e.m.c.i.e.AbstractTransferListenerAdapter - Downloading https://repo.maven.apache.org/maven2/org/apache/logging/log4j/log4j-api/2.23.1/log4j-api-2.23.1.jar
2024-11-01 11:51:28,397 [BasicRepositoryConnector-repo.maven.apache.org-0-0] INFO  o.e.m.c.i.e.AbstractTransferListenerAdapter - Downloaded https://repo.maven.apache.org/maven2/org/apache/logging/log4j/log4j-api/2.23.1/log4j-api-2.23.1.jar
2024-11-01 11:51:28,420 [BasicRepositoryConnector-repo.maven.apache.org-0-4] INFO  o.e.m.c.i.e.AbstractTransferListenerAdapter - Downloading https://repo.maven.apache.org/maven2/org/apache/logging/log4j/log4j-to-slf4j/2.23.1/log4j-to-slf4j-2.23.1.jar
2024-11-01 11:51:28,420 [BasicRepositoryConnector-repo.maven.apache.org-0-1] INFO  o.e.m.c.i.e.AbstractTransferListenerAdapter - Downloading https://repo.maven.apache.org/maven2/org/springframework/boot/spring-boot-starter-logging/3.3.5/spring-boot-starter-logging-3.3.5.jar
2024-11-01 11:51:28,420 [BasicRepositoryConnector-repo.maven.apache.org-0-0] INFO  o.e.m.c.i.e.AbstractTransferListenerAdapter - Downloading https://repo.maven.apache.org/maven2/org/slf4j/jul-to-slf4j/2.0.16/jul-to-slf4j-2.0.16.jar
2024-11-01 11:51:28,421 [BasicRepositoryConnector-repo.maven.apache.org-0-3] INFO  o.e.m.c.i.e.AbstractTransferListenerAdapter - Downloading https://repo.maven.apache.org/maven2/ch/qos/logback/logback-core/1.5.11/logback-core-1.5.11.jar
2024-11-01 11:51:28,423 [BasicRepositoryConnector-repo.maven.apache.org-0-0] INFO  o.e.m.c.i.e.AbstractTransferListenerAdapter - Downloaded https://repo.maven.apache.org/maven2/org/slf4j/jul-to-slf4j/2.0.16/jul-to-slf4j-2.0.16.jar
2024-11-01 11:51:28,424 [BasicRepositoryConnector-repo.maven.apache.org-0-1] INFO  o.e.m.c.i.e.AbstractTransferListenerAdapter - Downloaded https://repo.maven.apache.org/maven2/org/springframework/boot/spring-boot-starter-logging/3.3.5/spring-boot-starter-logging-3.3.5.jar
2024-11-01 11:51:28,427 [BasicRepositoryConnector-repo.maven.apache.org-0-4] INFO  o.e.m.c.i.e.AbstractTransferListenerAdapter - Downloaded https://repo.maven.apache.org/maven2/org/apache/logging/log4j/log4j-to-slf4j/2.23.1/log4j-to-slf4j-2.23.1.jar
2024-11-01 11:51:28,435 [BasicRepositoryConnector-repo.maven.apache.org-0-2] INFO  o.e.m.c.i.e.AbstractTransferListenerAdapter - Downloading https://repo.maven.apache.org/maven2/ch/qos/logback/logback-classic/1.5.11/logback-classic-1.5.11.jar
2024-11-01 11:51:28,444 [BasicRepositoryConnector-repo.maven.apache.org-0-0] INFO  o.e.m.c.i.e.AbstractTransferListenerAdapter - Downloading https://repo.maven.apache.org/maven2/jakarta/annotation/jakarta.annotation-api/2.1.1/jakarta.annotation-api-2.1.1.jar
2024-11-01 11:51:28,444 [BasicRepositoryConnector-repo.maven.apache.org-0-1] INFO  o.e.m.c.i.e.AbstractTransferListenerAdapter - Downloading https://repo.maven.apache.org/maven2/org/yaml/snakeyaml/2.2/snakeyaml-2.2.jar
2024-11-01 11:51:28,460 [BasicRepositoryConnector-repo.maven.apache.org-0-4] INFO  o.e.m.c.i.e.AbstractTransferListenerAdapter - Downloading https://repo.maven.apache.org/maven2/org/springframework/boot/spring-boot-starter-json/3.3.5/spring-boot-starter-json-3.3.5.jar
2024-11-01 11:51:28,461 [BasicRepositoryConnector-repo.maven.apache.org-0-1] INFO  o.e.m.c.i.e.AbstractTransferListenerAdapter - Downloaded https://repo.maven.apache.org/maven2/org/yaml/snakeyaml/2.2/snakeyaml-2.2.jar
2024-11-01 11:51:28,461 [BasicRepositoryConnector-repo.maven.apache.org-0-0] INFO  o.e.m.c.i.e.AbstractTransferListenerAdapter - Downloaded https://repo.maven.apache.org/maven2/jakarta/annotation/jakarta.annotation-api/2.1.1/jakarta.annotation-api-2.1.1.jar
2024-11-01 11:51:28,468 [BasicRepositoryConnector-repo.maven.apache.org-0-4] INFO  o.e.m.c.i.e.AbstractTransferListenerAdapter - Downloaded https://repo.maven.apache.org/maven2/org/springframework/boot/spring-boot-starter-json/3.3.5/spring-boot-starter-json-3.3.5.jar
2024-11-01 11:51:28,491 [BasicRepositoryConnector-repo.maven.apache.org-0-1] INFO  o.e.m.c.i.e.AbstractTransferListenerAdapter - Downloading https://repo.maven.apache.org/maven2/com/fasterxml/jackson/core/jackson-annotations/2.17.2/jackson-annotations-2.17.2.jar
2024-11-01 11:51:28,491 [BasicRepositoryConnector-repo.maven.apache.org-0-0] INFO  o.e.m.c.i.e.AbstractTransferListenerAdapter - Downloading https://repo.maven.apache.org/maven2/com/fasterxml/jackson/core/jackson-databind/2.17.2/jackson-databind-2.17.2.jar
2024-11-01 11:51:28,491 [BasicRepositoryConnector-repo.maven.apache.org-0-4] INFO  o.e.m.c.i.e.AbstractTransferListenerAdapter - Downloading https://repo.maven.apache.org/maven2/com/fasterxml/jackson/core/jackson-core/2.17.2/jackson-core-2.17.2.jar
2024-11-01 11:51:28,509 [BasicRepositoryConnector-repo.maven.apache.org-0-2] INFO  o.e.m.c.i.e.AbstractTransferListenerAdapter - Downloaded https://repo.maven.apache.org/maven2/ch/qos/logback/logback-classic/1.5.11/logback-classic-1.5.11.jar
2024-11-01 11:51:28,531 [BasicRepositoryConnector-repo.maven.apache.org-0-1] INFO  o.e.m.c.i.e.AbstractTransferListenerAdapter - Downloaded https://repo.maven.apache.org/maven2/com/fasterxml/jackson/core/jackson-annotations/2.17.2/jackson-annotations-2.17.2.jar
2024-11-01 11:51:28,538 [BasicRepositoryConnector-repo.maven.apache.org-0-0] INFO  o.e.m.c.i.e.AbstractTransferListenerAdapter - Downloaded https://repo.maven.apache.org/maven2/com/fasterxml/jackson/core/jackson-databind/2.17.2/jackson-databind-2.17.2.jar
2024-11-01 11:51:28,563 [BasicRepositoryConnector-repo.maven.apache.org-0-3] INFO  o.e.m.c.i.e.AbstractTransferListenerAdapter - Downloaded https://repo.maven.apache.org/maven2/ch/qos/logback/logback-core/1.5.11/logback-core-1.5.11.jar
2024-11-01 11:51:28,568 [BasicRepositoryConnector-repo.maven.apache.org-0-1] INFO  o.e.m.c.i.e.AbstractTransferListenerAdapter - Downloading https://repo.maven.apache.org/maven2/com/fasterxml/jackson/datatype/jackson-datatype-jsr310/2.17.2/jackson-datatype-jsr310-2.17.2.jar
2024-11-01 11:51:28,568 [BasicRepositoryConnector-repo.maven.apache.org-0-0] INFO  o.e.m.c.i.e.AbstractTransferListenerAdapter - Downloading https://repo.maven.apache.org/maven2/com/fasterxml/jackson/module/jackson-module-parameter-names/2.17.2/jackson-module-parameter-names-2.17.2.jar
2024-11-01 11:51:28,568 [BasicRepositoryConnector-repo.maven.apache.org-0-2] INFO  o.e.m.c.i.e.AbstractTransferListenerAdapter - Downloading https://repo.maven.apache.org/maven2/com/fasterxml/jackson/datatype/jackson-datatype-jdk8/2.17.2/jackson-datatype-jdk8-2.17.2.jar
2024-11-01 11:51:28,570 [BasicRepositoryConnector-repo.maven.apache.org-0-0] INFO  o.e.m.c.i.e.AbstractTransferListenerAdapter - Downloaded https://repo.maven.apache.org/maven2/com/fasterxml/jackson/module/jackson-module-parameter-names/2.17.2/jackson-module-parameter-names-2.17.2.jar
2024-11-01 11:51:28,570 [BasicRepositoryConnector-repo.maven.apache.org-0-2] INFO  o.e.m.c.i.e.AbstractTransferListenerAdapter - Downloaded https://repo.maven.apache.org/maven2/com/fasterxml/jackson/datatype/jackson-datatype-jdk8/2.17.2/jackson-datatype-jdk8-2.17.2.jar
2024-11-01 11:51:28,582 [BasicRepositoryConnector-repo.maven.apache.org-0-1] INFO  o.e.m.c.i.e.AbstractTransferListenerAdapter - Downloaded https://repo.maven.apache.org/maven2/com/fasterxml/jackson/datatype/jackson-datatype-jsr310/2.17.2/jackson-datatype-jsr310-2.17.2.jar
2024-11-01 11:51:28,588 [BasicRepositoryConnector-repo.maven.apache.org-0-4] INFO  o.e.m.c.i.e.AbstractTransferListenerAdapter - Downloaded https://repo.maven.apache.org/maven2/com/fasterxml/jackson/core/jackson-core/2.17.2/jackson-core-2.17.2.jar
2024-11-01 11:51:28,592 [BasicRepositoryConnector-repo.maven.apache.org-0-0] INFO  o.e.m.c.i.e.AbstractTransferListenerAdapter - Downloading https://repo.maven.apache.org/maven2/org/apache/tomcat/embed/tomcat-embed-core/10.1.31/tomcat-embed-core-10.1.31.jar
2024-11-01 11:51:28,593 [BasicRepositoryConnector-repo.maven.apache.org-0-3] INFO  o.e.m.c.i.e.AbstractTransferListenerAdapter - Downloading https://repo.maven.apache.org/maven2/org/springframework/boot/spring-boot-starter-tomcat/3.3.5/spring-boot-starter-tomcat-3.3.5.jar
2024-11-01 11:51:28,593 [BasicRepositoryConnector-repo.maven.apache.org-0-2] INFO  o.e.m.c.i.e.AbstractTransferListenerAdapter - Downloading https://repo.maven.apache.org/maven2/org/apache/tomcat/embed/tomcat-embed-el/10.1.31/tomcat-embed-el-10.1.31.jar
2024-11-01 11:51:28,594 [BasicRepositoryConnector-repo.maven.apache.org-0-3] INFO  o.e.m.c.i.e.AbstractTransferListenerAdapter - Downloaded https://repo.maven.apache.org/maven2/org/springframework/boot/spring-boot-starter-tomcat/3.3.5/spring-boot-starter-tomcat-3.3.5.jar
2024-11-01 11:51:28,603 [BasicRepositoryConnector-repo.maven.apache.org-0-2] INFO  o.e.m.c.i.e.AbstractTransferListenerAdapter - Downloaded https://repo.maven.apache.org/maven2/org/apache/tomcat/embed/tomcat-embed-el/10.1.31/tomcat-embed-el-10.1.31.jar
2024-11-01 11:51:28,606 [BasicRepositoryConnector-repo.maven.apache.org-0-1] INFO  o.e.m.c.i.e.AbstractTransferListenerAdapter - Downloading https://repo.maven.apache.org/maven2/org/apache/tomcat/embed/tomcat-embed-websocket/10.1.31/tomcat-embed-websocket-10.1.31.jar
2024-11-01 11:51:28,617 [BasicRepositoryConnector-repo.maven.apache.org-0-4] INFO  o.e.m.c.i.e.AbstractTransferListenerAdapter - Downloading https://repo.maven.apache.org/maven2/org/springframework/spring-web/6.1.14/spring-web-6.1.14.jar
2024-11-01 11:51:28,627 [BasicRepositoryConnector-repo.maven.apache.org-0-3] INFO  o.e.m.c.i.e.AbstractTransferListenerAdapter - Downloading https://repo.maven.apache.org/maven2/org/springframework/spring-beans/6.1.14/spring-beans-6.1.14.jar
2024-11-01 11:51:28,671 [BasicRepositoryConnector-repo.maven.apache.org-0-1] INFO  o.e.m.c.i.e.AbstractTransferListenerAdapter - Downloaded https://repo.maven.apache.org/maven2/org/apache/tomcat/embed/tomcat-embed-websocket/10.1.31/tomcat-embed-websocket-10.1.31.jar
2024-11-01 11:51:28,689 [BasicRepositoryConnector-repo.maven.apache.org-0-2] INFO  o.e.m.c.i.e.AbstractTransferListenerAdapter - Downloading https://repo.maven.apache.org/maven2/io/micrometer/micrometer-observation/1.13.6/micrometer-observation-1.13.6.jar
2024-11-01 11:51:28,692 [BasicRepositoryConnector-repo.maven.apache.org-0-2] INFO  o.e.m.c.i.e.AbstractTransferListenerAdapter - Downloaded https://repo.maven.apache.org/maven2/io/micrometer/micrometer-observation/1.13.6/micrometer-observation-1.13.6.jar
2024-11-01 11:51:28,765 [BasicRepositoryConnector-repo.maven.apache.org-0-3] INFO  o.e.m.c.i.e.AbstractTransferListenerAdapter - Downloaded https://repo.maven.apache.org/maven2/org/springframework/spring-beans/6.1.14/spring-beans-6.1.14.jar
2024-11-01 11:51:28,773 [BasicRepositoryConnector-repo.maven.apache.org-0-1] INFO  o.e.m.c.i.e.AbstractTransferListenerAdapter - Downloading https://repo.maven.apache.org/maven2/io/micrometer/micrometer-commons/1.13.6/micrometer-commons-1.13.6.jar
2024-11-01 11:51:28,776 [BasicRepositoryConnector-repo.maven.apache.org-0-1] INFO  o.e.m.c.i.e.AbstractTransferListenerAdapter - Downloaded https://repo.maven.apache.org/maven2/io/micrometer/micrometer-commons/1.13.6/micrometer-commons-1.13.6.jar
2024-11-01 11:51:28,807 [BasicRepositoryConnector-repo.maven.apache.org-0-2] INFO  o.e.m.c.i.e.AbstractTransferListenerAdapter - Downloading https://repo.maven.apache.org/maven2/org/springframework/spring-webmvc/6.1.14/spring-webmvc-6.1.14.jar
2024-11-01 11:51:28,811 [BasicRepositoryConnector-repo.maven.apache.org-0-4] INFO  o.e.m.c.i.e.AbstractTransferListenerAdapter - Downloaded https://repo.maven.apache.org/maven2/org/springframework/spring-web/6.1.14/spring-web-6.1.14.jar
2024-11-01 11:51:28,837 [BasicRepositoryConnector-repo.maven.apache.org-0-2] INFO  o.e.m.c.i.e.AbstractTransferListenerAdapter - Downloaded https://repo.maven.apache.org/maven2/org/springframework/spring-webmvc/6.1.14/spring-webmvc-6.1.14.jar
2024-11-01 11:51:28,857 [BasicRepositoryConnector-repo.maven.apache.org-0-3] INFO  o.e.m.c.i.e.AbstractTransferListenerAdapter - Downloading https://repo.maven.apache.org/maven2/org/springframework/spring-aop/6.1.14/spring-aop-6.1.14.jar
2024-11-01 11:51:28,859 [BasicRepositoryConnector-repo.maven.apache.org-0-0] INFO  o.e.m.c.i.e.AbstractTransferListenerAdapter - Downloaded https://repo.maven.apache.org/maven2/org/apache/tomcat/embed/tomcat-embed-core/10.1.31/tomcat-embed-core-10.1.31.jar
2024-11-01 11:51:28,871 [BasicRepositoryConnector-repo.maven.apache.org-0-1] INFO  o.e.m.c.i.e.AbstractTransferListenerAdapter - Downloading https://repo.maven.apache.org/maven2/org/springframework/spring-context/6.1.14/spring-context-6.1.14.jar
2024-11-01 11:51:28,874 [BasicRepositoryConnector-repo.maven.apache.org-0-3] INFO  o.e.m.c.i.e.AbstractTransferListenerAdapter - Downloaded https://repo.maven.apache.org/maven2/org/springframework/spring-aop/6.1.14/spring-aop-6.1.14.jar
2024-11-01 11:51:28,910 [BasicRepositoryConnector-repo.maven.apache.org-0-2] INFO  o.e.m.c.i.e.AbstractTransferListenerAdapter - Downloading https://repo.maven.apache.org/maven2/org/springframework/boot/spring-boot-devtools/3.3.5/spring-boot-devtools-3.3.5.jar
2024-11-01 11:51:28,913 [BasicRepositoryConnector-repo.maven.apache.org-0-4] INFO  o.e.m.c.i.e.AbstractTransferListenerAdapter - Downloading https://repo.maven.apache.org/maven2/org/springframework/spring-expression/6.1.14/spring-expression-6.1.14.jar
2024-11-01 11:51:28,918 [BasicRepositoryConnector-repo.maven.apache.org-0-2] INFO  o.e.m.c.i.e.AbstractTransferListenerAdapter - Downloaded https://repo.maven.apache.org/maven2/org/springframework/boot/spring-boot-devtools/3.3.5/spring-boot-devtools-3.3.5.jar
2024-11-01 11:51:28,930 [BasicRepositoryConnector-repo.maven.apache.org-0-0] INFO  o.e.m.c.i.e.AbstractTransferListenerAdapter - Downloading https://repo.maven.apache.org/maven2/org/springframework/boot/spring-boot/3.3.5/spring-boot-3.3.5.jar
2024-11-01 11:51:28,930 [BasicRepositoryConnector-repo.maven.apache.org-0-3] INFO  o.e.m.c.i.e.AbstractTransferListenerAdapter - Downloading https://repo.maven.apache.org/maven2/org/springframework/boot/spring-boot-autoconfigure/3.3.5/spring-boot-autoconfigure-3.3.5.jar
2024-11-01 11:51:28,947 [BasicRepositoryConnector-repo.maven.apache.org-0-4] INFO  o.e.m.c.i.e.AbstractTransferListenerAdapter - Downloaded https://repo.maven.apache.org/maven2/org/springframework/spring-expression/6.1.14/spring-expression-6.1.14.jar
2024-11-01 11:51:28,986 [BasicRepositoryConnector-repo.maven.apache.org-0-1] INFO  o.e.m.c.i.e.AbstractTransferListenerAdapter - Downloaded https://repo.maven.apache.org/maven2/org/springframework/spring-context/6.1.14/spring-context-6.1.14.jar
2024-11-01 11:51:29,001 [BasicRepositoryConnector-repo.maven.apache.org-0-0] INFO  o.e.m.c.i.e.AbstractTransferListenerAdapter - Downloaded https://repo.maven.apache.org/maven2/org/springframework/boot/spring-boot/3.3.5/spring-boot-3.3.5.jar
2024-11-01 11:51:29,025 [BasicRepositoryConnector-repo.maven.apache.org-0-2] INFO  o.e.m.c.i.e.AbstractTransferListenerAdapter - Downloading https://repo.maven.apache.org/maven2/org/springframework/boot/spring-boot-configuration-processor/3.3.5/spring-boot-configuration-processor-3.3.5.jar
2024-11-01 11:51:29,028 [BasicRepositoryConnector-repo.maven.apache.org-0-2] INFO  o.e.m.c.i.e.AbstractTransferListenerAdapter - Downloaded https://repo.maven.apache.org/maven2/org/springframework/boot/spring-boot-configuration-processor/3.3.5/spring-boot-configuration-processor-3.3.5.jar
2024-11-01 11:51:29,032 [BasicRepositoryConnector-repo.maven.apache.org-0-4] INFO  o.e.m.c.i.e.AbstractTransferListenerAdapter - Downloading https://repo.maven.apache.org/maven2/org/springframework/boot/spring-boot-starter-test/3.3.5/spring-boot-starter-test-3.3.5.jar
2024-11-01 11:51:29,033 [BasicRepositoryConnector-repo.maven.apache.org-0-4] INFO  o.e.m.c.i.e.AbstractTransferListenerAdapter - Downloaded https://repo.maven.apache.org/maven2/org/springframework/boot/spring-boot-starter-test/3.3.5/spring-boot-starter-test-3.3.5.jar
2024-11-01 11:51:29,033 [BasicRepositoryConnector-repo.maven.apache.org-0-1] INFO  o.e.m.c.i.e.AbstractTransferListenerAdapter - Downloading https://repo.maven.apache.org/maven2/org/springframework/boot/spring-boot-test/3.3.5/spring-boot-test-3.3.5.jar
2024-11-01 11:51:29,043 [BasicRepositoryConnector-repo.maven.apache.org-0-1] INFO  o.e.m.c.i.e.AbstractTransferListenerAdapter - Downloaded https://repo.maven.apache.org/maven2/org/springframework/boot/spring-boot-test/3.3.5/spring-boot-test-3.3.5.jar
2024-11-01 11:51:29,049 [BasicRepositoryConnector-repo.maven.apache.org-0-0] INFO  o.e.m.c.i.e.AbstractTransferListenerAdapter - Downloading https://repo.maven.apache.org/maven2/org/springframework/boot/spring-boot-test-autoconfigure/3.3.5/spring-boot-test-autoconfigure-3.3.5.jar
2024-11-01 11:51:29,057 [BasicRepositoryConnector-repo.maven.apache.org-0-3] INFO  o.e.m.c.i.e.AbstractTransferListenerAdapter - Downloaded https://repo.maven.apache.org/maven2/org/springframework/boot/spring-boot-autoconfigure/3.3.5/spring-boot-autoconfigure-3.3.5.jar
2024-11-01 11:51:29,064 [BasicRepositoryConnector-repo.maven.apache.org-0-2] INFO  o.e.m.c.i.e.AbstractTransferListenerAdapter - Downloading https://repo.maven.apache.org/maven2/com/jayway/jsonpath/json-path/2.9.0/json-path-2.9.0.jar
2024-11-01 11:51:29,064 [BasicRepositoryConnector-repo.maven.apache.org-0-4] INFO  o.e.m.c.i.e.AbstractTransferListenerAdapter - Downloading https://repo.maven.apache.org/maven2/org/slf4j/slf4j-api/2.0.16/slf4j-api-2.0.16.jar
2024-11-01 11:51:29,064 [BasicRepositoryConnector-repo.maven.apache.org-0-0] INFO  o.e.m.c.i.e.AbstractTransferListenerAdapter - Downloaded https://repo.maven.apache.org/maven2/org/springframework/boot/spring-boot-test-autoconfigure/3.3.5/spring-boot-test-autoconfigure-3.3.5.jar
2024-11-01 11:51:29,068 [BasicRepositoryConnector-repo.maven.apache.org-0-4] INFO  o.e.m.c.i.e.AbstractTransferListenerAdapter - Downloaded https://repo.maven.apache.org/maven2/org/slf4j/slf4j-api/2.0.16/slf4j-api-2.0.16.jar
2024-11-01 11:51:29,073 [BasicRepositoryConnector-repo.maven.apache.org-0-2] INFO  o.e.m.c.i.e.AbstractTransferListenerAdapter - Downloaded https://repo.maven.apache.org/maven2/com/jayway/jsonpath/json-path/2.9.0/json-path-2.9.0.jar
2024-11-01 11:51:29,076 [BasicRepositoryConnector-repo.maven.apache.org-0-1] INFO  o.e.m.c.i.e.AbstractTransferListenerAdapter - Downloading https://repo.maven.apache.org/maven2/jakarta/xml/bind/jakarta.xml.bind-api/4.0.2/jakarta.xml.bind-api-4.0.2.jar
2024-11-01 11:51:29,078 [BasicRepositoryConnector-repo.maven.apache.org-0-3] INFO  o.e.m.c.i.e.AbstractTransferListenerAdapter - Downloading https://repo.maven.apache.org/maven2/jakarta/activation/jakarta.activation-api/2.1.3/jakarta.activation-api-2.1.3.jar
2024-11-01 11:51:29,081 [BasicRepositoryConnector-repo.maven.apache.org-0-1] INFO  o.e.m.c.i.e.AbstractTransferListenerAdapter - Downloaded https://repo.maven.apache.org/maven2/jakarta/xml/bind/jakarta.xml.bind-api/4.0.2/jakarta.xml.bind-api-4.0.2.jar
2024-11-01 11:51:29,085 [BasicRepositoryConnector-repo.maven.apache.org-0-0] INFO  o.e.m.c.i.e.AbstractTransferListenerAdapter - Downloading https://repo.maven.apache.org/maven2/net/minidev/json-smart/2.5.1/json-smart-2.5.1.jar
2024-11-01 11:51:29,086 [BasicRepositoryConnector-repo.maven.apache.org-0-3] INFO  o.e.m.c.i.e.AbstractTransferListenerAdapter - Downloaded https://repo.maven.apache.org/maven2/jakarta/activation/jakarta.activation-api/2.1.3/jakarta.activation-api-2.1.3.jar
2024-11-01 11:51:29,088 [BasicRepositoryConnector-repo.maven.apache.org-0-0] INFO  o.e.m.c.i.e.AbstractTransferListenerAdapter - Downloaded https://repo.maven.apache.org/maven2/net/minidev/json-smart/2.5.1/json-smart-2.5.1.jar
2024-11-01 11:51:29,094 [BasicRepositoryConnector-repo.maven.apache.org-0-4] INFO  o.e.m.c.i.e.AbstractTransferListenerAdapter - Downloading https://repo.maven.apache.org/maven2/net/minidev/accessors-smart/2.5.1/accessors-smart-2.5.1.jar
2024-11-01 11:51:29,096 [BasicRepositoryConnector-repo.maven.apache.org-0-2] INFO  o.e.m.c.i.e.AbstractTransferListenerAdapter - Downloading https://repo.maven.apache.org/maven2/org/assertj/assertj-core/3.25.3/assertj-core-3.25.3.jar
2024-11-01 11:51:29,097 [BasicRepositoryConnector-repo.maven.apache.org-0-4] INFO  o.e.m.c.i.e.AbstractTransferListenerAdapter - Downloaded https://repo.maven.apache.org/maven2/net/minidev/accessors-smart/2.5.1/accessors-smart-2.5.1.jar
2024-11-01 11:51:29,121 [BasicRepositoryConnector-repo.maven.apache.org-0-1] INFO  o.e.m.c.i.e.AbstractTransferListenerAdapter - Downloading https://repo.maven.apache.org/maven2/net/bytebuddy/byte-buddy/1.14.19/byte-buddy-1.14.19.jar
2024-11-01 11:51:29,123 [BasicRepositoryConnector-repo.maven.apache.org-0-2] INFO  o.e.m.c.i.e.AbstractTransferListenerAdapter - Downloaded https://repo.maven.apache.org/maven2/org/assertj/assertj-core/3.25.3/assertj-core-3.25.3.jar
2024-11-01 11:51:29,124 [BasicRepositoryConnector-repo.maven.apache.org-0-0] INFO  o.e.m.c.i.e.AbstractTransferListenerAdapter - Downloading https://repo.maven.apache.org/maven2/org/hamcrest/hamcrest/2.2/hamcrest-2.2.jar
2024-11-01 11:51:29,124 [BasicRepositoryConnector-repo.maven.apache.org-0-3] INFO  o.e.m.c.i.e.AbstractTransferListenerAdapter - Downloading https://repo.maven.apache.org/maven2/org/awaitility/awaitility/4.2.2/awaitility-4.2.2.jar
2024-11-01 11:51:29,143 [BasicRepositoryConnector-repo.maven.apache.org-0-0] INFO  o.e.m.c.i.e.AbstractTransferListenerAdapter - Downloaded https://repo.maven.apache.org/maven2/org/hamcrest/hamcrest/2.2/hamcrest-2.2.jar
2024-11-01 11:51:29,143 [BasicRepositoryConnector-repo.maven.apache.org-0-3] INFO  o.e.m.c.i.e.AbstractTransferListenerAdapter - Downloaded https://repo.maven.apache.org/maven2/org/awaitility/awaitility/4.2.2/awaitility-4.2.2.jar
2024-11-01 11:51:29,194 [BasicRepositoryConnector-repo.maven.apache.org-0-4] INFO  o.e.m.c.i.e.AbstractTransferListenerAdapter - Downloading https://repo.maven.apache.org/maven2/org/junit/jupiter/junit-jupiter/5.10.5/junit-jupiter-5.10.5.jar
2024-11-01 11:51:29,196 [BasicRepositoryConnector-repo.maven.apache.org-0-2] INFO  o.e.m.c.i.e.AbstractTransferListenerAdapter - Downloading https://repo.maven.apache.org/maven2/org/junit/jupiter/junit-jupiter-api/5.10.5/junit-jupiter-api-5.10.5.jar
2024-11-01 11:51:29,197 [BasicRepositoryConnector-repo.maven.apache.org-0-4] INFO  o.e.m.c.i.e.AbstractTransferListenerAdapter - Downloaded https://repo.maven.apache.org/maven2/org/junit/jupiter/junit-jupiter/5.10.5/junit-jupiter-5.10.5.jar
2024-11-01 11:51:29,209 [BasicRepositoryConnector-repo.maven.apache.org-0-2] INFO  o.e.m.c.i.e.AbstractTransferListenerAdapter - Downloaded https://repo.maven.apache.org/maven2/org/junit/jupiter/junit-jupiter-api/5.10.5/junit-jupiter-api-5.10.5.jar
2024-11-01 11:51:29,217 [BasicRepositoryConnector-repo.maven.apache.org-0-3] INFO  o.e.m.c.i.e.AbstractTransferListenerAdapter - Downloading https://repo.maven.apache.org/maven2/org/junit/platform/junit-platform-commons/1.10.5/junit-platform-commons-1.10.5.jar
2024-11-01 11:51:29,220 [BasicRepositoryConnector-repo.maven.apache.org-0-0] INFO  o.e.m.c.i.e.AbstractTransferListenerAdapter - Downloading https://repo.maven.apache.org/maven2/org/junit/jupiter/junit-jupiter-params/5.10.5/junit-jupiter-params-5.10.5.jar
2024-11-01 11:51:29,251 [BasicRepositoryConnector-repo.maven.apache.org-0-0] INFO  o.e.m.c.i.e.AbstractTransferListenerAdapter - Downloaded https://repo.maven.apache.org/maven2/org/junit/jupiter/junit-jupiter-params/5.10.5/junit-jupiter-params-5.10.5.jar
2024-11-01 11:51:29,251 [BasicRepositoryConnector-repo.maven.apache.org-0-3] INFO  o.e.m.c.i.e.AbstractTransferListenerAdapter - Downloaded https://repo.maven.apache.org/maven2/org/junit/platform/junit-platform-commons/1.10.5/junit-platform-commons-1.10.5.jar
2024-11-01 11:51:29,276 [BasicRepositoryConnector-repo.maven.apache.org-0-2] INFO  o.e.m.c.i.e.AbstractTransferListenerAdapter - Downloading https://repo.maven.apache.org/maven2/org/junit/platform/junit-platform-engine/1.10.5/junit-platform-engine-1.10.5.jar
2024-11-01 11:51:29,276 [BasicRepositoryConnector-repo.maven.apache.org-0-4] INFO  o.e.m.c.i.e.AbstractTransferListenerAdapter - Downloading https://repo.maven.apache.org/maven2/org/junit/jupiter/junit-jupiter-engine/5.10.5/junit-jupiter-engine-5.10.5.jar
2024-11-01 11:51:29,284 [BasicRepositoryConnector-repo.maven.apache.org-0-1] INFO  o.e.m.c.i.e.AbstractTransferListenerAdapter - Downloaded https://repo.maven.apache.org/maven2/net/bytebuddy/byte-buddy/1.14.19/byte-buddy-1.14.19.jar
2024-11-01 11:51:29,290 [BasicRepositoryConnector-repo.maven.apache.org-0-0] INFO  o.e.m.c.i.e.AbstractTransferListenerAdapter - Downloading https://repo.maven.apache.org/maven2/org/mockito/mockito-core/5.11.0/mockito-core-5.11.0.jar
2024-11-01 11:51:29,290 [BasicRepositoryConnector-repo.maven.apache.org-0-3] INFO  o.e.m.c.i.e.AbstractTransferListenerAdapter - Downloading https://repo.maven.apache.org/maven2/net/bytebuddy/byte-buddy-agent/1.14.19/byte-buddy-agent-1.14.19.jar
2024-11-01 11:51:29,292 [BasicRepositoryConnector-repo.maven.apache.org-0-4] INFO  o.e.m.c.i.e.AbstractTransferListenerAdapter - Downloaded https://repo.maven.apache.org/maven2/org/junit/jupiter/junit-jupiter-engine/5.10.5/junit-jupiter-engine-5.10.5.jar
2024-11-01 11:51:29,292 [BasicRepositoryConnector-repo.maven.apache.org-0-2] INFO  o.e.m.c.i.e.AbstractTransferListenerAdapter - Downloaded https://repo.maven.apache.org/maven2/org/junit/platform/junit-platform-engine/1.10.5/junit-platform-engine-1.10.5.jar
2024-11-01 11:51:29,296 [BasicRepositoryConnector-repo.maven.apache.org-0-3] INFO  o.e.m.c.i.e.AbstractTransferListenerAdapter - Downloaded https://repo.maven.apache.org/maven2/net/bytebuddy/byte-buddy-agent/1.14.19/byte-buddy-agent-1.14.19.jar
2024-11-01 11:51:29,325 [BasicRepositoryConnector-repo.maven.apache.org-0-1] INFO  o.e.m.c.i.e.AbstractTransferListenerAdapter - Downloading https://repo.maven.apache.org/maven2/org/objenesis/objenesis/3.3/objenesis-3.3.jar
2024-11-01 11:51:29,326 [BasicRepositoryConnector-repo.maven.apache.org-0-2] INFO  o.e.m.c.i.e.AbstractTransferListenerAdapter - Downloading https://repo.maven.apache.org/maven2/org/mockito/mockito-junit-jupiter/5.11.0/mockito-junit-jupiter-5.11.0.jar
2024-11-01 11:51:29,326 [BasicRepositoryConnector-repo.maven.apache.org-0-3] INFO  o.e.m.c.i.e.AbstractTransferListenerAdapter - Downloading https://repo.maven.apache.org/maven2/com/vaadin/external/google/android-json/0.0.20131108.vaadin1/android-json-0.0.20131108.vaadin1.jar
2024-11-01 11:51:29,326 [BasicRepositoryConnector-repo.maven.apache.org-0-0] INFO  o.e.m.c.i.e.AbstractTransferListenerAdapter - Downloaded https://repo.maven.apache.org/maven2/org/mockito/mockito-core/5.11.0/mockito-core-5.11.0.jar
2024-11-01 11:51:29,327 [BasicRepositoryConnector-repo.maven.apache.org-0-4] INFO  o.e.m.c.i.e.AbstractTransferListenerAdapter - Downloading https://repo.maven.apache.org/maven2/org/skyscreamer/jsonassert/1.5.3/jsonassert-1.5.3.jar
2024-11-01 11:51:29,327 [BasicRepositoryConnector-repo.maven.apache.org-0-2] INFO  o.e.m.c.i.e.AbstractTransferListenerAdapter - Downloaded https://repo.maven.apache.org/maven2/org/mockito/mockito-junit-jupiter/5.11.0/mockito-junit-jupiter-5.11.0.jar
2024-11-01 11:51:29,327 [BasicRepositoryConnector-repo.maven.apache.org-0-1] INFO  o.e.m.c.i.e.AbstractTransferListenerAdapter - Downloaded https://repo.maven.apache.org/maven2/org/objenesis/objenesis/3.3/objenesis-3.3.jar
2024-11-01 11:51:29,327 [BasicRepositoryConnector-repo.maven.apache.org-0-3] INFO  o.e.m.c.i.e.AbstractTransferListenerAdapter - Downloaded https://repo.maven.apache.org/maven2/com/vaadin/external/google/android-json/0.0.20131108.vaadin1/android-json-0.0.20131108.vaadin1.jar
2024-11-01 11:51:29,328 [BasicRepositoryConnector-repo.maven.apache.org-0-4] INFO  o.e.m.c.i.e.AbstractTransferListenerAdapter - Downloaded https://repo.maven.apache.org/maven2/org/skyscreamer/jsonassert/1.5.3/jsonassert-1.5.3.jar
2024-11-01 11:51:29,355 [BasicRepositoryConnector-repo.maven.apache.org-0-3] INFO  o.e.m.c.i.e.AbstractTransferListenerAdapter - Downloading https://repo.maven.apache.org/maven2/org/xmlunit/xmlunit-core/2.9.1/xmlunit-core-2.9.1.jar
2024-11-01 11:51:29,355 [BasicRepositoryConnector-repo.maven.apache.org-0-1] INFO  o.e.m.c.i.e.AbstractTransferListenerAdapter - Downloading https://repo.maven.apache.org/maven2/org/springframework/spring-test/6.1.14/spring-test-6.1.14.jar
2024-11-01 11:51:29,355 [BasicRepositoryConnector-repo.maven.apache.org-0-2] INFO  o.e.m.c.i.e.AbstractTransferListenerAdapter - Downloading https://repo.maven.apache.org/maven2/org/springframework/spring-jcl/6.1.14/spring-jcl-6.1.14.jar
2024-11-01 11:51:29,356 [BasicRepositoryConnector-repo.maven.apache.org-0-0] INFO  o.e.m.c.i.e.AbstractTransferListenerAdapter - Downloading https://repo.maven.apache.org/maven2/org/springframework/spring-core/6.1.14/spring-core-6.1.14.jar
2024-11-01 11:51:29,358 [BasicRepositoryConnector-repo.maven.apache.org-0-2] INFO  o.e.m.c.i.e.AbstractTransferListenerAdapter - Downloaded https://repo.maven.apache.org/maven2/org/springframework/spring-jcl/6.1.14/spring-jcl-6.1.14.jar
2024-11-01 11:51:29,405 [BasicRepositoryConnector-repo.maven.apache.org-0-1] INFO  o.e.m.c.i.e.AbstractTransferListenerAdapter - Downloaded https://repo.maven.apache.org/maven2/org/springframework/spring-test/6.1.14/spring-test-6.1.14.jar
2024-11-01 11:51:29,417 [BasicRepositoryConnector-repo.maven.apache.org-0-3] INFO  o.e.m.c.i.e.AbstractTransferListenerAdapter - Downloaded https://repo.maven.apache.org/maven2/org/xmlunit/xmlunit-core/2.9.1/xmlunit-core-2.9.1.jar
2024-11-01 11:51:29,431 [BasicRepositoryConnector-repo.maven.apache.org-0-0] INFO  o.e.m.c.i.e.AbstractTransferListenerAdapter - Downloaded https://repo.maven.apache.org/maven2/org/springframework/spring-core/6.1.14/spring-core-6.1.14.jar
2024-11-01 11:51:30,261 [Worker-49: Import Getting Started Content] INFO  o.e.m.j.i.AbstractJavaProjectConfigurator - Adding source folder /feedApp/src/main/java
2024-11-01 11:51:30,263 [Worker-49: Import Getting Started Content] INFO  o.e.m.j.i.AbstractJavaProjectConfigurator - Adding resource folder /feedApp/src/main/resources
2024-11-01 11:51:30,266 [Worker-49: Import Getting Started Content] INFO  o.e.m.j.i.AbstractJavaProjectConfigurator - Adding resource folder /feedApp/src/main/resources
2024-11-01 11:51:30,268 [Worker-49: Import Getting Started Content] INFO  o.e.m.j.i.AbstractJavaProjectConfigurator - Adding source folder /feedApp/src/test/java
2024-11-01 11:51:30,268 [Worker-49: Import Getting Started Content] INFO  o.e.m.j.i.AbstractJavaProjectConfigurator - Adding resource folder /feedApp/src/test/resources
2024-11-01 11:51:30,581 [Worker-49: Import Getting Started Content] INFO  o.e.m.c.i.p.ProjectConfigurationManager - Imported and configured 1 project(s) in 9 sec
2024-11-01 11:51:30,589 [Worker-49: Import Getting Started Content] INFO  o.e.m.c.i.p.ProjectConfigurationManager - Update started
2024-11-01 11:52:40,579 [Worker-7: Loading available Gradle versions] INFO  o.e.b.c.i.u.g.PublishedGradleVersions - Gradle version information cache is up-to-date. Trying to read.
2024-11-01 11:53:08,492 [Worker-12: Building] INFO  o.e.m.c.i.embedder.EclipseLogger - Using 'UTF-8' encoding to copy filtered resources.
2024-11-01 11:53:08,524 [Worker-12: Building] INFO  o.e.m.c.i.embedder.EclipseLogger - skip non existing resourceDirectory /Users/happinessndubisi/Documents/obsidi/workspace-academy-java/academy-java/src/main/resources
2024-11-01 11:53:08,542 [Worker-12: Building] INFO  o.e.m.c.i.embedder.EclipseLogger - Using 'UTF-8' encoding to copy filtered resources.
2024-11-01 11:53:08,543 [Worker-12: Building] INFO  o.e.m.c.i.embedder.EclipseLogger - skip non existing resourceDirectory /Users/happinessndubisi/Documents/obsidi/workspace-academy-java/academy-java/src/test/resources
2024-11-01 11:53:10,123 [Worker-12: Building] INFO  o.a.m.s.f.DefaultMavenResourcesFiltering - skip non existing resourceDirectory /Users/happinessndubisi/Documents/obsidi/workspace-academy-java/bptn.java/src/main/resources
2024-11-01 11:53:10,139 [Worker-12: Building] INFO  o.a.m.s.f.DefaultMavenResourcesFiltering - skip non existing resourceDirectory /Users/happinessndubisi/Documents/obsidi/workspace-academy-java/bptn.java/src/test/resources
2024-11-01 11:57:57,213 [Worker-23: Importing Maven projects] INFO  o.e.m.c.i.l.LifecycleMappingFactory - Using org.eclipse.m2e.jdt.JarLifecycleMapping lifecycle mapping for MavenProject: com.example:feedApp:0.0.1-SNAPSHOT @ /Users/happinessndubisi/Documents/obsidi/workspace-academy-java/feedApp/pom.xml.
2024-11-01 11:57:58,852 [Worker-23: Importing Maven projects] INFO  o.e.m.j.i.AbstractJavaProjectConfigurator - Adding source folder /feedApp/src/main/java
2024-11-01 11:57:58,859 [Worker-23: Importing Maven projects] INFO  o.e.m.j.i.AbstractJavaProjectConfigurator - Adding resource folder /feedApp/src/main/resources
2024-11-01 11:57:58,860 [Worker-23: Importing Maven projects] INFO  o.e.m.j.i.AbstractJavaProjectConfigurator - Adding resource folder /feedApp/src/main/resources
2024-11-01 11:57:58,862 [Worker-23: Importing Maven projects] INFO  o.e.m.j.i.AbstractJavaProjectConfigurator - Adding source folder /feedApp/src/test/java
2024-11-01 11:57:58,863 [Worker-23: Importing Maven projects] INFO  o.e.m.j.i.AbstractJavaProjectConfigurator - Adding resource folder /feedApp/src/test/resources
2024-11-01 11:57:59,192 [Worker-23: Importing Maven projects] INFO  o.e.m.c.i.p.ProjectConfigurationManager - Imported and configured 1 project(s) in 7 sec
2024-11-01 11:58:00,454 [Worker-42: Download sources and javadoc] INFO  o.e.m.c.i.e.AbstractTransferListenerAdapter - Downloading https://repo.maven.apache.org/maven2/org/springframework/boot/spring-boot-starter-web/3.3.5/spring-boot-starter-web-3.3.5-sources.jar
2024-11-01 11:58:00,556 [Worker-42: Download sources and javadoc] INFO  o.e.m.c.i.e.AbstractTransferListenerAdapter - Downloaded https://repo.maven.apache.org/maven2/org/springframework/boot/spring-boot-starter-web/3.3.5/spring-boot-starter-web-3.3.5-sources.jar
2024-11-01 11:58:00,583 [Worker-42: Download sources and javadoc] INFO  o.e.m.j.internal.DownloadSourcesJob - Downloaded sources for org.springframework.boot:spring-boot-starter-web:3.3.5
2024-11-01 11:58:00,766 [Worker-42: Download sources and javadoc] INFO  o.e.m.c.i.e.AbstractTransferListenerAdapter - Downloading https://repo.maven.apache.org/maven2/org/springframework/boot/spring-boot-starter/3.3.5/spring-boot-starter-3.3.5-sources.jar
2024-11-01 11:58:00,783 [Worker-42: Download sources and javadoc] INFO  o.e.m.c.i.e.AbstractTransferListenerAdapter - Downloaded https://repo.maven.apache.org/maven2/org/springframework/boot/spring-boot-starter/3.3.5/spring-boot-starter-3.3.5-sources.jar
2024-11-01 11:58:00,786 [Worker-42: Download sources and javadoc] INFO  o.e.m.j.internal.DownloadSourcesJob - Downloaded sources for org.springframework.boot:spring-boot-starter:3.3.5
2024-11-01 11:58:00,918 [Worker-42: Download sources and javadoc] INFO  o.e.m.c.i.e.AbstractTransferListenerAdapter - Downloading https://repo.maven.apache.org/maven2/org/springframework/boot/spring-boot-starter-logging/3.3.5/spring-boot-starter-logging-3.3.5-sources.jar
2024-11-01 11:58:00,940 [Worker-42: Download sources and javadoc] INFO  o.e.m.c.i.e.AbstractTransferListenerAdapter - Downloaded https://repo.maven.apache.org/maven2/org/springframework/boot/spring-boot-starter-logging/3.3.5/spring-boot-starter-logging-3.3.5-sources.jar
2024-11-01 11:58:00,942 [Worker-42: Download sources and javadoc] INFO  o.e.m.j.internal.DownloadSourcesJob - Downloaded sources for org.springframework.boot:spring-boot-starter-logging:3.3.5
2024-11-01 11:58:01,048 [Worker-42: Download sources and javadoc] INFO  o.e.m.c.i.e.AbstractTransferListenerAdapter - Downloading https://repo.maven.apache.org/maven2/ch/qos/logback/logback-classic/1.5.11/logback-classic-1.5.11-sources.jar
2024-11-01 11:58:01,122 [Worker-42: Download sources and javadoc] INFO  o.e.m.c.i.e.AbstractTransferListenerAdapter - Downloaded https://repo.maven.apache.org/maven2/ch/qos/logback/logback-classic/1.5.11/logback-classic-1.5.11-sources.jar
2024-11-01 11:58:01,124 [Worker-42: Download sources and javadoc] INFO  o.e.m.j.internal.DownloadSourcesJob - Downloaded sources for ch.qos.logback:logback-classic:1.5.11
2024-11-01 11:58:01,207 [Worker-42: Download sources and javadoc] INFO  o.e.m.c.i.e.AbstractTransferListenerAdapter - Downloading https://repo.maven.apache.org/maven2/ch/qos/logback/logback-core/1.5.11/logback-core-1.5.11-sources.jar
2024-11-01 11:58:01,283 [Worker-42: Download sources and javadoc] INFO  o.e.m.c.i.e.AbstractTransferListenerAdapter - Downloaded https://repo.maven.apache.org/maven2/ch/qos/logback/logback-core/1.5.11/logback-core-1.5.11-sources.jar
2024-11-01 11:58:01,284 [Worker-42: Download sources and javadoc] INFO  o.e.m.j.internal.DownloadSourcesJob - Downloaded sources for ch.qos.logback:logback-core:1.5.11
2024-11-01 11:58:01,393 [Worker-42: Download sources and javadoc] INFO  o.e.m.c.i.e.AbstractTransferListenerAdapter - Downloading https://repo.maven.apache.org/maven2/org/apache/logging/log4j/log4j-to-slf4j/2.23.1/log4j-to-slf4j-2.23.1-sources.jar
2024-11-01 11:58:01,397 [Worker-42: Download sources and javadoc] INFO  o.e.m.c.i.e.AbstractTransferListenerAdapter - Downloaded https://repo.maven.apache.org/maven2/org/apache/logging/log4j/log4j-to-slf4j/2.23.1/log4j-to-slf4j-2.23.1-sources.jar
2024-11-01 11:58:01,402 [Worker-42: Download sources and javadoc] INFO  o.e.m.j.internal.DownloadSourcesJob - Downloaded sources for org.apache.logging.log4j:log4j-to-slf4j:2.23.1
2024-11-01 11:58:01,504 [Worker-42: Download sources and javadoc] INFO  o.e.m.c.i.e.AbstractTransferListenerAdapter - Downloading https://repo.maven.apache.org/maven2/org/apache/logging/log4j/log4j-api/2.23.1/log4j-api-2.23.1-sources.jar
2024-11-01 11:58:01,560 [Worker-42: Download sources and javadoc] INFO  o.e.m.c.i.e.AbstractTransferListenerAdapter - Downloaded https://repo.maven.apache.org/maven2/org/apache/logging/log4j/log4j-api/2.23.1/log4j-api-2.23.1-sources.jar
2024-11-01 11:58:01,570 [Worker-42: Download sources and javadoc] INFO  o.e.m.j.internal.DownloadSourcesJob - Downloaded sources for org.apache.logging.log4j:log4j-api:2.23.1
2024-11-01 11:58:01,677 [Worker-42: Download sources and javadoc] INFO  o.e.m.c.i.e.AbstractTransferListenerAdapter - Downloading https://repo.maven.apache.org/maven2/org/slf4j/jul-to-slf4j/2.0.16/jul-to-slf4j-2.0.16-sources.jar
2024-11-01 11:58:01,680 [Worker-42: Download sources and javadoc] INFO  o.e.m.c.i.e.AbstractTransferListenerAdapter - Downloaded https://repo.maven.apache.org/maven2/org/slf4j/jul-to-slf4j/2.0.16/jul-to-slf4j-2.0.16-sources.jar
2024-11-01 11:58:01,684 [Worker-42: Download sources and javadoc] INFO  o.e.m.j.internal.DownloadSourcesJob - Downloaded sources for org.slf4j:jul-to-slf4j:2.0.16
2024-11-01 11:58:01,789 [Worker-42: Download sources and javadoc] INFO  o.e.m.c.i.e.AbstractTransferListenerAdapter - Downloading https://repo.maven.apache.org/maven2/jakarta/annotation/jakarta.annotation-api/2.1.1/jakarta.annotation-api-2.1.1-sources.jar
2024-11-01 11:58:01,809 [Worker-42: Download sources and javadoc] INFO  o.e.m.c.i.e.AbstractTransferListenerAdapter - Downloaded https://repo.maven.apache.org/maven2/jakarta/annotation/jakarta.annotation-api/2.1.1/jakarta.annotation-api-2.1.1-sources.jar
2024-11-01 11:58:01,816 [Worker-42: Download sources and javadoc] INFO  o.e.m.j.internal.DownloadSourcesJob - Downloaded sources for jakarta.annotation:jakarta.annotation-api:2.1.1
2024-11-01 11:58:01,896 [Worker-42: Download sources and javadoc] INFO  o.e.m.c.i.e.AbstractTransferListenerAdapter - Downloading https://repo.maven.apache.org/maven2/org/yaml/snakeyaml/2.2/snakeyaml-2.2-sources.jar
2024-11-01 11:58:01,906 [Worker-47: Building] INFO  o.a.m.s.f.DefaultMavenResourcesFiltering - Copying 1 resource from src/main/resources to target/classes
2024-11-01 11:58:01,931 [Worker-47: Building] INFO  o.a.m.s.f.DefaultMavenResourcesFiltering - Copying 0 resource from src/main/resources to target/classes
2024-11-01 11:58:01,951 [Worker-47: Building] INFO  o.a.m.s.f.DefaultMavenResourcesFiltering - skip non existing resourceDirectory /Users/happinessndubisi/Documents/obsidi/workspace-academy-java/feedApp/src/test/resources
2024-11-01 11:58:01,966 [Worker-42: Download sources and javadoc] INFO  o.e.m.c.i.e.AbstractTransferListenerAdapter - Downloaded https://repo.maven.apache.org/maven2/org/yaml/snakeyaml/2.2/snakeyaml-2.2-sources.jar
2024-11-01 11:58:01,970 [Worker-42: Download sources and javadoc] INFO  o.e.m.j.internal.DownloadSourcesJob - Downloaded sources for org.yaml:snakeyaml:2.2
2024-11-01 11:58:02,047 [Worker-42: Download sources and javadoc] INFO  o.e.m.c.i.e.AbstractTransferListenerAdapter - Downloading https://repo.maven.apache.org/maven2/org/springframework/boot/spring-boot-starter-json/3.3.5/spring-boot-starter-json-3.3.5-sources.jar
2024-11-01 11:58:02,060 [Worker-42: Download sources and javadoc] INFO  o.e.m.c.i.e.AbstractTransferListenerAdapter - Downloaded https://repo.maven.apache.org/maven2/org/springframework/boot/spring-boot-starter-json/3.3.5/spring-boot-starter-json-3.3.5-sources.jar
2024-11-01 11:58:02,062 [Worker-42: Download sources and javadoc] INFO  o.e.m.j.internal.DownloadSourcesJob - Downloaded sources for org.springframework.boot:spring-boot-starter-json:3.3.5
2024-11-01 11:58:02,383 [Worker-42: Download sources and javadoc] INFO  o.e.m.c.i.e.AbstractTransferListenerAdapter - Downloading https://repo.maven.apache.org/maven2/com/fasterxml/jackson/core/jackson-databind/2.17.2/jackson-databind-2.17.2-sources.jar
2024-11-01 11:58:03,135 [Worker-42: Download sources and javadoc] INFO  o.e.m.c.i.e.AbstractTransferListenerAdapter - Downloaded https://repo.maven.apache.org/maven2/com/fasterxml/jackson/core/jackson-databind/2.17.2/jackson-databind-2.17.2-sources.jar
2024-11-01 11:58:03,271 [Worker-42: Download sources and javadoc] INFO  o.e.m.j.internal.DownloadSourcesJob - Downloaded sources for com.fasterxml.jackson.core:jackson-databind:2.17.2
2024-11-01 11:58:03,918 [Worker-42: Download sources and javadoc] INFO  o.e.m.c.i.e.AbstractTransferListenerAdapter - Downloading https://repo.maven.apache.org/maven2/com/fasterxml/jackson/core/jackson-annotations/2.17.2/jackson-annotations-2.17.2-sources.jar
2024-11-01 11:58:03,992 [Worker-42: Download sources and javadoc] INFO  o.e.m.c.i.e.AbstractTransferListenerAdapter - Downloaded https://repo.maven.apache.org/maven2/com/fasterxml/jackson/core/jackson-annotations/2.17.2/jackson-annotations-2.17.2-sources.jar
2024-11-01 11:58:03,999 [Worker-42: Download sources and javadoc] INFO  o.e.m.j.internal.DownloadSourcesJob - Downloaded sources for com.fasterxml.jackson.core:jackson-annotations:2.17.2
2024-11-01 11:58:04,095 [Worker-42: Download sources and javadoc] INFO  o.e.m.c.i.e.AbstractTransferListenerAdapter - Downloading https://repo.maven.apache.org/maven2/com/fasterxml/jackson/core/jackson-core/2.17.2/jackson-core-2.17.2-sources.jar
2024-11-01 11:58:04,175 [Worker-42: Download sources and javadoc] INFO  o.e.m.c.i.e.AbstractTransferListenerAdapter - Downloaded https://repo.maven.apache.org/maven2/com/fasterxml/jackson/core/jackson-core/2.17.2/jackson-core-2.17.2-sources.jar
2024-11-01 11:58:04,178 [Worker-42: Download sources and javadoc] INFO  o.e.m.j.internal.DownloadSourcesJob - Downloaded sources for com.fasterxml.jackson.core:jackson-core:2.17.2
2024-11-01 11:58:04,277 [Worker-42: Download sources and javadoc] INFO  o.e.m.c.i.e.AbstractTransferListenerAdapter - Downloading https://repo.maven.apache.org/maven2/com/fasterxml/jackson/datatype/jackson-datatype-jdk8/2.17.2/jackson-datatype-jdk8-2.17.2-sources.jar
2024-11-01 11:58:04,283 [Worker-42: Download sources and javadoc] INFO  o.e.m.c.i.e.AbstractTransferListenerAdapter - Downloaded https://repo.maven.apache.org/maven2/com/fasterxml/jackson/datatype/jackson-datatype-jdk8/2.17.2/jackson-datatype-jdk8-2.17.2-sources.jar
2024-11-01 11:58:04,286 [Worker-42: Download sources and javadoc] INFO  o.e.m.j.internal.DownloadSourcesJob - Downloaded sources for com.fasterxml.jackson.datatype:jackson-datatype-jdk8:2.17.2
2024-11-01 11:58:04,361 [Worker-42: Download sources and javadoc] INFO  o.e.m.c.i.e.AbstractTransferListenerAdapter - Downloading https://repo.maven.apache.org/maven2/com/fasterxml/jackson/datatype/jackson-datatype-jsr310/2.17.2/jackson-datatype-jsr310-2.17.2-sources.jar
2024-11-01 11:58:04,403 [Worker-42: Download sources and javadoc] INFO  o.e.m.c.i.e.AbstractTransferListenerAdapter - Downloaded https://repo.maven.apache.org/maven2/com/fasterxml/jackson/datatype/jackson-datatype-jsr310/2.17.2/jackson-datatype-jsr310-2.17.2-sources.jar
2024-11-01 11:58:04,405 [Worker-42: Download sources and javadoc] INFO  o.e.m.j.internal.DownloadSourcesJob - Downloaded sources for com.fasterxml.jackson.datatype:jackson-datatype-jsr310:2.17.2
2024-11-01 11:58:04,486 [Worker-42: Download sources and javadoc] INFO  o.e.m.c.i.e.AbstractTransferListenerAdapter - Downloading https://repo.maven.apache.org/maven2/com/fasterxml/jackson/module/jackson-module-parameter-names/2.17.2/jackson-module-parameter-names-2.17.2-sources.jar
2024-11-01 11:58:04,488 [Worker-42: Download sources and javadoc] INFO  o.e.m.c.i.e.AbstractTransferListenerAdapter - Downloaded https://repo.maven.apache.org/maven2/com/fasterxml/jackson/module/jackson-module-parameter-names/2.17.2/jackson-module-parameter-names-2.17.2-sources.jar
2024-11-01 11:58:04,489 [Worker-42: Download sources and javadoc] INFO  o.e.m.j.internal.DownloadSourcesJob - Downloaded sources for com.fasterxml.jackson.module:jackson-module-parameter-names:2.17.2
2024-11-01 11:58:04,570 [Worker-42: Download sources and javadoc] INFO  o.e.m.c.i.e.AbstractTransferListenerAdapter - Downloading https://repo.maven.apache.org/maven2/org/springframework/boot/spring-boot-starter-tomcat/3.3.5/spring-boot-starter-tomcat-3.3.5-sources.jar
2024-11-01 11:58:04,574 [Worker-42: Download sources and javadoc] INFO  o.e.m.c.i.e.AbstractTransferListenerAdapter - Downloaded https://repo.maven.apache.org/maven2/org/springframework/boot/spring-boot-starter-tomcat/3.3.5/spring-boot-starter-tomcat-3.3.5-sources.jar
2024-11-01 11:58:04,576 [Worker-42: Download sources and javadoc] INFO  o.e.m.j.internal.DownloadSourcesJob - Downloaded sources for org.springframework.boot:spring-boot-starter-tomcat:3.3.5
2024-11-01 11:58:04,651 [Worker-42: Download sources and javadoc] INFO  o.e.m.c.i.e.AbstractTransferListenerAdapter - Downloading https://repo.maven.apache.org/maven2/org/apache/tomcat/embed/tomcat-embed-core/10.1.31/tomcat-embed-core-10.1.31-sources.jar
2024-11-01 11:58:04,843 [Worker-42: Download sources and javadoc] INFO  o.e.m.c.i.e.AbstractTransferListenerAdapter - Downloaded https://repo.maven.apache.org/maven2/org/apache/tomcat/embed/tomcat-embed-core/10.1.31/tomcat-embed-core-10.1.31-sources.jar
2024-11-01 11:58:04,852 [Worker-42: Download sources and javadoc] INFO  o.e.m.j.internal.DownloadSourcesJob - Downloaded sources for org.apache.tomcat.embed:tomcat-embed-core:10.1.31
2024-11-01 11:58:04,948 [Worker-42: Download sources and javadoc] INFO  o.e.m.c.i.e.AbstractTransferListenerAdapter - Downloading https://repo.maven.apache.org/maven2/org/apache/tomcat/embed/tomcat-embed-el/10.1.31/tomcat-embed-el-10.1.31-sources.jar
2024-11-01 11:58:04,996 [Worker-42: Download sources and javadoc] INFO  o.e.m.c.i.e.AbstractTransferListenerAdapter - Downloaded https://repo.maven.apache.org/maven2/org/apache/tomcat/embed/tomcat-embed-el/10.1.31/tomcat-embed-el-10.1.31-sources.jar
2024-11-01 11:58:04,997 [Worker-42: Download sources and javadoc] INFO  o.e.m.j.internal.DownloadSourcesJob - Downloaded sources for org.apache.tomcat.embed:tomcat-embed-el:10.1.31
2024-11-01 11:58:05,076 [Worker-42: Download sources and javadoc] INFO  o.e.m.c.i.e.AbstractTransferListenerAdapter - Downloading https://repo.maven.apache.org/maven2/org/apache/tomcat/embed/tomcat-embed-websocket/10.1.31/tomcat-embed-websocket-10.1.31-sources.jar
2024-11-01 11:58:05,127 [Worker-42: Download sources and javadoc] INFO  o.e.m.c.i.e.AbstractTransferListenerAdapter - Downloaded https://repo.maven.apache.org/maven2/org/apache/tomcat/embed/tomcat-embed-websocket/10.1.31/tomcat-embed-websocket-10.1.31-sources.jar
2024-11-01 11:58:05,132 [Worker-42: Download sources and javadoc] INFO  o.e.m.j.internal.DownloadSourcesJob - Downloaded sources for org.apache.tomcat.embed:tomcat-embed-websocket:10.1.31
2024-11-01 11:58:05,203 [Worker-42: Download sources and javadoc] INFO  o.e.m.c.i.e.AbstractTransferListenerAdapter - Downloading https://repo.maven.apache.org/maven2/org/springframework/spring-web/6.1.14/spring-web-6.1.14-sources.jar
2024-11-01 11:58:05,334 [Worker-42: Download sources and javadoc] INFO  o.e.m.c.i.e.AbstractTransferListenerAdapter - Downloaded https://repo.maven.apache.org/maven2/org/springframework/spring-web/6.1.14/spring-web-6.1.14-sources.jar
2024-11-01 11:58:05,336 [Worker-42: Download sources and javadoc] INFO  o.e.m.j.internal.DownloadSourcesJob - Downloaded sources for org.springframework:spring-web:6.1.14
2024-11-01 11:58:05,419 [Worker-42: Download sources and javadoc] INFO  o.e.m.c.i.e.AbstractTransferListenerAdapter - Downloading https://repo.maven.apache.org/maven2/org/springframework/spring-beans/6.1.14/spring-beans-6.1.14-sources.jar
2024-11-01 11:58:05,503 [Worker-42: Download sources and javadoc] INFO  o.e.m.c.i.e.AbstractTransferListenerAdapter - Downloaded https://repo.maven.apache.org/maven2/org/springframework/spring-beans/6.1.14/spring-beans-6.1.14-sources.jar
2024-11-01 11:58:05,505 [Worker-42: Download sources and javadoc] INFO  o.e.m.j.internal.DownloadSourcesJob - Downloaded sources for org.springframework:spring-beans:6.1.14
2024-11-01 11:58:05,682 [Worker-42: Download sources and javadoc] INFO  o.e.m.c.i.e.AbstractTransferListenerAdapter - Downloading https://repo.maven.apache.org/maven2/io/micrometer/micrometer-observation/1.13.6/micrometer-observation-1.13.6-sources.jar
2024-11-01 11:58:05,706 [Worker-42: Download sources and javadoc] INFO  o.e.m.c.i.e.AbstractTransferListenerAdapter - Downloaded https://repo.maven.apache.org/maven2/io/micrometer/micrometer-observation/1.13.6/micrometer-observation-1.13.6-sources.jar
2024-11-01 11:58:05,713 [Worker-42: Download sources and javadoc] INFO  o.e.m.j.internal.DownloadSourcesJob - Downloaded sources for io.micrometer:micrometer-observation:1.13.6
2024-11-01 11:58:05,792 [Worker-42: Download sources and javadoc] INFO  o.e.m.c.i.e.AbstractTransferListenerAdapter - Downloading https://repo.maven.apache.org/maven2/io/micrometer/micrometer-commons/1.13.6/micrometer-commons-1.13.6-sources.jar
2024-11-01 11:58:05,806 [Worker-42: Download sources and javadoc] INFO  o.e.m.c.i.e.AbstractTransferListenerAdapter - Downloaded https://repo.maven.apache.org/maven2/io/micrometer/micrometer-commons/1.13.6/micrometer-commons-1.13.6-sources.jar
2024-11-01 11:58:05,812 [Worker-42: Download sources and javadoc] INFO  o.e.m.j.internal.DownloadSourcesJob - Downloaded sources for io.micrometer:micrometer-commons:1.13.6
2024-11-01 11:58:05,893 [Worker-42: Download sources and javadoc] INFO  o.e.m.c.i.e.AbstractTransferListenerAdapter - Downloading https://repo.maven.apache.org/maven2/org/springframework/spring-webmvc/6.1.14/spring-webmvc-6.1.14-sources.jar
2024-11-01 11:58:05,990 [Worker-42: Download sources and javadoc] INFO  o.e.m.c.i.e.AbstractTransferListenerAdapter - Downloaded https://repo.maven.apache.org/maven2/org/springframework/spring-webmvc/6.1.14/spring-webmvc-6.1.14-sources.jar
2024-11-01 11:58:05,992 [Worker-42: Download sources and javadoc] INFO  o.e.m.j.internal.DownloadSourcesJob - Downloaded sources for org.springframework:spring-webmvc:6.1.14
2024-11-01 11:58:06,065 [Worker-42: Download sources and javadoc] INFO  o.e.m.c.i.e.AbstractTransferListenerAdapter - Downloading https://repo.maven.apache.org/maven2/org/springframework/spring-aop/6.1.14/spring-aop-6.1.14-sources.jar
2024-11-01 11:58:06,165 [Worker-42: Download sources and javadoc] INFO  o.e.m.c.i.e.AbstractTransferListenerAdapter - Downloaded https://repo.maven.apache.org/maven2/org/springframework/spring-aop/6.1.14/spring-aop-6.1.14-sources.jar
2024-11-01 11:58:06,171 [Worker-42: Download sources and javadoc] INFO  o.e.m.j.internal.DownloadSourcesJob - Downloaded sources for org.springframework:spring-aop:6.1.14
2024-11-01 11:58:06,252 [Worker-42: Download sources and javadoc] INFO  o.e.m.c.i.e.AbstractTransferListenerAdapter - Downloading https://repo.maven.apache.org/maven2/org/springframework/spring-context/6.1.14/spring-context-6.1.14-sources.jar
2024-11-01 11:58:06,388 [Worker-42: Download sources and javadoc] INFO  o.e.m.c.i.e.AbstractTransferListenerAdapter - Downloaded https://repo.maven.apache.org/maven2/org/springframework/spring-context/6.1.14/spring-context-6.1.14-sources.jar
2024-11-01 11:58:06,391 [Worker-42: Download sources and javadoc] INFO  o.e.m.j.internal.DownloadSourcesJob - Downloaded sources for org.springframework:spring-context:6.1.14
2024-11-01 11:58:06,481 [Worker-42: Download sources and javadoc] INFO  o.e.m.c.i.e.AbstractTransferListenerAdapter - Downloading https://repo.maven.apache.org/maven2/org/springframework/spring-expression/6.1.14/spring-expression-6.1.14-sources.jar
2024-11-01 11:58:06,547 [Worker-42: Download sources and javadoc] INFO  o.e.m.c.i.e.AbstractTransferListenerAdapter - Downloaded https://repo.maven.apache.org/maven2/org/springframework/spring-expression/6.1.14/spring-expression-6.1.14-sources.jar
2024-11-01 11:58:06,550 [Worker-42: Download sources and javadoc] INFO  o.e.m.j.internal.DownloadSourcesJob - Downloaded sources for org.springframework:spring-expression:6.1.14
2024-11-01 11:58:06,623 [Worker-42: Download sources and javadoc] INFO  o.e.m.c.i.e.AbstractTransferListenerAdapter - Downloading https://repo.maven.apache.org/maven2/org/springframework/boot/spring-boot-devtools/3.3.5/spring-boot-devtools-3.3.5-sources.jar
2024-11-01 11:58:06,654 [Worker-42: Download sources and javadoc] INFO  o.e.m.c.i.e.AbstractTransferListenerAdapter - Downloaded https://repo.maven.apache.org/maven2/org/springframework/boot/spring-boot-devtools/3.3.5/spring-boot-devtools-3.3.5-sources.jar
2024-11-01 11:58:06,657 [Worker-42: Download sources and javadoc] INFO  o.e.m.j.internal.DownloadSourcesJob - Downloaded sources for org.springframework.boot:spring-boot-devtools:3.3.5
2024-11-01 11:58:06,732 [Worker-42: Download sources and javadoc] INFO  o.e.m.c.i.e.AbstractTransferListenerAdapter - Downloading https://repo.maven.apache.org/maven2/org/springframework/boot/spring-boot/3.3.5/spring-boot-3.3.5-sources.jar
2024-11-01 11:58:07,295 [Worker-42: Download sources and javadoc] INFO  o.e.m.c.i.e.AbstractTransferListenerAdapter - Downloaded https://repo.maven.apache.org/maven2/org/springframework/boot/spring-boot/3.3.5/spring-boot-3.3.5-sources.jar
2024-11-01 11:58:07,298 [Worker-42: Download sources and javadoc] INFO  o.e.m.j.internal.DownloadSourcesJob - Downloaded sources for org.springframework.boot:spring-boot:3.3.5
2024-11-01 11:58:07,447 [Worker-42: Download sources and javadoc] INFO  o.e.m.c.i.e.AbstractTransferListenerAdapter - Downloading https://repo.maven.apache.org/maven2/org/springframework/boot/spring-boot-autoconfigure/3.3.5/spring-boot-autoconfigure-3.3.5-sources.jar
2024-11-01 11:58:07,562 [Worker-42: Download sources and javadoc] INFO  o.e.m.c.i.e.AbstractTransferListenerAdapter - Downloaded https://repo.maven.apache.org/maven2/org/springframework/boot/spring-boot-autoconfigure/3.3.5/spring-boot-autoconfigure-3.3.5-sources.jar
2024-11-01 11:58:07,566 [Worker-42: Download sources and javadoc] INFO  o.e.m.j.internal.DownloadSourcesJob - Downloaded sources for org.springframework.boot:spring-boot-autoconfigure:3.3.5
2024-11-01 11:58:07,647 [Worker-42: Download sources and javadoc] INFO  o.e.m.c.i.e.AbstractTransferListenerAdapter - Downloading https://repo.maven.apache.org/maven2/org/springframework/boot/spring-boot-configuration-processor/3.3.5/spring-boot-configuration-processor-3.3.5-sources.jar
2024-11-01 11:58:07,680 [Worker-42: Download sources and javadoc] INFO  o.e.m.c.i.e.AbstractTransferListenerAdapter - Downloaded https://repo.maven.apache.org/maven2/org/springframework/boot/spring-boot-configuration-processor/3.3.5/spring-boot-configuration-processor-3.3.5-sources.jar
2024-11-01 11:58:07,684 [Worker-42: Download sources and javadoc] INFO  o.e.m.j.internal.DownloadSourcesJob - Downloaded sources for org.springframework.boot:spring-boot-configuration-processor:3.3.5
2024-11-01 11:58:07,770 [Worker-42: Download sources and javadoc] INFO  o.e.m.c.i.e.AbstractTransferListenerAdapter - Downloading https://repo.maven.apache.org/maven2/org/springframework/boot/spring-boot-starter-test/3.3.5/spring-boot-starter-test-3.3.5-sources.jar
2024-11-01 11:58:07,772 [Worker-42: Download sources and javadoc] INFO  o.e.m.c.i.e.AbstractTransferListenerAdapter - Downloaded https://repo.maven.apache.org/maven2/org/springframework/boot/spring-boot-starter-test/3.3.5/spring-boot-starter-test-3.3.5-sources.jar
2024-11-01 11:58:07,775 [Worker-42: Download sources and javadoc] INFO  o.e.m.j.internal.DownloadSourcesJob - Downloaded sources for org.springframework.boot:spring-boot-starter-test:3.3.5
2024-11-01 11:58:07,857 [Worker-42: Download sources and javadoc] INFO  o.e.m.c.i.e.AbstractTransferListenerAdapter - Downloading https://repo.maven.apache.org/maven2/org/springframework/boot/spring-boot-test/3.3.5/spring-boot-test-3.3.5-sources.jar
2024-11-01 11:58:07,906 [Worker-42: Download sources and javadoc] INFO  o.e.m.c.i.e.AbstractTransferListenerAdapter - Downloaded https://repo.maven.apache.org/maven2/org/springframework/boot/spring-boot-test/3.3.5/spring-boot-test-3.3.5-sources.jar
2024-11-01 11:58:07,908 [Worker-42: Download sources and javadoc] INFO  o.e.m.j.internal.DownloadSourcesJob - Downloaded sources for org.springframework.boot:spring-boot-test:3.3.5
2024-11-01 11:58:07,979 [Worker-42: Download sources and javadoc] INFO  o.e.m.c.i.e.AbstractTransferListenerAdapter - Downloading https://repo.maven.apache.org/maven2/org/springframework/boot/spring-boot-test-autoconfigure/3.3.5/spring-boot-test-autoconfigure-3.3.5-sources.jar
2024-11-01 11:58:08,030 [Worker-42: Download sources and javadoc] INFO  o.e.m.c.i.e.AbstractTransferListenerAdapter - Downloaded https://repo.maven.apache.org/maven2/org/springframework/boot/spring-boot-test-autoconfigure/3.3.5/spring-boot-test-autoconfigure-3.3.5-sources.jar
2024-11-01 11:58:08,034 [Worker-42: Download sources and javadoc] INFO  o.e.m.j.internal.DownloadSourcesJob - Downloaded sources for org.springframework.boot:spring-boot-test-autoconfigure:3.3.5
2024-11-01 11:58:08,111 [Worker-42: Download sources and javadoc] INFO  o.e.m.c.i.e.AbstractTransferListenerAdapter - Downloading https://repo.maven.apache.org/maven2/com/jayway/jsonpath/json-path/2.9.0/json-path-2.9.0-sources.jar
2024-11-01 11:58:08,140 [Worker-42: Download sources and javadoc] INFO  o.e.m.c.i.e.AbstractTransferListenerAdapter - Downloaded https://repo.maven.apache.org/maven2/com/jayway/jsonpath/json-path/2.9.0/json-path-2.9.0-sources.jar
2024-11-01 11:58:08,149 [Worker-42: Download sources and javadoc] INFO  o.e.m.j.internal.DownloadSourcesJob - Downloaded sources for com.jayway.jsonpath:json-path:2.9.0
2024-11-01 11:58:08,220 [Worker-42: Download sources and javadoc] INFO  o.e.m.c.i.e.AbstractTransferListenerAdapter - Downloading https://repo.maven.apache.org/maven2/org/slf4j/slf4j-api/2.0.16/slf4j-api-2.0.16-sources.jar
2024-11-01 11:58:08,249 [Worker-42: Download sources and javadoc] INFO  o.e.m.c.i.e.AbstractTransferListenerAdapter - Downloaded https://repo.maven.apache.org/maven2/org/slf4j/slf4j-api/2.0.16/slf4j-api-2.0.16-sources.jar
2024-11-01 11:58:08,252 [Worker-42: Download sources and javadoc] INFO  o.e.m.j.internal.DownloadSourcesJob - Downloaded sources for org.slf4j:slf4j-api:2.0.16
2024-11-01 11:58:08,339 [Worker-42: Download sources and javadoc] INFO  o.e.m.c.i.e.AbstractTransferListenerAdapter - Downloading https://repo.maven.apache.org/maven2/jakarta/xml/bind/jakarta.xml.bind-api/4.0.2/jakarta.xml.bind-api-4.0.2-sources.jar
2024-11-01 11:58:08,389 [Worker-42: Download sources and javadoc] INFO  o.e.m.c.i.e.AbstractTransferListenerAdapter - Downloaded https://repo.maven.apache.org/maven2/jakarta/xml/bind/jakarta.xml.bind-api/4.0.2/jakarta.xml.bind-api-4.0.2-sources.jar
2024-11-01 11:58:08,391 [Worker-42: Download sources and javadoc] INFO  o.e.m.j.internal.DownloadSourcesJob - Downloaded sources for jakarta.xml.bind:jakarta.xml.bind-api:4.0.2
2024-11-01 11:58:08,459 [Worker-42: Download sources and javadoc] INFO  o.e.m.c.i.e.AbstractTransferListenerAdapter - Downloading https://repo.maven.apache.org/maven2/jakarta/activation/jakarta.activation-api/2.1.3/jakarta.activation-api-2.1.3-sources.jar
2024-11-01 11:58:08,490 [Worker-42: Download sources and javadoc] INFO  o.e.m.c.i.e.AbstractTransferListenerAdapter - Downloaded https://repo.maven.apache.org/maven2/jakarta/activation/jakarta.activation-api/2.1.3/jakarta.activation-api-2.1.3-sources.jar
2024-11-01 11:58:08,495 [Worker-42: Download sources and javadoc] INFO  o.e.m.j.internal.DownloadSourcesJob - Downloaded sources for jakarta.activation:jakarta.activation-api:2.1.3
2024-11-01 11:58:08,568 [Worker-42: Download sources and javadoc] INFO  o.e.m.c.i.e.AbstractTransferListenerAdapter - Downloading https://repo.maven.apache.org/maven2/net/minidev/json-smart/2.5.1/json-smart-2.5.1-sources.jar
2024-11-01 11:58:08,611 [Worker-42: Download sources and javadoc] INFO  o.e.m.c.i.e.AbstractTransferListenerAdapter - Downloaded https://repo.maven.apache.org/maven2/net/minidev/json-smart/2.5.1/json-smart-2.5.1-sources.jar
2024-11-01 11:58:08,613 [Worker-42: Download sources and javadoc] INFO  o.e.m.j.internal.DownloadSourcesJob - Downloaded sources for net.minidev:json-smart:2.5.1
2024-11-01 11:58:08,683 [Worker-42: Download sources and javadoc] INFO  o.e.m.c.i.e.AbstractTransferListenerAdapter - Downloading https://repo.maven.apache.org/maven2/net/minidev/accessors-smart/2.5.1/accessors-smart-2.5.1-sources.jar
2024-11-01 11:58:08,695 [Worker-42: Download sources and javadoc] INFO  o.e.m.c.i.e.AbstractTransferListenerAdapter - Downloaded https://repo.maven.apache.org/maven2/net/minidev/accessors-smart/2.5.1/accessors-smart-2.5.1-sources.jar
2024-11-01 11:58:08,697 [Worker-42: Download sources and javadoc] INFO  o.e.m.j.internal.DownloadSourcesJob - Downloaded sources for net.minidev:accessors-smart:2.5.1
2024-11-01 11:58:08,767 [Worker-42: Download sources and javadoc] INFO  o.e.m.c.i.e.AbstractTransferListenerAdapter - Downloading https://repo.maven.apache.org/maven2/org/ow2/asm/asm/9.6/asm-9.6-sources.jar
2024-11-01 11:58:08,834 [Worker-42: Download sources and javadoc] INFO  o.e.m.c.i.e.AbstractTransferListenerAdapter - Downloaded https://repo.maven.apache.org/maven2/org/ow2/asm/asm/9.6/asm-9.6-sources.jar
2024-11-01 11:58:08,837 [Worker-42: Download sources and javadoc] INFO  o.e.m.j.internal.DownloadSourcesJob - Downloaded sources for org.ow2.asm:asm:9.6
2024-11-01 11:58:08,912 [Worker-42: Download sources and javadoc] INFO  o.e.m.c.i.e.AbstractTransferListenerAdapter - Downloading https://repo.maven.apache.org/maven2/org/assertj/assertj-core/3.25.3/assertj-core-3.25.3-sources.jar
2024-11-01 11:58:09,018 [Worker-42: Download sources and javadoc] INFO  o.e.m.c.i.e.AbstractTransferListenerAdapter - Downloaded https://repo.maven.apache.org/maven2/org/assertj/assertj-core/3.25.3/assertj-core-3.25.3-sources.jar
2024-11-01 11:58:09,022 [Worker-42: Download sources and javadoc] INFO  o.e.m.j.internal.DownloadSourcesJob - Downloaded sources for org.assertj:assertj-core:3.25.3
2024-11-01 11:58:09,093 [Worker-42: Download sources and javadoc] INFO  o.e.m.c.i.e.AbstractTransferListenerAdapter - Downloading https://repo.maven.apache.org/maven2/net/bytebuddy/byte-buddy/1.14.19/byte-buddy-1.14.19-sources.jar
2024-11-01 11:58:09,214 [Worker-42: Download sources and javadoc] INFO  o.e.m.c.i.e.AbstractTransferListenerAdapter - Downloaded https://repo.maven.apache.org/maven2/net/bytebuddy/byte-buddy/1.14.19/byte-buddy-1.14.19-sources.jar
2024-11-01 11:58:09,217 [Worker-42: Download sources and javadoc] INFO  o.e.m.j.internal.DownloadSourcesJob - Downloaded sources for net.bytebuddy:byte-buddy:1.14.19
2024-11-01 11:58:09,296 [Worker-42: Download sources and javadoc] INFO  o.e.m.c.i.e.AbstractTransferListenerAdapter - Downloading https://repo.maven.apache.org/maven2/org/awaitility/awaitility/4.2.2/awaitility-4.2.2-sources.jar
2024-11-01 11:58:09,322 [Worker-42: Download sources and javadoc] INFO  o.e.m.c.i.e.AbstractTransferListenerAdapter - Downloaded https://repo.maven.apache.org/maven2/org/awaitility/awaitility/4.2.2/awaitility-4.2.2-sources.jar
2024-11-01 11:58:09,324 [Worker-42: Download sources and javadoc] INFO  o.e.m.j.internal.DownloadSourcesJob - Downloaded sources for org.awaitility:awaitility:4.2.2
2024-11-01 11:58:09,409 [Worker-42: Download sources and javadoc] INFO  o.e.m.c.i.e.AbstractTransferListenerAdapter - Downloading https://repo.maven.apache.org/maven2/org/hamcrest/hamcrest/2.2/hamcrest-2.2-sources.jar
2024-11-01 11:58:09,444 [Worker-42: Download sources and javadoc] INFO  o.e.m.c.i.e.AbstractTransferListenerAdapter - Downloaded https://repo.maven.apache.org/maven2/org/hamcrest/hamcrest/2.2/hamcrest-2.2-sources.jar
2024-11-01 11:58:09,446 [Worker-42: Download sources and javadoc] INFO  o.e.m.j.internal.DownloadSourcesJob - Downloaded sources for org.hamcrest:hamcrest:2.2
2024-11-01 11:58:09,527 [Worker-42: Download sources and javadoc] INFO  o.e.m.c.i.e.AbstractTransferListenerAdapter - Downloading https://repo.maven.apache.org/maven2/org/junit/jupiter/junit-jupiter/5.10.5/junit-jupiter-5.10.5-sources.jar
2024-11-01 11:58:09,531 [Worker-42: Download sources and javadoc] INFO  o.e.m.c.i.e.AbstractTransferListenerAdapter - Downloaded https://repo.maven.apache.org/maven2/org/junit/jupiter/junit-jupiter/5.10.5/junit-jupiter-5.10.5-sources.jar
2024-11-01 11:58:09,535 [Worker-42: Download sources and javadoc] INFO  o.e.m.j.internal.DownloadSourcesJob - Downloaded sources for org.junit.jupiter:junit-jupiter:5.10.5
2024-11-01 11:58:09,617 [Worker-42: Download sources and javadoc] INFO  o.e.m.c.i.e.AbstractTransferListenerAdapter - Downloading https://repo.maven.apache.org/maven2/org/junit/jupiter/junit-jupiter-api/5.10.5/junit-jupiter-api-5.10.5-sources.jar
2024-11-01 11:58:09,654 [Worker-42: Download sources and javadoc] INFO  o.e.m.c.i.e.AbstractTransferListenerAdapter - Downloaded https://repo.maven.apache.org/maven2/org/junit/jupiter/junit-jupiter-api/5.10.5/junit-jupiter-api-5.10.5-sources.jar
2024-11-01 11:58:09,657 [Worker-42: Download sources and javadoc] INFO  o.e.m.j.internal.DownloadSourcesJob - Downloaded sources for org.junit.jupiter:junit-jupiter-api:5.10.5
2024-11-01 11:58:09,726 [Worker-42: Download sources and javadoc] INFO  o.e.m.c.i.e.AbstractTransferListenerAdapter - Downloading https://repo.maven.apache.org/maven2/org/junit/platform/junit-platform-commons/1.10.5/junit-platform-commons-1.10.5-sources.jar
2024-11-01 11:58:09,759 [Worker-42: Download sources and javadoc] INFO  o.e.m.c.i.e.AbstractTransferListenerAdapter - Downloaded https://repo.maven.apache.org/maven2/org/junit/platform/junit-platform-commons/1.10.5/junit-platform-commons-1.10.5-sources.jar
2024-11-01 11:58:09,761 [Worker-42: Download sources and javadoc] INFO  o.e.m.j.internal.DownloadSourcesJob - Downloaded sources for org.junit.platform:junit-platform-commons:1.10.5
2024-11-01 11:58:09,855 [Worker-42: Download sources and javadoc] INFO  o.e.m.c.i.e.AbstractTransferListenerAdapter - Downloading https://repo.maven.apache.org/maven2/org/junit/jupiter/junit-jupiter-params/5.10.5/junit-jupiter-params-5.10.5-sources.jar
2024-11-01 11:58:09,879 [Worker-42: Download sources and javadoc] INFO  o.e.m.c.i.e.AbstractTransferListenerAdapter - Downloaded https://repo.maven.apache.org/maven2/org/junit/jupiter/junit-jupiter-params/5.10.5/junit-jupiter-params-5.10.5-sources.jar
2024-11-01 11:58:09,881 [Worker-42: Download sources and javadoc] INFO  o.e.m.j.internal.DownloadSourcesJob - Downloaded sources for org.junit.jupiter:junit-jupiter-params:5.10.5
2024-11-01 11:58:09,954 [Worker-42: Download sources and javadoc] INFO  o.e.m.c.i.e.AbstractTransferListenerAdapter - Downloading https://repo.maven.apache.org/maven2/org/junit/jupiter/junit-jupiter-engine/5.10.5/junit-jupiter-engine-5.10.5-sources.jar
2024-11-01 11:58:10,000 [Worker-42: Download sources and javadoc] INFO  o.e.m.c.i.e.AbstractTransferListenerAdapter - Downloaded https://repo.maven.apache.org/maven2/org/junit/jupiter/junit-jupiter-engine/5.10.5/junit-jupiter-engine-5.10.5-sources.jar
2024-11-01 11:58:10,003 [Worker-42: Download sources and javadoc] INFO  o.e.m.j.internal.DownloadSourcesJob - Downloaded sources for org.junit.jupiter:junit-jupiter-engine:5.10.5
2024-11-01 11:58:10,083 [Worker-42: Download sources and javadoc] INFO  o.e.m.c.i.e.AbstractTransferListenerAdapter - Downloading https://repo.maven.apache.org/maven2/org/junit/platform/junit-platform-engine/1.10.5/junit-platform-engine-1.10.5-sources.jar
2024-11-01 11:58:10,128 [Worker-42: Download sources and javadoc] INFO  o.e.m.c.i.e.AbstractTransferListenerAdapter - Downloaded https://repo.maven.apache.org/maven2/org/junit/platform/junit-platform-engine/1.10.5/junit-platform-engine-1.10.5-sources.jar
2024-11-01 11:58:10,130 [Worker-42: Download sources and javadoc] INFO  o.e.m.j.internal.DownloadSourcesJob - Downloaded sources for org.junit.platform:junit-platform-engine:1.10.5
2024-11-01 11:58:10,206 [Worker-42: Download sources and javadoc] INFO  o.e.m.c.i.e.AbstractTransferListenerAdapter - Downloading https://repo.maven.apache.org/maven2/org/mockito/mockito-core/5.11.0/mockito-core-5.11.0-sources.jar
2024-11-01 11:58:10,295 [Worker-42: Download sources and javadoc] INFO  o.e.m.c.i.e.AbstractTransferListenerAdapter - Downloaded https://repo.maven.apache.org/maven2/org/mockito/mockito-core/5.11.0/mockito-core-5.11.0-sources.jar
2024-11-01 11:58:10,297 [Worker-42: Download sources and javadoc] INFO  o.e.m.j.internal.DownloadSourcesJob - Downloaded sources for org.mockito:mockito-core:5.11.0
2024-11-01 11:58:10,374 [Worker-42: Download sources and javadoc] INFO  o.e.m.c.i.e.AbstractTransferListenerAdapter - Downloading https://repo.maven.apache.org/maven2/net/bytebuddy/byte-buddy-agent/1.14.19/byte-buddy-agent-1.14.19-sources.jar
2024-11-01 11:58:10,445 [Worker-42: Download sources and javadoc] INFO  o.e.m.c.i.e.AbstractTransferListenerAdapter - Downloaded https://repo.maven.apache.org/maven2/net/bytebuddy/byte-buddy-agent/1.14.19/byte-buddy-agent-1.14.19-sources.jar
2024-11-01 11:58:10,447 [Worker-42: Download sources and javadoc] INFO  o.e.m.j.internal.DownloadSourcesJob - Downloaded sources for net.bytebuddy:byte-buddy-agent:1.14.19
2024-11-01 11:58:10,514 [Worker-42: Download sources and javadoc] INFO  o.e.m.c.i.e.AbstractTransferListenerAdapter - Downloading https://repo.maven.apache.org/maven2/org/objenesis/objenesis/3.3/objenesis-3.3-sources.jar
2024-11-01 11:58:10,539 [Worker-42: Download sources and javadoc] INFO  o.e.m.c.i.e.AbstractTransferListenerAdapter - Downloaded https://repo.maven.apache.org/maven2/org/objenesis/objenesis/3.3/objenesis-3.3-sources.jar
2024-11-01 11:58:10,541 [Worker-42: Download sources and javadoc] INFO  o.e.m.j.internal.DownloadSourcesJob - Downloaded sources for org.objenesis:objenesis:3.3
2024-11-01 11:58:10,618 [Worker-42: Download sources and javadoc] INFO  o.e.m.c.i.e.AbstractTransferListenerAdapter - Downloading https://repo.maven.apache.org/maven2/org/mockito/mockito-junit-jupiter/5.11.0/mockito-junit-jupiter-5.11.0-sources.jar
2024-11-01 11:58:10,622 [Worker-42: Download sources and javadoc] INFO  o.e.m.c.i.e.AbstractTransferListenerAdapter - Downloaded https://repo.maven.apache.org/maven2/org/mockito/mockito-junit-jupiter/5.11.0/mockito-junit-jupiter-5.11.0-sources.jar
2024-11-01 11:58:10,627 [Worker-42: Download sources and javadoc] INFO  o.e.m.j.internal.DownloadSourcesJob - Downloaded sources for org.mockito:mockito-junit-jupiter:5.11.0
2024-11-01 11:58:10,713 [Worker-42: Download sources and javadoc] INFO  o.e.m.c.i.e.AbstractTransferListenerAdapter - Downloading https://repo.maven.apache.org/maven2/org/skyscreamer/jsonassert/1.5.3/jsonassert-1.5.3-sources.jar
2024-11-01 11:58:10,720 [Worker-42: Download sources and javadoc] INFO  o.e.m.c.i.e.AbstractTransferListenerAdapter - Downloaded https://repo.maven.apache.org/maven2/org/skyscreamer/jsonassert/1.5.3/jsonassert-1.5.3-sources.jar
2024-11-01 11:58:10,722 [Worker-42: Download sources and javadoc] INFO  o.e.m.j.internal.DownloadSourcesJob - Downloaded sources for org.skyscreamer:jsonassert:1.5.3
2024-11-01 11:58:10,805 [Worker-42: Download sources and javadoc] INFO  o.e.m.c.i.e.AbstractTransferListenerAdapter - Downloading https://repo.maven.apache.org/maven2/com/vaadin/external/google/android-json/0.0.20131108.vaadin1/android-json-0.0.20131108.vaadin1-sources.jar
2024-11-01 11:58:10,809 [Worker-42: Download sources and javadoc] INFO  o.e.m.c.i.e.AbstractTransferListenerAdapter - Downloaded https://repo.maven.apache.org/maven2/com/vaadin/external/google/android-json/0.0.20131108.vaadin1/android-json-0.0.20131108.vaadin1-sources.jar
2024-11-01 11:58:10,813 [Worker-42: Download sources and javadoc] INFO  o.e.m.j.internal.DownloadSourcesJob - Downloaded sources for com.vaadin.external.google:android-json:0.0.20131108.vaadin1
2024-11-01 11:58:10,892 [Worker-42: Download sources and javadoc] INFO  o.e.m.c.i.e.AbstractTransferListenerAdapter - Downloading https://repo.maven.apache.org/maven2/org/springframework/spring-core/6.1.14/spring-core-6.1.14-sources.jar
2024-11-01 11:58:11,017 [Worker-42: Download sources and javadoc] INFO  o.e.m.c.i.e.AbstractTransferListenerAdapter - Downloaded https://repo.maven.apache.org/maven2/org/springframework/spring-core/6.1.14/spring-core-6.1.14-sources.jar
2024-11-01 11:58:11,021 [Worker-42: Download sources and javadoc] INFO  o.e.m.j.internal.DownloadSourcesJob - Downloaded sources for org.springframework:spring-core:6.1.14
2024-11-01 11:58:11,105 [Worker-42: Download sources and javadoc] INFO  o.e.m.c.i.e.AbstractTransferListenerAdapter - Downloading https://repo.maven.apache.org/maven2/org/springframework/spring-jcl/6.1.14/spring-jcl-6.1.14-sources.jar
2024-11-01 11:58:11,108 [Worker-42: Download sources and javadoc] INFO  o.e.m.c.i.e.AbstractTransferListenerAdapter - Downloaded https://repo.maven.apache.org/maven2/org/springframework/spring-jcl/6.1.14/spring-jcl-6.1.14-sources.jar
2024-11-01 11:58:11,111 [Worker-42: Download sources and javadoc] INFO  o.e.m.j.internal.DownloadSourcesJob - Downloaded sources for org.springframework:spring-jcl:6.1.14
2024-11-01 11:58:11,183 [Worker-42: Download sources and javadoc] INFO  o.e.m.c.i.e.AbstractTransferListenerAdapter - Downloading https://repo.maven.apache.org/maven2/org/springframework/spring-test/6.1.14/spring-test-6.1.14-sources.jar
2024-11-01 11:58:11,286 [Worker-42: Download sources and javadoc] INFO  o.e.m.c.i.e.AbstractTransferListenerAdapter - Downloaded https://repo.maven.apache.org/maven2/org/springframework/spring-test/6.1.14/spring-test-6.1.14-sources.jar
2024-11-01 11:58:11,288 [Worker-42: Download sources and javadoc] INFO  o.e.m.j.internal.DownloadSourcesJob - Downloaded sources for org.springframework:spring-test:6.1.14
2024-11-01 11:58:11,360 [Worker-42: Download sources and javadoc] INFO  o.e.m.c.i.e.AbstractTransferListenerAdapter - Downloading https://repo.maven.apache.org/maven2/org/xmlunit/xmlunit-core/2.9.1/xmlunit-core-2.9.1-sources.jar
2024-11-01 11:58:11,395 [Worker-42: Download sources and javadoc] INFO  o.e.m.c.i.e.AbstractTransferListenerAdapter - Downloaded https://repo.maven.apache.org/maven2/org/xmlunit/xmlunit-core/2.9.1/xmlunit-core-2.9.1-sources.jar
2024-11-01 11:58:11,398 [Worker-42: Download sources and javadoc] INFO  o.e.m.j.internal.DownloadSourcesJob - Downloaded sources for org.xmlunit:xmlunit-core:2.9.1
2024-11-01 12:03:07,770 [Worker-48: Building] INFO  o.a.m.s.f.DefaultMavenResourcesFiltering - Copying 1 resource from src/main/resources to target/classes
2024-11-01 12:03:07,782 [Worker-48: Building] INFO  o.a.m.s.f.DefaultMavenResourcesFiltering - Copying 0 resource from src/main/resources to target/classes
2024-11-01 12:03:07,789 [Worker-48: Building] INFO  o.a.m.s.f.DefaultMavenResourcesFiltering - skip non existing resourceDirectory /Users/happinessndubisi/Documents/obsidi/workspace-academy-java/feedApp/src/test/resources
2024-11-01 12:12:21,480 [Worker-53: Updating Maven Project] INFO  o.e.m.c.i.p.ProjectConfigurationManager - Update started
2024-11-01 12:12:22,374 [Worker-53: Updating Maven Project] INFO  o.e.m.c.i.l.LifecycleMappingFactory - Using org.eclipse.m2e.jdt.JarLifecycleMapping lifecycle mapping for MavenProject: com.example:feedApp:0.0.1-SNAPSHOT @ /Users/happinessndubisi/Documents/obsidi/workspace-academy-java/feedApp/pom.xml.
2024-11-01 12:12:22,956 [Worker-53: Updating Maven Project] INFO  o.e.m.j.i.AbstractJavaProjectConfigurator - Adding source folder /feedApp/src/main/java
2024-11-01 12:12:22,957 [Worker-53: Updating Maven Project] INFO  o.e.m.j.i.AbstractJavaProjectConfigurator - Adding resource folder /feedApp/src/main/resources
2024-11-01 12:12:22,957 [Worker-53: Updating Maven Project] INFO  o.e.m.j.i.AbstractJavaProjectConfigurator - Adding resource folder /feedApp/src/main/resources
2024-11-01 12:12:22,957 [Worker-53: Updating Maven Project] INFO  o.e.m.j.i.AbstractJavaProjectConfigurator - Adding source folder /feedApp/src/test/java
2024-11-01 12:12:22,958 [Worker-53: Updating Maven Project] INFO  o.e.m.j.i.AbstractJavaProjectConfigurator - Adding resource folder /feedApp/src/test/resources
2024-11-01 12:12:23,823 [Worker-53: Updating Maven Project] INFO  o.e.m.c.i.p.ProjectConfigurationManager - Update completed for 1 poms: local refresh takes 0.00 sec, refresh facades takes 1.00 sec, update config takes 0.00 sec 
2024-11-01 12:12:24,989 [Worker-52: Building] INFO  o.a.m.s.f.DefaultMavenResourcesFiltering - Copying 1 resource from src/main/resources to target/classes
2024-11-01 12:12:25,020 [Worker-52: Building] INFO  o.a.m.s.f.DefaultMavenResourcesFiltering - Copying 0 resource from src/main/resources to target/classes
2024-11-01 12:12:25,032 [Worker-52: Building] INFO  o.a.m.s.f.DefaultMavenResourcesFiltering - skip non existing resourceDirectory /Users/happinessndubisi/Documents/obsidi/workspace-academy-java/feedApp/src/test/resources
2024-11-01 12:14:56,869 [Worker-53: Launching feedApp - FeedAppApplication] INFO  o.a.m.s.f.DefaultMavenResourcesFiltering - Copying 1 resource from src/main/resources to target/classes
2024-11-01 12:14:56,925 [Worker-53: Launching feedApp - FeedAppApplication] INFO  o.a.m.s.f.DefaultMavenResourcesFiltering - Copying 0 resource from src/main/resources to target/classes
2024-11-01 12:14:56,929 [Worker-53: Launching feedApp - FeedAppApplication] INFO  o.a.m.s.f.DefaultMavenResourcesFiltering - skip non existing resourceDirectory /Users/happinessndubisi/Documents/obsidi/workspace-academy-java/feedApp/src/test/resources
2024-11-01 12:35:26,472 [Worker-59: Building] INFO  o.a.m.s.f.DefaultMavenResourcesFiltering - Copying 1 resource from src/main/resources to target/classes
2024-11-01 12:35:26,594 [Worker-59: Building] INFO  o.a.m.s.f.DefaultMavenResourcesFiltering - Copying 0 resource from src/main/resources to target/classes
2024-11-01 12:35:26,616 [Worker-59: Building] INFO  o.a.m.s.f.DefaultMavenResourcesFiltering - skip non existing resourceDirectory /Users/happinessndubisi/Documents/obsidi/workspace-academy-java/feedApp/src/test/resources
2024-11-01 12:46:01,239 [Worker-62: Launching feedApp - FeedAppApplication] INFO  o.a.m.s.f.DefaultMavenResourcesFiltering - Copying 1 resource from src/main/resources to target/classes
2024-11-01 12:46:01,296 [Worker-62: Launching feedApp - FeedAppApplication] INFO  o.a.m.s.f.DefaultMavenResourcesFiltering - Copying 0 resource from src/main/resources to target/classes
2024-11-01 12:46:01,305 [Worker-62: Launching feedApp - FeedAppApplication] INFO  o.a.m.s.f.DefaultMavenResourcesFiltering - skip non existing resourceDirectory /Users/happinessndubisi/Documents/obsidi/workspace-academy-java/feedApp/src/test/resources
2024-11-01 14:20:55,748 [Worker-84: Launching feedApp - FeedAppApplication] INFO  o.a.m.s.f.DefaultMavenResourcesFiltering - Copying 1 resource from src/main/resources to target/classes
2024-11-01 14:20:55,794 [Worker-84: Launching feedApp - FeedAppApplication] INFO  o.a.m.s.f.DefaultMavenResourcesFiltering - Copying 0 resource from src/main/resources to target/classes
2024-11-01 14:20:55,805 [Worker-84: Launching feedApp - FeedAppApplication] INFO  o.a.m.s.f.DefaultMavenResourcesFiltering - skip non existing resourceDirectory /Users/happinessndubisi/Documents/obsidi/workspace-academy-java/feedApp/src/test/resources
2024-11-01 14:23:33,389 [Worker-82: Building] INFO  o.a.m.s.f.DefaultMavenResourcesFiltering - Copying 1 resource from src/main/resources to target/classes
2024-11-01 14:23:33,428 [Worker-82: Building] INFO  o.a.m.s.f.DefaultMavenResourcesFiltering - Copying 0 resource from src/main/resources to target/classes
2024-11-01 14:23:33,432 [Worker-82: Building] INFO  o.a.m.s.f.DefaultMavenResourcesFiltering - skip non existing resourceDirectory /Users/happinessndubisi/Documents/obsidi/workspace-academy-java/feedApp/src/test/resources
2024-11-01 14:24:07,003 [Worker-85: Updating Maven Project] INFO  o.e.m.c.i.p.ProjectConfigurationManager - Update started
2024-11-01 14:24:08,282 [Worker-85: Updating Maven Project] INFO  o.e.m.c.i.l.LifecycleMappingFactory - Using org.eclipse.m2e.jdt.JarLifecycleMapping lifecycle mapping for MavenProject: com.example:feedApp:0.0.1-SNAPSHOT @ /Users/happinessndubisi/Documents/obsidi/workspace-academy-java/feedApp/pom.xml.
2024-11-01 14:24:08,932 [Worker-85: Updating Maven Project] INFO  o.e.m.j.i.AbstractJavaProjectConfigurator - Adding source folder /feedApp/src/main/java
2024-11-01 14:24:08,934 [Worker-85: Updating Maven Project] INFO  o.e.m.j.i.AbstractJavaProjectConfigurator - Adding resource folder /feedApp/src/main/resources
2024-11-01 14:24:08,934 [Worker-85: Updating Maven Project] INFO  o.e.m.j.i.AbstractJavaProjectConfigurator - Adding resource folder /feedApp/src/main/resources
2024-11-01 14:24:08,935 [Worker-85: Updating Maven Project] INFO  o.e.m.j.i.AbstractJavaProjectConfigurator - Adding source folder /feedApp/src/test/java
2024-11-01 14:24:08,935 [Worker-85: Updating Maven Project] INFO  o.e.m.j.i.AbstractJavaProjectConfigurator - Adding resource folder /feedApp/src/test/resources
2024-11-01 14:24:09,160 [Worker-85: Updating Maven Project] INFO  o.e.m.c.i.p.ProjectConfigurationManager - Update completed for 1 poms: local refresh takes 0.00 sec, refresh facades takes 1.00 sec, update config takes 0.00 sec 
2024-11-01 14:24:09,825 [Worker-87: Building] INFO  o.a.m.s.f.DefaultMavenResourcesFiltering - Copying 1 resource from src/main/resources to target/classes
2024-11-01 14:24:09,850 [Worker-87: Building] INFO  o.a.m.s.f.DefaultMavenResourcesFiltering - Copying 0 resource from src/main/resources to target/classes
2024-11-01 14:24:09,866 [Worker-87: Building] INFO  o.a.m.s.f.DefaultMavenResourcesFiltering - skip non existing resourceDirectory /Users/happinessndubisi/Documents/obsidi/workspace-academy-java/feedApp/src/test/resources
2024-11-01 14:25:28,719 [Worker-87: Building] INFO  o.a.m.s.f.DefaultMavenResourcesFiltering - Copying 1 resource from src/main/resources to target/classes
2024-11-01 14:25:28,766 [Worker-87: Building] INFO  o.a.m.s.f.DefaultMavenResourcesFiltering - Copying 0 resource from src/main/resources to target/classes
2024-11-01 14:25:28,781 [Worker-87: Building] INFO  o.a.m.s.f.DefaultMavenResourcesFiltering - skip non existing resourceDirectory /Users/happinessndubisi/Documents/obsidi/workspace-academy-java/feedApp/src/test/resources
2024-11-01 14:25:41,112 [Worker-83: Building] INFO  o.a.m.s.f.DefaultMavenResourcesFiltering - Copying 1 resource from src/main/resources to target/classes
2024-11-01 14:25:41,149 [Worker-83: Building] INFO  o.a.m.s.f.DefaultMavenResourcesFiltering - Copying 0 resource from src/main/resources to target/classes
2024-11-01 14:25:41,154 [Worker-83: Building] INFO  o.a.m.s.f.DefaultMavenResourcesFiltering - skip non existing resourceDirectory /Users/happinessndubisi/Documents/obsidi/workspace-academy-java/feedApp/src/test/resources
2024-11-01 14:25:49,726 [Worker-81: Building] INFO  o.a.m.s.f.DefaultMavenResourcesFiltering - Copying 1 resource from src/main/resources to target/classes
2024-11-01 14:25:49,767 [Worker-81: Building] INFO  o.a.m.s.f.DefaultMavenResourcesFiltering - Copying 0 resource from src/main/resources to target/classes
2024-11-01 14:25:49,771 [Worker-81: Building] INFO  o.a.m.s.f.DefaultMavenResourcesFiltering - skip non existing resourceDirectory /Users/happinessndubisi/Documents/obsidi/workspace-academy-java/feedApp/src/test/resources
2024-11-01 14:26:03,613 [Worker-83: Building] INFO  o.a.m.s.f.DefaultMavenResourcesFiltering - Copying 1 resource from src/main/resources to target/classes
2024-11-01 14:26:03,653 [Worker-83: Building] INFO  o.a.m.s.f.DefaultMavenResourcesFiltering - Copying 0 resource from src/main/resources to target/classes
2024-11-01 14:26:03,660 [Worker-83: Building] INFO  o.a.m.s.f.DefaultMavenResourcesFiltering - skip non existing resourceDirectory /Users/happinessndubisi/Documents/obsidi/workspace-academy-java/feedApp/src/test/resources
2024-11-01 14:26:28,393 [Worker-82: Building] INFO  o.a.m.s.f.DefaultMavenResourcesFiltering - Copying 1 resource from src/main/resources to target/classes
2024-11-01 14:26:28,425 [Worker-82: Building] INFO  o.a.m.s.f.DefaultMavenResourcesFiltering - Copying 0 resource from src/main/resources to target/classes
2024-11-01 14:26:28,430 [Worker-82: Building] INFO  o.a.m.s.f.DefaultMavenResourcesFiltering - skip non existing resourceDirectory /Users/happinessndubisi/Documents/obsidi/workspace-academy-java/feedApp/src/test/resources
2024-11-01 14:26:38,253 [Worker-82: Building] INFO  o.a.m.s.f.DefaultMavenResourcesFiltering - Copying 1 resource from src/main/resources to target/classes
2024-11-01 14:26:38,274 [Worker-82: Building] INFO  o.a.m.s.f.DefaultMavenResourcesFiltering - Copying 0 resource from src/main/resources to target/classes
2024-11-01 14:26:38,280 [Worker-82: Building] INFO  o.a.m.s.f.DefaultMavenResourcesFiltering - skip non existing resourceDirectory /Users/happinessndubisi/Documents/obsidi/workspace-academy-java/feedApp/src/test/resources
2024-11-01 14:26:58,919 [Worker-81: Building] INFO  o.a.m.s.f.DefaultMavenResourcesFiltering - Copying 1 resource from src/main/resources to target/classes
2024-11-01 14:26:58,953 [Worker-81: Building] INFO  o.a.m.s.f.DefaultMavenResourcesFiltering - Copying 0 resource from src/main/resources to target/classes
2024-11-01 14:26:58,959 [Worker-81: Building] INFO  o.a.m.s.f.DefaultMavenResourcesFiltering - skip non existing resourceDirectory /Users/happinessndubisi/Documents/obsidi/workspace-academy-java/feedApp/src/test/resources
2024-11-01 14:27:08,974 [Worker-81: Building] INFO  o.a.m.s.f.DefaultMavenResourcesFiltering - Copying 1 resource from src/main/resources to target/classes
2024-11-01 14:27:09,000 [Worker-81: Building] INFO  o.a.m.s.f.DefaultMavenResourcesFiltering - Copying 0 resource from src/main/resources to target/classes
2024-11-01 14:27:09,004 [Worker-81: Building] INFO  o.a.m.s.f.DefaultMavenResourcesFiltering - skip non existing resourceDirectory /Users/happinessndubisi/Documents/obsidi/workspace-academy-java/feedApp/src/test/resources
2024-11-01 14:27:18,527 [Worker-87: Building] INFO  o.a.m.s.f.DefaultMavenResourcesFiltering - Copying 1 resource from src/main/resources to target/classes
2024-11-01 14:27:18,558 [Worker-87: Building] INFO  o.a.m.s.f.DefaultMavenResourcesFiltering - Copying 0 resource from src/main/resources to target/classes
2024-11-01 14:27:18,564 [Worker-87: Building] INFO  o.a.m.s.f.DefaultMavenResourcesFiltering - skip non existing resourceDirectory /Users/happinessndubisi/Documents/obsidi/workspace-academy-java/feedApp/src/test/resources
2024-11-01 14:28:00,295 [Worker-82: Building] INFO  o.a.m.s.f.DefaultMavenResourcesFiltering - Copying 1 resource from src/main/resources to target/classes
2024-11-01 14:28:00,345 [Worker-82: Building] INFO  o.a.m.s.f.DefaultMavenResourcesFiltering - Copying 0 resource from src/main/resources to target/classes
2024-11-01 14:28:00,349 [Worker-82: Building] INFO  o.a.m.s.f.DefaultMavenResourcesFiltering - skip non existing resourceDirectory /Users/happinessndubisi/Documents/obsidi/workspace-academy-java/feedApp/src/test/resources
2024-11-01 14:28:31,583 [Worker-87: Building] INFO  o.a.m.s.f.DefaultMavenResourcesFiltering - Copying 1 resource from src/main/resources to target/classes
2024-11-01 14:28:31,651 [Worker-87: Building] INFO  o.a.m.s.f.DefaultMavenResourcesFiltering - Copying 0 resource from src/main/resources to target/classes
2024-11-01 14:28:31,680 [Worker-87: Building] INFO  o.a.m.s.f.DefaultMavenResourcesFiltering - skip non existing resourceDirectory /Users/happinessndubisi/Documents/obsidi/workspace-academy-java/feedApp/src/test/resources
2024-11-01 14:29:05,316 [Worker-81: Building] INFO  o.a.m.s.f.DefaultMavenResourcesFiltering - Copying 1 resource from src/main/resources to target/classes
2024-11-01 14:29:05,377 [Worker-81: Building] INFO  o.a.m.s.f.DefaultMavenResourcesFiltering - Copying 0 resource from src/main/resources to target/classes
2024-11-01 14:29:05,382 [Worker-81: Building] INFO  o.a.m.s.f.DefaultMavenResourcesFiltering - skip non existing resourceDirectory /Users/happinessndubisi/Documents/obsidi/workspace-academy-java/feedApp/src/test/resources
2024-11-01 14:33:21,180 [Worker-89: Building] INFO  o.a.m.s.f.DefaultMavenResourcesFiltering - Copying 1 resource from src/main/resources to target/classes
2024-11-01 14:33:21,211 [Worker-89: Building] INFO  o.a.m.s.f.DefaultMavenResourcesFiltering - Copying 0 resource from src/main/resources to target/classes
2024-11-01 14:33:21,214 [Worker-89: Building] INFO  o.a.m.s.f.DefaultMavenResourcesFiltering - skip non existing resourceDirectory /Users/happinessndubisi/Documents/obsidi/workspace-academy-java/feedApp/src/test/resources
2024-11-01 14:36:12,735 [Worker-90: Building] INFO  o.a.m.s.f.DefaultMavenResourcesFiltering - Copying 1 resource from src/main/resources to target/classes
2024-11-01 14:36:12,775 [Worker-90: Building] INFO  o.a.m.s.f.DefaultMavenResourcesFiltering - Copying 0 resource from src/main/resources to target/classes
2024-11-01 14:36:12,803 [Worker-90: Building] INFO  o.a.m.s.f.DefaultMavenResourcesFiltering - skip non existing resourceDirectory /Users/happinessndubisi/Documents/obsidi/workspace-academy-java/feedApp/src/test/resources
2024-11-01 14:36:32,703 [Worker-89: Building] INFO  o.a.m.s.f.DefaultMavenResourcesFiltering - Copying 1 resource from src/main/resources to target/classes
2024-11-01 14:36:32,810 [Worker-89: Building] INFO  o.a.m.s.f.DefaultMavenResourcesFiltering - Copying 0 resource from src/main/resources to target/classes
2024-11-01 14:36:32,830 [Worker-89: Building] INFO  o.a.m.s.f.DefaultMavenResourcesFiltering - skip non existing resourceDirectory /Users/happinessndubisi/Documents/obsidi/workspace-academy-java/feedApp/src/test/resources
2024-11-01 14:38:47,087 [Worker-88: Building] INFO  o.a.m.s.f.DefaultMavenResourcesFiltering - Copying 1 resource from src/main/resources to target/classes
2024-11-01 14:38:47,167 [Worker-88: Building] INFO  o.a.m.s.f.DefaultMavenResourcesFiltering - Copying 0 resource from src/main/resources to target/classes
2024-11-01 14:38:47,173 [Worker-88: Building] INFO  o.a.m.s.f.DefaultMavenResourcesFiltering - skip non existing resourceDirectory /Users/happinessndubisi/Documents/obsidi/workspace-academy-java/feedApp/src/test/resources
2024-11-01 14:41:28,550 [Worker-82: Building] INFO  o.a.m.s.f.DefaultMavenResourcesFiltering - Copying 1 resource from src/main/resources to target/classes
2024-11-01 14:41:28,580 [Worker-82: Building] INFO  o.a.m.s.f.DefaultMavenResourcesFiltering - Copying 0 resource from src/main/resources to target/classes
2024-11-01 14:41:28,592 [Worker-82: Building] INFO  o.a.m.s.f.DefaultMavenResourcesFiltering - skip non existing resourceDirectory /Users/happinessndubisi/Documents/obsidi/workspace-academy-java/feedApp/src/test/resources
2024-11-01 14:44:22,967 [Worker-97: Building] INFO  o.a.m.s.f.DefaultMavenResourcesFiltering - Copying 1 resource from src/main/resources to target/classes
2024-11-01 14:44:23,000 [Worker-97: Building] INFO  o.a.m.s.f.DefaultMavenResourcesFiltering - Copying 0 resource from src/main/resources to target/classes
2024-11-01 14:44:23,019 [Worker-97: Building] INFO  o.a.m.s.f.DefaultMavenResourcesFiltering - skip non existing resourceDirectory /Users/happinessndubisi/Documents/obsidi/workspace-academy-java/feedApp/src/test/resources
2024-11-01 14:44:52,985 [Worker-96: Building] INFO  o.a.m.s.f.DefaultMavenResourcesFiltering - Copying 1 resource from src/main/resources to target/classes
2024-11-01 14:44:53,051 [Worker-96: Building] INFO  o.a.m.s.f.DefaultMavenResourcesFiltering - Copying 0 resource from src/main/resources to target/classes
2024-11-01 14:44:53,055 [Worker-96: Building] INFO  o.a.m.s.f.DefaultMavenResourcesFiltering - skip non existing resourceDirectory /Users/happinessndubisi/Documents/obsidi/workspace-academy-java/feedApp/src/test/resources
2024-11-01 14:45:29,389 [Worker-96: Updating Maven Project] INFO  o.e.m.c.i.p.ProjectConfigurationManager - Update started
2024-11-01 14:45:30,386 [Worker-96: Updating Maven Project] INFO  o.e.m.c.i.l.LifecycleMappingFactory - Using org.eclipse.m2e.jdt.JarLifecycleMapping lifecycle mapping for MavenProject: com.example:feedApp:0.0.1-SNAPSHOT @ /Users/happinessndubisi/Documents/obsidi/workspace-academy-java/feedApp/pom.xml.
2024-11-01 14:45:30,861 [Worker-96: Updating Maven Project] INFO  o.e.m.j.i.AbstractJavaProjectConfigurator - Adding source folder /feedApp/src/main/java
2024-11-01 14:45:30,861 [Worker-96: Updating Maven Project] INFO  o.e.m.j.i.AbstractJavaProjectConfigurator - Adding resource folder /feedApp/src/main/resources
2024-11-01 14:45:30,862 [Worker-96: Updating Maven Project] INFO  o.e.m.j.i.AbstractJavaProjectConfigurator - Adding resource folder /feedApp/src/main/resources
2024-11-01 14:45:30,862 [Worker-96: Updating Maven Project] INFO  o.e.m.j.i.AbstractJavaProjectConfigurator - Adding source folder /feedApp/src/test/java
2024-11-01 14:45:30,862 [Worker-96: Updating Maven Project] INFO  o.e.m.j.i.AbstractJavaProjectConfigurator - Adding resource folder /feedApp/src/test/resources
2024-11-01 14:45:31,136 [Worker-96: Updating Maven Project] INFO  o.e.m.c.i.p.ProjectConfigurationManager - Update completed for 1 poms: local refresh takes 0.00 sec, refresh facades takes 1.00 sec, update config takes 0.00 sec 
2024-11-01 14:45:32,137 [Worker-82: Building] INFO  o.a.m.s.f.DefaultMavenResourcesFiltering - Copying 1 resource from src/main/resources to target/classes
2024-11-01 14:45:32,177 [Worker-82: Building] INFO  o.a.m.s.f.DefaultMavenResourcesFiltering - Copying 0 resource from src/main/resources to target/classes
2024-11-01 14:45:32,199 [Worker-82: Building] INFO  o.a.m.s.f.DefaultMavenResourcesFiltering - skip non existing resourceDirectory /Users/happinessndubisi/Documents/obsidi/workspace-academy-java/feedApp/src/test/resources
2024-11-01 14:49:29,338 [Worker-93: Building] INFO  o.a.m.s.f.DefaultMavenResourcesFiltering - Copying 1 resource from src/main/resources to target/classes
2024-11-01 14:49:29,439 [Worker-93: Building] INFO  o.a.m.s.f.DefaultMavenResourcesFiltering - Copying 0 resource from src/main/resources to target/classes
2024-11-01 14:49:29,502 [Worker-93: Building] INFO  o.a.m.s.f.DefaultMavenResourcesFiltering - skip non existing resourceDirectory /Users/happinessndubisi/Documents/obsidi/workspace-academy-java/feedApp/src/test/resources
2024-11-01 14:49:45,538 [Worker-94: Building] INFO  o.a.m.s.f.DefaultMavenResourcesFiltering - Copying 1 resource from src/main/resources to target/classes
2024-11-01 14:49:45,606 [Worker-94: Building] INFO  o.a.m.s.f.DefaultMavenResourcesFiltering - Copying 0 resource from src/main/resources to target/classes
2024-11-01 14:49:45,620 [Worker-94: Building] INFO  o.a.m.s.f.DefaultMavenResourcesFiltering - skip non existing resourceDirectory /Users/happinessndubisi/Documents/obsidi/workspace-academy-java/feedApp/src/test/resources
2024-11-01 14:53:00,315 [Worker-103: Updating Maven Project] INFO  o.e.m.c.i.p.ProjectConfigurationManager - Update started
2024-11-01 14:53:01,246 [Worker-103: Updating Maven Project] INFO  o.e.m.c.i.l.LifecycleMappingFactory - Using org.eclipse.m2e.jdt.JarLifecycleMapping lifecycle mapping for MavenProject: com.example:feedApp:0.0.1-SNAPSHOT @ /Users/happinessndubisi/Documents/obsidi/workspace-academy-java/feedApp/pom.xml.
2024-11-01 14:53:01,738 [Worker-103: Updating Maven Project] INFO  o.e.m.j.i.AbstractJavaProjectConfigurator - Adding source folder /feedApp/src/main/java
2024-11-01 14:53:01,739 [Worker-103: Updating Maven Project] INFO  o.e.m.j.i.AbstractJavaProjectConfigurator - Adding resource folder /feedApp/src/main/resources
2024-11-01 14:53:01,740 [Worker-103: Updating Maven Project] INFO  o.e.m.j.i.AbstractJavaProjectConfigurator - Adding resource folder /feedApp/src/main/resources
2024-11-01 14:53:01,740 [Worker-103: Updating Maven Project] INFO  o.e.m.j.i.AbstractJavaProjectConfigurator - Adding source folder /feedApp/src/test/java
2024-11-01 14:53:01,740 [Worker-103: Updating Maven Project] INFO  o.e.m.j.i.AbstractJavaProjectConfigurator - Adding resource folder /feedApp/src/test/resources
2024-11-01 14:53:01,945 [Worker-103: Updating Maven Project] INFO  o.e.m.c.i.p.ProjectConfigurationManager - Update completed for 1 poms: local refresh takes 0.00 sec, refresh facades takes 1.00 sec, update config takes 0.00 sec 
2024-11-01 14:53:02,685 [Worker-106: Building] INFO  o.a.m.s.f.DefaultMavenResourcesFiltering - Copying 1 resource from src/main/resources to target/classes
2024-11-01 14:53:02,708 [Worker-106: Building] INFO  o.a.m.s.f.DefaultMavenResourcesFiltering - Copying 0 resource from src/main/resources to target/classes
2024-11-01 14:53:02,722 [Worker-106: Building] INFO  o.a.m.s.f.DefaultMavenResourcesFiltering - skip non existing resourceDirectory /Users/happinessndubisi/Documents/obsidi/workspace-academy-java/feedApp/src/test/resources
2024-11-01 14:59:02,046 [Worker-110: Building] INFO  o.a.m.s.f.DefaultMavenResourcesFiltering - Copying 1 resource from src/main/resources to target/classes
2024-11-01 14:59:02,312 [Worker-110: Building] INFO  o.a.m.s.f.DefaultMavenResourcesFiltering - Copying 0 resource from src/main/resources to target/classes
2024-11-01 14:59:02,327 [Worker-110: Building] INFO  o.a.m.s.f.DefaultMavenResourcesFiltering - skip non existing resourceDirectory /Users/happinessndubisi/Documents/obsidi/workspace-academy-java/feedApp/src/test/resources
